ISO-10303-21;
HEADER;
FILE_DESCRIPTION (( 'STEP AP214' ),
    '1' );
FILE_NAME ('ECS-327ATQMV-AS-TR.STEP',
    '2024-10-31T10:53:56',
    ( 'LENOVO' ),
    ( '' ),
    'SwSTEP 2.0',
    'SolidWorks 2021',
    '' );
FILE_SCHEMA (( 'AUTOMOTIVE_DESIGN' ));
ENDSEC;

DATA;
#1 =( NAMED_UNIT ( * ) PLANE_ANGLE_UNIT ( ) SI_UNIT ( $, .RADIAN. ) );
#2 = CARTESIAN_POINT ( 'NONE',  ( 1.539999999999999591, 0.000000000000000000, 0.4899999999999995470 ) ) ;
#3 = ADVANCED_FACE ( 'NONE', ( #3766 ), #369, .F. ) ;
#4 = VECTOR ( 'NONE', #518, 1000.000000000000000 ) ;
#5 = VERTEX_POINT ( 'NONE', #2856 ) ;
#6 = PRODUCT_RELATED_PRODUCT_CATEGORY ( 'part', '', ( #2351 ) ) ;
#7 = ORIENTED_EDGE ( 'NONE', *, *, #2837, .F. ) ;
#8 = EDGE_CURVE ( 'NONE', #831, #2546, #2385, .T. ) ;
#9 = LINE ( 'NONE', #247, #1403 ) ;
#10 = CARTESIAN_POINT ( 'NONE',  ( -1.399999999999999467, 0.4499999999999999001, -1.249999999999999778 ) ) ;
#11 = CARTESIAN_POINT ( 'NONE',  ( -1.599999999999999645, 0.6999999999999999556, 0.000000000000000000 ) ) ;
#12 = VECTOR ( 'NONE', #1049, 1000.000000000000000 ) ;
#13 = CARTESIAN_POINT ( 'NONE',  ( -1.599999999999999645, 0.4500000000000000111, 1.049999999999999822 ) ) ;
#14 = ORIENTED_EDGE ( 'NONE', *, *, #537, .T. ) ;
#15 = ORIENTED_EDGE ( 'NONE', *, *, #1997, .F. ) ;
#16 = AXIS2_PLACEMENT_3D ( 'NONE', #1342, #76, #1258 ) ;
#17 = VECTOR ( 'NONE', #1636, 1000.000000000000000 ) ;
#18 = DIRECTION ( 'NONE',  ( 0.000000000000000000, 0.000000000000000000, 1.000000000000000000 ) ) ;
#19 = LINE ( 'NONE', #243, #1473 ) ;
#20 = DIRECTION ( 'NONE',  ( -0.000000000000000000, -1.000000000000000000, -0.000000000000000000 ) ) ;
#21 = VERTEX_POINT ( 'NONE', #1471 ) ;
#22 = AXIS2_PLACEMENT_3D ( 'NONE', #2178, #2128, #4016 ) ;
#23 = AXIS2_PLACEMENT_3D ( 'NONE', #2552, #2873, #3205 ) ;
#24 = FACE_OUTER_BOUND ( 'NONE', #2601, .T. ) ;
#25 = VERTEX_POINT ( 'NONE', #1145 ) ;
#26 = ORIENTED_EDGE ( 'NONE', *, *, #3974, .F. ) ;
#27 = PLANE ( 'NONE',  #3800 ) ;
#28 = SURFACE_SIDE_STYLE ('',( #1898 ) ) ;
#29 = DIRECTION ( 'NONE',  ( -0.7071067811865474617, 0.000000000000000000, -0.7071067811865476838 ) ) ;
#30 = DIRECTION ( 'NONE',  ( 0.000000000000000000, 0.000000000000000000, -1.000000000000000000 ) ) ;
#31 = FILL_AREA_STYLE ('',( #3536 ) ) ;
#32 = CARTESIAN_POINT ( 'NONE',  ( 1.599999999999999645, 0.000000000000000000, 1.049999999999999822 ) ) ;
#33 = VECTOR ( 'NONE', #548, 1000.000000000000000 ) ;
#34 = AXIS2_PLACEMENT_3D ( 'NONE', #2070, #1785, #2118 ) ;
#35 = VERTEX_POINT ( 'NONE', #860 ) ;
#36 = ORIENTED_EDGE ( 'NONE', *, *, #2757, .T. ) ;
#37 = EDGE_CURVE ( 'NONE', #2811, #3904, #3757, .T. ) ;
#38 = PLANE ( 'NONE',  #3131 ) ;
#39 = DIRECTION ( 'NONE',  ( -0.000000000000000000, -1.000000000000000000, -0.000000000000000000 ) ) ;
#40 = ADVANCED_FACE ( 'NONE', ( #3692 ), #569, .F. ) ;
#41 = LINE ( 'NONE', #2984, #1466 ) ;
#42 = PLANE ( 'NONE',  #397 ) ;
#43 = ORIENTED_EDGE ( 'NONE', *, *, #4124, .F. ) ;
#44 = ORIENTED_EDGE ( 'NONE', *, *, #1856, .F. ) ;
#45 = EDGE_CURVE ( 'NONE', #739, #2957, #2469, .T. ) ;
#46 = LINE ( 'NONE', #2975, #1439 ) ;
#47 = CARTESIAN_POINT ( 'NONE',  ( 1.399999999999999689, 0.4500000000000000111, 1.249999999999999778 ) ) ;
#48 = VERTEX_POINT ( 'NONE', #3111 ) ;
#49 = ORIENTED_EDGE ( 'NONE', *, *, #2356, .F. ) ;
#50 = CYLINDRICAL_SURFACE ( 'NONE', #3427, 0.2000000000000000944 ) ;
#51 = DIRECTION ( 'NONE',  ( 0.000000000000000000, 0.000000000000000000, -1.000000000000000000 ) ) ;
#52 = EDGE_CURVE ( 'NONE', #2404, #48, #3745, .T. ) ;
#53 = DIRECTION ( 'NONE',  ( -1.000000000000000000, -0.000000000000000000, -0.000000000000000000 ) ) ;
#54 = CIRCLE ( 'NONE', #103, 0.04999999999999969746 ) ;
#55 = CARTESIAN_POINT ( 'NONE',  ( 1.539999999999999591, 0.000000000000000000, -0.4899999999999995470 ) ) ;
#56 = ORIENTED_EDGE ( 'NONE', *, *, #1800, .F. ) ;
#57 = DIRECTION ( 'NONE',  ( -0.000000000000000000, -1.000000000000000000, -0.000000000000000000 ) ) ;
#58 = LINE ( 'NONE', #655, #1448 ) ;
#59 = DIRECTION ( 'NONE',  ( -0.000000000000000000, 1.000000000000000000, -0.000000000000000000 ) ) ;
#60 = AXIS2_PLACEMENT_3D ( 'NONE', #3302, #2956, #2028 ) ;
#61 = CARTESIAN_POINT ( 'NONE',  ( 1.539999999999999591, 0.6999999999999999556, 0.3100000000000004419 ) ) ;
#62 = DIRECTION ( 'NONE',  ( -1.000000000000000000, -0.000000000000000000, 2.622662881087937378E-16 ) ) ;
#63 = EDGE_CURVE ( 'NONE', #1893, #3979, #2398, .T. ) ;
#64 = ADVANCED_FACE ( 'NONE', ( #3797 ), #3740, .T. ) ;
#65 = LINE ( 'NONE', #1567, #2807 ) ;
#66 = VERTEX_POINT ( 'NONE', #3524 ) ;
#67 = CIRCLE ( 'NONE', #370, 0.2000000000000000944 ) ;
#68 = DIRECTION ( 'NONE',  ( 0.000000000000000000, -1.000000000000000000, 0.000000000000000000 ) ) ;
#69 = AXIS2_PLACEMENT_3D ( 'NONE', #1935, #262, #932 ) ;
#70 = LINE ( 'NONE', #3863, #4 ) ;
#71 = CARTESIAN_POINT ( 'NONE',  ( 1.450000000000000622, 5.640054944640261247, -1.050000000000000266 ) ) ;
#72 = DIRECTION ( 'NONE',  ( 0.000000000000000000, -1.000000000000000000, 0.000000000000000000 ) ) ;
#73 = UNCERTAINTY_MEASURE_WITH_UNIT (LENGTH_MEASURE( 1.000000000000000082E-05 ), #515, 'distance_accuracy_value', 'NONE');
#74 = LINE ( 'NONE', #3839, #1459 ) ;
#75 = LINE ( 'NONE', #1378, #12 ) ;
#76 = DIRECTION ( 'NONE',  ( -0.000000000000000000, 1.000000000000000000, -0.000000000000000000 ) ) ;
#77 = AXIS2_PLACEMENT_3D ( 'NONE', #2020, #3588, #3895 ) ;
#78 = DIRECTION ( 'NONE',  ( 0.000000000000000000, -1.000000000000000000, 0.000000000000000000 ) ) ;
#79 = FACE_OUTER_BOUND ( 'NONE', #2285, .T. ) ;
#80 = EDGE_LOOP ( 'NONE', ( #1366, #695, #2257, #1277, #2143, #3840, #3153, #1830 ) ) ;
#81 = DIRECTION ( 'NONE',  ( 0.7071067811865501263, 0.000000000000000000, -0.7071067811865450192 ) ) ;
#82 = LINE ( 'NONE', #1940, #2861 ) ;
#83 = EDGE_CURVE ( 'NONE', #4057, #702, #949, .T. ) ;
#84 = DIRECTION ( 'NONE',  ( -0.000000000000000000, -1.000000000000000000, -0.000000000000000000 ) ) ;
#85 = CIRCLE ( 'NONE', #3790, 0.04999999999999969746 ) ;
#86 = VERTEX_POINT ( 'NONE', #973 ) ;
#87 = LINE ( 'NONE', #2551, #2855 ) ;
#88 = CARTESIAN_POINT ( 'NONE',  ( 1.500000000000000000, 1.700000000000000178, -1.076794919243111881 ) ) ;
#89 = DIRECTION ( 'NONE',  ( 1.000000000000000000, 0.000000000000000000, -0.000000000000000000 ) ) ;
#90 = ADVANCED_FACE ( 'NONE', ( #1019 ), #42, .F. ) ;
#91 = LINE ( 'NONE', #654, #1478 ) ;
#92 = VERTEX_POINT ( 'NONE', #1335 ) ;
#93 = EDGE_CURVE ( 'NONE', #595, #3395, #3807, .T. ) ;
#94 = CARTESIAN_POINT ( 'NONE',  ( -1.399999999999999467, 0.000000000000000000, 1.249999999999999778 ) ) ;
#95 = VECTOR ( 'NONE', #840, 1000.000000000000000 ) ;
#96 = DIRECTION ( 'NONE',  ( -0.000000000000000000, -1.000000000000000000, -0.000000000000000000 ) ) ;
#97 = VERTEX_POINT ( 'NONE', #1570 ) ;
#98 = EDGE_CURVE ( 'NONE', #4093, #1027, #3780, .T. ) ;
#99 = DIRECTION ( 'NONE',  ( -0.000000000000000000, -1.000000000000000000, -0.000000000000000000 ) ) ;
#100 = ADVANCED_FACE ( 'NONE', ( #941 ), #3166, .F. ) ;
#101 = CIRCLE ( 'NONE', #1829, 0.1249999999999998890 ) ;
#102 = EDGE_LOOP ( 'NONE', ( #1576, #3604, #642, #3638 ) ) ;
#103 = AXIS2_PLACEMENT_3D ( 'NONE', #302, #2116, #2529 ) ;
#104 = DIRECTION ( 'NONE',  ( -1.858632295689437187E-15, 0.000000000000000000, 1.000000000000000000 ) ) ;
#105 = ORIENTED_EDGE ( 'NONE', *, *, #2716, .F. ) ;
#106 = EDGE_CURVE ( 'NONE', #3628, #1743, #1042, .T. ) ;
#107 = CARTESIAN_POINT ( 'NONE',  ( 1.474999999999999645, 0.4500000000000000111, -1.249999999999999778 ) ) ;
#108 = PLANE ( 'NONE',  #3624 ) ;
#109 = VECTOR ( 'NONE', #1188, 1000.000000000000000 ) ;
#110 = ORIENTED_EDGE ( 'NONE', *, *, #2024, .F. ) ;
#111 = ORIENTED_EDGE ( 'NONE', *, *, #419, .T. ) ;
#112 = AXIS2_PLACEMENT_3D ( 'NONE', #1579, #3810, #667 ) ;
#113 = DIRECTION ( 'NONE',  ( 0.000000000000000000, 0.000000000000000000, -1.000000000000000000 ) ) ;
#114 = DIRECTION ( 'NONE',  ( 0.000000000000000000, 0.000000000000000000, 1.000000000000000000 ) ) ;
#115 = VECTOR ( 'NONE', #1582, 1000.000000000000000 ) ;
#116 = EDGE_LOOP ( 'NONE', ( #1668, #1853, #3809, #2788 ) ) ;
#117 = ORIENTED_EDGE ( 'NONE', *, *, #3193, .F. ) ;
#118 = VECTOR ( 'NONE', #1538, 1000.000000000000000 ) ;
#119 = ADVANCED_FACE ( 'NONE', ( #3772 ), #2406, .T. ) ;
#120 = LINE ( 'NONE', #389, #1492 ) ;
#121 = EDGE_CURVE ( 'NONE', #1225, #3497, #2425, .T. ) ;
#122 = SURFACE_SIDE_STYLE ('',( #4019 ) ) ;
#123 = ORIENTED_EDGE ( 'NONE', *, *, #45, .F. ) ;
#124 = ORIENTED_EDGE ( 'NONE', *, *, #2251, .T. ) ;
#125 = FACE_OUTER_BOUND ( 'NONE', #1494, .T. ) ;
#126 = EDGE_CURVE ( 'NONE', #4129, #2542, #1070, .T. ) ;
#127 = PLANE ( 'NONE',  #1425 ) ;
#128 = DIRECTION ( 'NONE',  ( -1.000000000000000000, 0.000000000000000000, 0.000000000000000000 ) ) ;
#129 = VERTEX_POINT ( 'NONE', #1584 ) ;
#130 = DIRECTION ( 'NONE',  ( -1.000000000000000000, 0.000000000000000000, -1.858632295689437187E-15 ) ) ;
#131 = ORIENTED_EDGE ( 'NONE', *, *, #2699, .T. ) ;
#132 = CARTESIAN_POINT ( 'NONE',  ( -1.474999999999999645, 0.4499999999999999001, 1.249999999999999778 ) ) ;
#133 = DIRECTION ( 'NONE',  ( 0.7071067811865489050, 0.000000000000000000, 0.7071067811865462405 ) ) ;
#134 = ADVANCED_FACE ( 'NONE', ( #1076 ), #1324, .T. ) ;
#135 = VECTOR ( 'NONE', #3421, 1000.000000000000000 ) ;
#136 = ORIENTED_EDGE ( 'NONE', *, *, #3842, .T. ) ;
#137 = VERTEX_POINT ( 'NONE', #1643 ) ;
#138 = CYLINDRICAL_SURFACE ( 'NONE', #1270, 0.04999999999999991257 ) ;
#139 = CARTESIAN_POINT ( 'NONE',  ( 1.426794919243112192, 1.700000000000000178, -1.149999999999999245 ) ) ;
#140 = EDGE_CURVE ( 'NONE', #3572, #1893, #2462, .T. ) ;
#141 = VECTOR ( 'NONE', #3211, 1000.000000000000000 ) ;
#142 = ORIENTED_EDGE ( 'NONE', *, *, #3767, .F. ) ;
#143 = LINE ( 'NONE', #1912, #2987 ) ;
#144 = DIRECTION ( 'NONE',  ( 0.000000000000000000, 0.000000000000000000, -1.000000000000000000 ) ) ;
#145 = EDGE_CURVE ( 'NONE', #645, #3497, #3725, .T. ) ;
#146 = VECTOR ( 'NONE', #2052, 1000.000000000000000 ) ;
#147 = CARTESIAN_POINT ( 'NONE',  ( 1.500000000000000666, 0.6999999999999999556, 1.050000000000000266 ) ) ;
#148 = VERTEX_POINT ( 'NONE', #3865 ) ;
#149 = ORIENTED_EDGE ( 'NONE', *, *, #3493, .F. ) ;
#150 = LINE ( 'NONE', #4107, #2994 ) ;
#151 = CARTESIAN_POINT ( 'NONE',  ( 1.499999999999999778, 0.4500000000000000111, 0.5999999999999996447 ) ) ;
#152 = AXIS2_PLACEMENT_3D ( 'NONE', #2922, #1967, #2896 ) ;
#153 = PLANE ( 'NONE',  #1468 ) ;
#154 = ADVANCED_FACE ( 'NONE', ( #2410 ), #3535, .F. ) ;
#155 = VECTOR ( 'NONE', #1165, 1000.000000000000000 ) ;
#156 = CARTESIAN_POINT ( 'NONE',  ( -0.5999999999999996447, 0.4499999999999999001, 0.4999999999999994449 ) ) ;
#157 = EDGE_LOOP ( 'NONE', ( #2755, #823, #3141, #874 ) ) ;
#158 = DIRECTION ( 'NONE',  ( 0.7071067811865489050, 0.000000000000000000, 0.7071067811865462405 ) ) ;
#159 = ORIENTED_EDGE ( 'NONE', *, *, #1129, .T. ) ;
#160 = CIRCLE ( 'NONE', #908, 0.2000000000000000944 ) ;
#161 = CARTESIAN_POINT ( 'NONE',  ( -1.499999999999999778, 0.4499999999999999001, 0.5999999999999993117 ) ) ;
#162 = CARTESIAN_POINT ( 'NONE',  ( 1.499999999999999778, 1.700000000000000178, 0.5999999999999996447 ) ) ;
#163 = AXIS2_PLACEMENT_3D ( 'NONE', #1665, #2038, #2659 ) ;
#164 = ORIENTED_EDGE ( 'NONE', *, *, #1864, .T. ) ;
#165 = ORIENTED_EDGE ( 'NONE', *, *, #1446, .F. ) ;
#166 = FACE_OUTER_BOUND ( 'NONE', #1228, .T. ) ;
#167 = CARTESIAN_POINT ( 'NONE',  ( 1.599999999999999645, 0.000000000000000000, -1.249999999999999778 ) ) ;
#168 = CARTESIAN_POINT ( 'NONE',  ( 1.400000000000000133, 0.9000000000000000222, 1.050000000000000266 ) ) ;
#169 = LINE ( 'NONE', #2272, #2990 ) ;
#170 = CARTESIAN_POINT ( 'NONE',  ( -1.599999999999999645, 0.000000000000000000, 1.125000000000000000 ) ) ;
#171 = ORIENTED_EDGE ( 'NONE', *, *, #1095, .T. ) ;
#172 = DIRECTION ( 'NONE',  ( 1.858632295689437187E-15, 0.000000000000000000, -1.000000000000000000 ) ) ;
#173 = AXIS2_PLACEMENT_3D ( 'NONE', #2606, #2894, #770 ) ;
#174 = CYLINDRICAL_SURFACE ( 'NONE', #2311, 0.2000000000000000944 ) ;
#175 = DIRECTION ( 'NONE',  ( 0.000000000000000000, -1.000000000000000000, 0.000000000000000000 ) ) ;
#176 = EDGE_CURVE ( 'NONE', #5, #3534, #3802, .T. ) ;
#177 = DIRECTION ( 'NONE',  ( 0.000000000000000000, 0.000000000000000000, -1.000000000000000000 ) ) ;
#178 = EDGE_LOOP ( 'NONE', ( #2641, #2678, #1720, #3946 ) ) ;
#179 = CYLINDRICAL_SURFACE ( 'NONE', #1776, 0.1999999999999998723 ) ;
#180 = CARTESIAN_POINT ( 'NONE',  ( 0.5999999999999999778, 1.700000000000000178, 1.149999999999999245 ) ) ;
#181 = LINE ( 'NONE', #3346, #2969 ) ;
#182 = CARTESIAN_POINT ( 'NONE',  ( -1.400000000000001021, 0.9000000000000000222, 1.050000000000000488 ) ) ;
#183 = ORIENTED_EDGE ( 'NONE', *, *, #3328, .F. ) ;
#184 = EDGE_CURVE ( 'NONE', #2811, #1976, #2442, .T. ) ;
#185 = CARTESIAN_POINT ( 'NONE',  ( -1.426794919243111970, 1.700000000000000178, 1.149999999999999245 ) ) ;
#186 = ORIENTED_EDGE ( 'NONE', *, *, #4124, .T. ) ;
#187 = VECTOR ( 'NONE', #3440, 1000.000000000000000 ) ;
#188 = PLANE ( 'NONE',  #3856 ) ;
#189 = VERTEX_POINT ( 'NONE', #424 ) ;
#190 = EDGE_CURVE ( 'NONE', #356, #189, #3824, .T. ) ;
#191 = ORIENTED_EDGE ( 'NONE', *, *, #4026, .T. ) ;
#192 = LINE ( 'NONE', #1520, #187 ) ;
#193 = DIRECTION ( 'NONE',  ( 0.000000000000000000, 0.000000000000000000, -1.000000000000000000 ) ) ;
#194 = DIRECTION ( 'NONE',  ( -5.004010026856177117E-16, 0.000000000000000000, 1.000000000000000000 ) ) ;
#195 = FACE_OUTER_BOUND ( 'NONE', #2151, .T. ) ;
#196 = ORIENTED_EDGE ( 'NONE', *, *, #2642, .F. ) ;
#197 = PRODUCT_DEFINITION_FORMATION_WITH_SPECIFIED_SOURCE ( 'ANY', '', #1975, .NOT_KNOWN. ) ;
#198 = CARTESIAN_POINT ( 'NONE',  ( -1.599999999999999645, 0.4499999999999999001, -1.249999999999999778 ) ) ;
#199 = ORIENTED_EDGE ( 'NONE', *, *, #3689, .T. ) ;
#200 = CARTESIAN_POINT ( 'NONE',  ( 1.400000000000000577, 1.700000000000000178, -0.4999999999999994449 ) ) ;
#201 = EDGE_CURVE ( 'NONE', #2871, #1865, #3821, .T. ) ;
#202 = CIRCLE ( 'NONE', #3985, 0.04999999999999991257 ) ;
#203 = CARTESIAN_POINT ( 'NONE',  ( 1.474999999999999645, 0.000000000000000000, -1.249999999999999778 ) ) ;
#204 = DIRECTION ( 'NONE',  ( 0.000000000000000000, 0.000000000000000000, 1.000000000000000000 ) ) ;
#205 = AXIS2_PLACEMENT_3D ( 'NONE', #648, #394, #726 ) ;
#206 = VECTOR ( 'NONE', #1167, 1000.000000000000000 ) ;
#207 = DIRECTION ( 'NONE',  ( 0.000000000000000000, -1.000000000000000000, 0.000000000000000000 ) ) ;
#208 = CARTESIAN_POINT ( 'NONE',  ( 1.539999999999999591, 0.000000000000000000, -0.4899999999999996581 ) ) ;
#209 = LINE ( 'NONE', #3012, #232 ) ;
#210 = PLANE ( 'NONE',  #2430 ) ;
#211 = CARTESIAN_POINT ( 'NONE',  ( 1.599999999999999645, 0.4500000000000000111, 1.049999999999999822 ) ) ;
#212 = VERTEX_POINT ( 'NONE', #735 ) ;
#213 = STYLED_ITEM ( 'NONE', ( #1383 ), #2322 ) ;
#214 = DIRECTION ( 'NONE',  ( 1.000000000000000000, -0.000000000000000000, 2.065146995210483462E-16 ) ) ;
#215 = LINE ( 'NONE', #2556, #270 ) ;
#216 = AXIS2_PLACEMENT_3D ( 'NONE', #2476, #2503, #2799 ) ;
#217 = ORIENTED_EDGE ( 'NONE', *, *, #722, .F. ) ;
#218 = EDGE_LOOP ( 'NONE', ( #2249, #1467, #3566, #3408, #1596, #2042, #164, #1588, #3377, #3347 ) ) ;
#219 = LINE ( 'NONE', #601, #118 ) ;
#220 = CARTESIAN_POINT ( 'NONE',  ( -1.599999999999999645, 0.6999999999999999556, -1.250000000000000222 ) ) ;
#221 = PLANE ( 'NONE',  #3464 ) ;
#222 =( REPRESENTATION_RELATIONSHIP ('NONE','NONE', #2496, #2317 ) REPRESENTATION_RELATIONSHIP_WITH_TRANSFORMATION ( #2018 )SHAPE_REPRESENTATION_RELATIONSHIP( ) );
#223 = FACE_OUTER_BOUND ( 'NONE', #102, .T. ) ;
#224 = CARTESIAN_POINT ( 'NONE',  ( 1.600000000000000533, 0.6999999999999999556, 0.000000000000000000 ) ) ;
#225 = EDGE_CURVE ( 'NONE', #189, #1532, #3831, .T. ) ;
#226 = ORIENTED_EDGE ( 'NONE', *, *, #1352, .F. ) ;
#227 = CARTESIAN_POINT ( 'NONE',  ( -1.426794919243111970, 0.000000000000000000, -1.149999999999999689 ) ) ;
#228 = EDGE_LOOP ( 'NONE', ( #1170, #676, #2103, #866 ) ) ;
#229 = LINE ( 'NONE', #1218, #1504 ) ;
#230 = DIRECTION ( 'NONE',  ( -0.000000000000000000, -1.000000000000000000, -0.000000000000000000 ) ) ;
#231 = EDGE_CURVE ( 'NONE', #2084, #3737, #3698, .T. ) ;
#232 = VECTOR ( 'NONE', #2480, 1000.000000000000000 ) ;
#233 = CARTESIAN_POINT ( 'NONE',  ( 1.426794919243111970, 0.000000000000000000, 1.149999999999999689 ) ) ;
#234 = DIRECTION ( 'NONE',  ( -0.000000000000000000, -1.000000000000000000, -0.000000000000000000 ) ) ;
#235 = ORIENTED_EDGE ( 'NONE', *, *, #2299, .F. ) ;
#236 = CIRCLE ( 'NONE', #3474, 0.1249999999999996808 ) ;
#237 = DIRECTION ( 'NONE',  ( -1.000000000000000000, -0.000000000000000000, 2.622662881087937378E-16 ) ) ;
#238 = EDGE_CURVE ( 'NONE', #3259, #775, #2339, .T. ) ;
#239 = CARTESIAN_POINT ( 'NONE',  ( 1.600000000000000533, 0.6999999999999999556, -1.125000000000000444 ) ) ;
#240 = VECTOR ( 'NONE', #335, 1000.000000000000000 ) ;
#241 = VERTEX_POINT ( 'NONE', #3213 ) ;
#242 = CARTESIAN_POINT ( 'NONE',  ( -1.499999999999999556, 0.000000000000000000, -0.5999999999999995337 ) ) ;
#243 = CARTESIAN_POINT ( 'NONE',  ( -1.599999999999999645, 0.000000000000000000, 1.049999999999999822 ) ) ;
#244 = CARTESIAN_POINT ( 'NONE',  ( -1.599999999999999645, 0.4500000000000000111, -1.049999999999999822 ) ) ;
#245 = ORIENTED_EDGE ( 'NONE', *, *, #848, .T. ) ;
#246 = VECTOR ( 'NONE', #3266, 1000.000000000000000 ) ;
#247 = CARTESIAN_POINT ( 'NONE',  ( 0.5999999999999996447, 0.4500000000000000111, 0.4999999999999994449 ) ) ;
#248 = DIRECTION ( 'NONE',  ( 2.065146995210483462E-16, 0.000000000000000000, -1.000000000000000000 ) ) ;
#249 = EDGE_CURVE ( 'NONE', #590, #2300, #2353, .T. ) ;
#250 = EDGE_LOOP ( 'NONE', ( #905, #1512, #803, #305 ) ) ;
#251 = ORIENTED_EDGE ( 'NONE', *, *, #3356, .F. ) ;
#252 = LINE ( 'NONE', #1703, #1633 ) ;
#253 = DIRECTION ( 'NONE',  ( 1.000000000000000000, 0.000000000000000000, 0.000000000000000000 ) ) ;
#254 = STYLED_ITEM ( 'NONE', ( #3245 ), #2940 ) ;
#255 = EDGE_CURVE ( 'NONE', #682, #3126, #997, .T. ) ;
#256 = PLANE ( 'NONE',  #2182 ) ;
#257 = ORIENTED_EDGE ( 'NONE', *, *, #2254, .F. ) ;
#258 = ORIENTED_EDGE ( 'NONE', *, *, #2169, .T. ) ;
#259 = PLANE ( 'NONE',  #972 ) ;
#260 = AXIS2_PLACEMENT_3D ( 'NONE', #3834, #589, #960 ) ;
#261 = FACE_OUTER_BOUND ( 'NONE', #3422, .T. ) ;
#262 = DIRECTION ( 'NONE',  ( 0.000000000000000000, -1.000000000000000000, 0.000000000000000000 ) ) ;
#263 = CARTESIAN_POINT ( 'NONE',  ( -1.599999999999999645, 0.6999999999999999556, 1.249999999999999778 ) ) ;
#264 = ORIENTED_EDGE ( 'NONE', *, *, #93, .T. ) ;
#265 = ORIENTED_EDGE ( 'NONE', *, *, #3689, .F. ) ;
#266 = LINE ( 'NONE', #3467, #1756 ) ;
#267 = DIRECTION ( 'NONE',  ( 0.000000000000000000, 0.000000000000000000, -1.000000000000000000 ) ) ;
#268 = CARTESIAN_POINT ( 'NONE',  ( -1.599999999999999645, 1.700000000000000178, -1.125000000000000222 ) ) ;
#269 = DIRECTION ( 'NONE',  ( -1.000000000000000000, 0.000000000000000000, 0.000000000000000000 ) ) ;
#270 = VECTOR ( 'NONE', #3595, 1000.000000000000000 ) ;
#271 = DIRECTION ( 'NONE',  ( -0.000000000000000000, -1.000000000000000000, -0.000000000000000000 ) ) ;
#272 = DIRECTION ( 'NONE',  ( 0.000000000000000000, 0.000000000000000000, -1.000000000000000000 ) ) ;
#273 = ORIENTED_EDGE ( 'NONE', *, *, #848, .F. ) ;
#274 = VECTOR ( 'NONE', #3761, 1000.000000000000000 ) ;
#275 = CARTESIAN_POINT ( 'NONE',  ( -0.5999999999999996447, 1.700000000000000178, 0.4999999999999994449 ) ) ;
#276 = ORIENTED_EDGE ( 'NONE', *, *, #1253, .F. ) ;
#277 = AXIS2_PLACEMENT_3D ( 'NONE', #3048, #3378, #3679 ) ;
#278 = DIRECTION ( 'NONE',  ( -0.000000000000000000, -1.000000000000000000, -0.000000000000000000 ) ) ;
#279 = CARTESIAN_POINT ( 'NONE',  ( -1.450000000000001288, 5.640054944640261247, 1.050000000000000488 ) ) ;
#280 = FACE_OUTER_BOUND ( 'NONE', #3399, .T. ) ;
#281 = VERTEX_POINT ( 'NONE', #2931 ) ;
#282 = VERTEX_POINT ( 'NONE', #1966 ) ;
#283 = CIRCLE ( 'NONE', #2980, 0.2000000000000000944 ) ;
#284 = EDGE_LOOP ( 'NONE', ( #3250, #966, #245, #3080, #1157, #2449, #610, #3005, #948, #14, #1921 ) ) ;
#285 = FACE_OUTER_BOUND ( 'NONE', #3748, .T. ) ;
#286 = ORIENTED_EDGE ( 'NONE', *, *, #8, .T. ) ;
#287 = DIRECTION ( 'NONE',  ( 1.000000000000000000, -0.000000000000000000, 0.000000000000000000 ) ) ;
#288 = LINE ( 'NONE', #869, #3064 ) ;
#289 = ORIENTED_EDGE ( 'NONE', *, *, #3404, .T. ) ;
#290 = ADVANCED_FACE ( 'NONE', ( #2345 ), #3557, .F. ) ;
#291 = CARTESIAN_POINT ( 'NONE',  ( -1.539999999999999591, 0.000000000000000000, 0.3100000000000004419 ) ) ;
#292 = SURFACE_STYLE_USAGE ( .BOTH. , #28 ) ;
#293 = DIRECTION ( 'NONE',  ( 1.204669080539455309E-15, 0.000000000000000000, -1.000000000000000000 ) ) ;
#294 = EDGE_CURVE ( 'NONE', #2506, #402, #962, .T. ) ;
#295 = ORIENTED_EDGE ( 'NONE', *, *, #1452, .T. ) ;
#296 = FACE_OUTER_BOUND ( 'NONE', #3590, .T. ) ;
#297 = DIRECTION ( 'NONE',  ( 0.000000000000000000, 0.000000000000000000, 1.000000000000000000 ) ) ;
#298 = CARTESIAN_POINT ( 'NONE',  ( -1.499999999999999778, 0.6999999999999999556, -1.050000000000000266 ) ) ;
#299 = ORIENTED_EDGE ( 'NONE', *, *, #3443, .F. ) ;
#300 = VECTOR ( 'NONE', #1314, 1000.000000000000000 ) ;
#301 = DIRECTION ( 'NONE',  ( 0.000000000000000000, -1.000000000000000000, 0.000000000000000000 ) ) ;
#302 = CARTESIAN_POINT ( 'NONE',  ( 1.400000000000000577, 1.000000000000000000, 1.050000000000000488 ) ) ;
#303 = ORIENTED_EDGE ( 'NONE', *, *, #3642, .T. ) ;
#304 = EDGE_CURVE ( 'NONE', #3310, #2943, #3718, .T. ) ;
#305 = ORIENTED_EDGE ( 'NONE', *, *, #614, .F. ) ;
#306 = CARTESIAN_POINT ( 'NONE',  ( -1.399999999999999467, 1.700000000000000178, -1.249999999999999778 ) ) ;
#307 = CIRCLE ( 'NONE', #1768, 0.1249999999999996808 ) ;
#308 = ORIENTED_EDGE ( 'NONE', *, *, #2997, .T. ) ;
#309 = ORIENTED_EDGE ( 'NONE', *, *, #2451, .F. ) ;
#310 = AXIS2_PLACEMENT_3D ( 'NONE', #3586, #3340, #2602 ) ;
#311 = EDGE_LOOP ( 'NONE', ( #1861, #2649, #901, #1374 ) ) ;
#312 = CARTESIAN_POINT ( 'NONE',  ( 1.400000000000000355, 0.4499999999999999001, 0.4999999999999995559 ) ) ;
#313 = EDGE_CURVE ( 'NONE', #4021, #2998, #2359, .T. ) ;
#314 = CARTESIAN_POINT ( 'NONE',  ( -1.599999999999999645, 0.6999999999999999556, -1.250000000000000222 ) ) ;
#315 = ADVANCED_FACE ( 'NONE', ( #981 ), #1722, .F. ) ;
#316 = ORIENTED_EDGE ( 'NONE', *, *, #1831, .T. ) ;
#317 = CLOSED_SHELL ( 'NONE', ( #119, #3870, #751, #3960, #2682, #1185, #467, #2065, #3972, #3308, #2710, #2384 ) ) ;
#318 = CYLINDRICAL_SURFACE ( 'NONE', #2485, 0.1000000000000000472 ) ;
#319 = AXIS2_PLACEMENT_3D ( 'NONE', #1502, #2409, #3999 ) ;
#320 = VERTEX_POINT ( 'NONE', #2290 ) ;
#321 = DIRECTION ( 'NONE',  ( -0.000000000000000000, 1.000000000000000000, -0.000000000000000000 ) ) ;
#322 = DIRECTION ( 'NONE',  ( 0.000000000000000000, 0.000000000000000000, -1.000000000000000000 ) ) ;
#323 = CARTESIAN_POINT ( 'NONE',  ( 0.000000000000000000, 0.000000000000000000, 0.000000000000000000 ) ) ;
#324 = ORIENTED_EDGE ( 'NONE', *, *, #1087, .F. ) ;
#325 = CARTESIAN_POINT ( 'NONE',  ( -0.5999999999999999778, 1.700000000000000178, 1.149999999999999023 ) ) ;
#326 = EDGE_LOOP ( 'NONE', ( #838, #299, #1794, #2292 ) ) ;
#327 = VECTOR ( 'NONE', #2365, 1000.000000000000000 ) ;
#328 = CARTESIAN_POINT ( 'NONE',  ( 1.599999999999999645, 0.4500000000000000111, 1.249999999999999778 ) ) ;
#329 = DIRECTION ( 'NONE',  ( 0.000000000000000000, -0.000000000000000000, -1.000000000000000000 ) ) ;
#330 = ORIENTED_EDGE ( 'NONE', *, *, #2218, .F. ) ;
#331 = LINE ( 'NONE', #2173, #377 ) ;
#332 = MECHANICAL_DESIGN_GEOMETRIC_PRESENTATION_REPRESENTATION (  '', ( #1437 ), #2105 ) ;
#333 = VERTEX_POINT ( 'NONE', #1021 ) ;
#334 = CARTESIAN_POINT ( 'NONE',  ( -0.5999999999999996447, 0.4500000000000000111, -1.149999999999999467 ) ) ;
#335 = DIRECTION ( 'NONE',  ( 0.000000000000000000, 0.000000000000000000, -1.000000000000000000 ) ) ;
#336 = VERTEX_POINT ( 'NONE', #107 ) ;
#337 = LINE ( 'NONE', #2549, #342 ) ;
#338 = ORIENTED_EDGE ( 'NONE', *, *, #1754, .T. ) ;
#339 = EDGE_CURVE ( 'NONE', #1020, #3366, #3150, .T. ) ;
#340 = ORIENTED_EDGE ( 'NONE', *, *, #2953, .F. ) ;
#341 = ORIENTED_EDGE ( 'NONE', *, *, #2690, .F. ) ;
#342 = VECTOR ( 'NONE', #3513, 1000.000000000000000 ) ;
#343 = VERTEX_POINT ( 'NONE', #3814 ) ;
#344 = DIRECTION ( 'NONE',  ( -0.000000000000000000, 0.000000000000000000, -1.000000000000000000 ) ) ;
#345 = ADVANCED_FACE ( 'NONE', ( #3156 ), #3045, .T. ) ;
#346 = DIRECTION ( 'NONE',  ( -1.000000000000000000, -0.000000000000000000, -0.000000000000000000 ) ) ;
#347 = EDGE_CURVE ( 'NONE', #1945, #3065, #403, .T. ) ;
#348 = LINE ( 'NONE', #2804, #1680 ) ;
#349 = CARTESIAN_POINT ( 'NONE',  ( 1.400000000000000133, 0.9000000000000000222, 1.150000000000000355 ) ) ;
#350 = ORIENTED_EDGE ( 'NONE', *, *, #3540, .T. ) ;
#351 = CYLINDRICAL_SURFACE ( 'NONE', #3342, 0.1249999999999998890 ) ;
#352 = DIRECTION ( 'NONE',  ( 0.000000000000000000, 0.000000000000000000, -1.000000000000000000 ) ) ;
#353 = EDGE_CURVE ( 'NONE', #92, #1027, #337, .T. ) ;
#354 = DIRECTION ( 'NONE',  ( -0.000000000000000000, 1.000000000000000000, 0.000000000000000000 ) ) ;
#355 = DIRECTION ( 'NONE',  ( 0.000000000000000000, -0.000000000000000000, 1.000000000000000000 ) ) ;
#356 = VERTEX_POINT ( 'NONE', #2 ) ;
#357 = VECTOR ( 'NONE', #2191, 1000.000000000000000 ) ;
#358 = SURFACE_SIDE_STYLE ('',( #1527 ) ) ;
#359 = DIRECTION ( 'NONE',  ( -0.000000000000000000, 1.000000000000000000, -0.000000000000000000 ) ) ;
#360 = EDGE_LOOP ( 'NONE', ( #1202, #3225, #56, #3447, #1609, #4006 ) ) ;
#361 = AXIS2_PLACEMENT_3D ( 'NONE', #1671, #1075, #1405 ) ;
#362 = VECTOR ( 'NONE', #2776, 1000.000000000000114 ) ;
#363 = EDGE_CURVE ( 'NONE', #1657, #668, #1775, .T. ) ;
#364 = DIRECTION ( 'NONE',  ( -0.7071067811865497932, 0.000000000000000000, 0.7071067811865452413 ) ) ;
#365 = CARTESIAN_POINT ( 'NONE',  ( -1.539999999999999591, 0.000000000000000000, 0.3100000000000004419 ) ) ;
#366 = EDGE_LOOP ( 'NONE', ( #2166, #2074, #226, #3910 ) ) ;
#367 = VECTOR ( 'NONE', #2555, 1000.000000000000000 ) ;
#368 = ADVANCED_FACE ( 'NONE', ( #393 ), #188, .F. ) ;
#369 = PLANE ( 'NONE',  #1230 ) ;
#370 = AXIS2_PLACEMENT_3D ( 'NONE', #748, #2044, #297 ) ;
#371 = EDGE_LOOP ( 'NONE', ( #2720, #1631, #2082, #2677 ) ) ;
#372 = VERTEX_POINT ( 'NONE', #132 ) ;
#373 = VECTOR ( 'NONE', #1215, 1000.000000000000000 ) ;
#374 = ORIENTED_EDGE ( 'NONE', *, *, #3934, .T. ) ;
#375 = CARTESIAN_POINT ( 'NONE',  ( 1.500000000000000000, 0.000000000000000000, -1.076794919243111881 ) ) ;
#376 = DIRECTION ( 'NONE',  ( -0.000000000000000000, -1.000000000000000000, -0.000000000000000000 ) ) ;
#377 = VECTOR ( 'NONE', #2422, 1000.000000000000114 ) ;
#378 = MECHANICAL_DESIGN_GEOMETRIC_PRESENTATION_REPRESENTATION (  '', ( #213 ), #3020 ) ;
#379 = ORIENTED_EDGE ( 'NONE', *, *, #3264, .T. ) ;
#380 = CARTESIAN_POINT ( 'NONE',  ( -1.599999999999999645, 0.4499999999999999001, -1.249999999999999778 ) ) ;
#381 = EDGE_LOOP ( 'NONE', ( #3274, #124, #3685, #477 ) ) ;
#382 = VECTOR ( 'NONE', #3293, 1000.000000000000000 ) ;
#383 = ORIENTED_EDGE ( 'NONE', *, *, #3465, .T. ) ;
#384 = DIRECTION ( 'NONE',  ( -1.000000000000000000, -0.000000000000000000, 0.000000000000000000 ) ) ;
#385 = ADVANCED_FACE ( 'NONE', ( #1690 ), #351, .F. ) ;
#386 = SURFACE_SIDE_STYLE ('',( #1274 ) ) ;
#387 = UNCERTAINTY_MEASURE_WITH_UNIT (LENGTH_MEASURE( 1.000000000000000082E-05 ), #993, 'distance_accuracy_value', 'NONE');
#388 = LINE ( 'NONE', #3068, #3072 ) ;
#389 = CARTESIAN_POINT ( 'NONE',  ( 1.500000000000000444, 0.9000000000000000222, -1.050000000000000266 ) ) ;
#390 = VERTEX_POINT ( 'NONE', #1033 ) ;
#391 = CARTESIAN_POINT ( 'NONE',  ( -0.5999999999999996447, 1.700000000000000178, -1.149999999999999467 ) ) ;
#392 = VERTEX_POINT ( 'NONE', #1625 ) ;
#393 = FACE_OUTER_BOUND ( 'NONE', #3044, .T. ) ;
#394 = DIRECTION ( 'NONE',  ( 0.000000000000000000, 0.000000000000000000, 1.000000000000000000 ) ) ;
#395 = PLANE ( 'NONE',  #23 ) ;
#396 = ORIENTED_EDGE ( 'NONE', *, *, #2210, .T. ) ;
#397 = AXIS2_PLACEMENT_3D ( 'NONE', #3472, #709, #3768 ) ;
#398 = ORIENTED_EDGE ( 'NONE', *, *, #2335, .F. ) ;
#399 = EDGE_CURVE ( 'NONE', #402, #3572, #1670, .T. ) ;
#400 = CARTESIAN_POINT ( 'NONE',  ( -1.399999999999999467, 0.000000000000000000, -1.249999999999999778 ) ) ;
#401 = PLANE ( 'NONE',  #864 ) ;
#402 = VERTEX_POINT ( 'NONE', #549 ) ;
#403 = LINE ( 'NONE', #3202, #382 ) ;
#404 = ORIENTED_EDGE ( 'NONE', *, *, #2315, .F. ) ;
#405 = CARTESIAN_POINT ( 'NONE',  ( 0.5999999999999996447, 0.000000000000000000, 0.4999999999999994449 ) ) ;
#406 = CARTESIAN_POINT ( 'NONE',  ( 1.600000000000000533, 0.6999999999999999556, 1.249999999999999778 ) ) ;
#407 = LINE ( 'NONE', #3981, #3049 ) ;
#408 = ORIENTED_EDGE ( 'NONE', *, *, #930, .F. ) ;
#409 = PLANE ( 'NONE',  #2675 ) ;
#410 = EDGE_CURVE ( 'NONE', #3869, #2560, #283, .T. ) ;
#411 = VERTEX_POINT ( 'NONE', #3031 ) ;
#412 = VECTOR ( 'NONE', #3512, 1000.000000000000000 ) ;
#413 = ORIENTED_EDGE ( 'NONE', *, *, #1587, .T. ) ;
#414 = ADVANCED_FACE ( 'NONE', ( #1712 ), #1480, .F. ) ;
#415 = CARTESIAN_POINT ( 'NONE',  ( -1.400000000000001021, 0.9000000000000000222, -1.100000000000000533 ) ) ;
#416 = LINE ( 'NONE', #3573, #3178 ) ;
#417 = ORIENTED_EDGE ( 'NONE', *, *, #3215, .F. ) ;
#418 = ORIENTED_EDGE ( 'NONE', *, *, #2083, .T. ) ;
#419 = EDGE_CURVE ( 'NONE', #3362, #282, #1806, .T. ) ;
#420 = ORIENTED_EDGE ( 'NONE', *, *, #1749, .F. ) ;
#421 = CARTESIAN_POINT ( 'NONE',  ( -0.5999999999999996447, 0.4500000000000000111, 0.4999999999999994449 ) ) ;
#422 = DIRECTION ( 'NONE',  ( 0.000000000000000000, 0.000000000000000000, 1.000000000000000000 ) ) ;
#423 = ORIENTED_EDGE ( 'NONE', *, *, #1458, .T. ) ;
#424 = CARTESIAN_POINT ( 'NONE',  ( 1.539999999999999591, 0.6999999999999999556, 0.4899999999999995470 ) ) ;
#425 = EDGE_LOOP ( 'NONE', ( #3228, #338, #258, #450 ) ) ;
#426 = AXIS2_PLACEMENT_3D ( 'NONE', #2860, #1600, #3527 ) ;
#427 = CARTESIAN_POINT ( 'NONE',  ( -1.599999999999999645, 0.4499999999999999001, -1.249999999999999778 ) ) ;
#428 = ORIENTED_EDGE ( 'NONE', *, *, #1316, .F. ) ;
#429 = EDGE_CURVE ( 'NONE', #3989, #1209, #3162, .T. ) ;
#430 = ADVANCED_FACE ( 'NONE', ( #1798 ), #1456, .F. ) ;
#431 = ORIENTED_EDGE ( 'NONE', *, *, #867, .T. ) ;
#432 = CARTESIAN_POINT ( 'NONE',  ( -1.499999999999999556, 0.4500000000000000111, -0.5999999999999995337 ) ) ;
#433 = DIRECTION ( 'NONE',  ( 0.000000000000000000, 0.000000000000000000, -1.000000000000000000 ) ) ;
#434 = ORIENTED_EDGE ( 'NONE', *, *, #2041, .T. ) ;
#435 = CIRCLE ( 'NONE', #2243, 0.04999999999999969746 ) ;
#436 = ORIENTED_EDGE ( 'NONE', *, *, #3767, .T. ) ;
#437 = PLANE ( 'NONE',  #2475 ) ;
#438 = LINE ( 'NONE', #3803, #1821 ) ;
#439 = ORIENTED_EDGE ( 'NONE', *, *, #664, .T. ) ;
#440 = ORIENTED_EDGE ( 'NONE', *, *, #1507, .F. ) ;
#441 = ORIENTED_EDGE ( 'NONE', *, *, #728, .T. ) ;
#442 = CARTESIAN_POINT ( 'NONE',  ( 1.400000000000000355, 1.700000000000000178, 0.4999999999999994449 ) ) ;
#443 = AXIS2_PLACEMENT_3D ( 'NONE', #2438, #619, #1211 ) ;
#444 = FACE_OUTER_BOUND ( 'NONE', #526, .T. ) ;
#445 = AXIS2_PLACEMENT_3D ( 'NONE', #162, #2718, #1160 ) ;
#446 = VERTEX_POINT ( 'NONE', #1982 ) ;
#447 = VERTEX_POINT ( 'NONE', #2280 ) ;
#448 = UNCERTAINTY_MEASURE_WITH_UNIT (LENGTH_MEASURE( 1.000000000000000082E-05 ), #3916, 'distance_accuracy_value', 'NONE');
#449 = VECTOR ( 'NONE', #1358, 1000.000000000000000 ) ;
#450 = ORIENTED_EDGE ( 'NONE', *, *, #1095, .F. ) ;
#451 = ADVANCED_FACE ( 'NONE', ( #1731 ), #3551, .F. ) ;
#452 = CARTESIAN_POINT ( 'NONE',  ( -1.599999999999999645, 1.700000000000000178, 1.249999999999999778 ) ) ;
#453 = VECTOR ( 'NONE', #4120, 1000.000000000000000 ) ;
#454 = EDGE_LOOP ( 'NONE', ( #2088, #2701, #1220, #265 ) ) ;
#455 = EDGE_CURVE ( 'NONE', #2412, #3236, #3174, .T. ) ;
#456 = CARTESIAN_POINT ( 'NONE',  ( 1.400000000000000355, 0.6999999999999999556, -1.050000000000000266 ) ) ;
#457 = ORIENTED_EDGE ( 'NONE', *, *, #2793, .T. ) ;
#458 = LINE ( 'NONE', #1621, #3226 ) ;
#459 = DIRECTION ( 'NONE',  ( -0.7071067811865452413, -0.000000000000000000, -0.7071067811865497932 ) ) ;
#460 = EDGE_LOOP ( 'NONE', ( #797, #1925, #2478, #4048 ) ) ;
#461 = EDGE_CURVE ( 'NONE', #1842, #2808, #1677, .T. ) ;
#462 = ORIENTED_EDGE ( 'NONE', *, *, #4115, .T. ) ;
#463 = DIRECTION ( 'NONE',  ( -0.7071067811865513475, 0.000000000000000000, -0.7071067811865436870 ) ) ;
#464 = DIRECTION ( 'NONE',  ( 1.032573497605241978E-16, 0.000000000000000000, 1.000000000000000000 ) ) ;
#465 = ORIENTED_EDGE ( 'NONE', *, *, #3501, .T. ) ;
#466 = FACE_OUTER_BOUND ( 'NONE', #460, .T. ) ;
#467 = ADVANCED_FACE ( 'NONE', ( #3105 ), #1991, .T. ) ;
#468 = EDGE_CURVE ( 'NONE', #2095, #882, #1769, .T. ) ;
#469 = FACE_OUTER_BOUND ( 'NONE', #2883, .T. ) ;
#470 = ORIENTED_EDGE ( 'NONE', *, *, #2708, .T. ) ;
#471 = VERTEX_POINT ( 'NONE', #1757 ) ;
#472 = VECTOR ( 'NONE', #2141, 1000.000000000000000 ) ;
#473 = VERTEX_POINT ( 'NONE', #2093 ) ;
#474 = CARTESIAN_POINT ( 'NONE',  ( -1.400000000000001021, 1.000000000000000000, 1.100000000000000311 ) ) ;
#475 = LINE ( 'NONE', #3307, #1860 ) ;
#476 = EDGE_CURVE ( 'NONE', #3877, #1003, #3071, .T. ) ;
#477 = ORIENTED_EDGE ( 'NONE', *, *, #2071, .F. ) ;
#478 = SHAPE_DEFINITION_REPRESENTATION ( #3107, #2496 ) ;
#479 = ORIENTED_EDGE ( 'NONE', *, *, #4018, .F. ) ;
#480 = CIRCLE ( 'NONE', #3029, 0.1999999999999998723 ) ;
#481 = VERTEX_POINT ( 'NONE', #3387 ) ;
#482 = DIRECTION ( 'NONE',  ( 0.000000000000000000, 0.000000000000000000, 1.000000000000000000 ) ) ;
#483 = AXIS2_PLACEMENT_3D ( 'NONE', #323, #698, #2869 ) ;
#484 = CYLINDRICAL_SURFACE ( 'NONE', #1994, 0.1249999999999998890 ) ;
#485 = CARTESIAN_POINT ( 'NONE',  ( -1.539999999999999591, 0.000000000000000000, 0.4899999999999995470 ) ) ;
#486 = ORIENTED_EDGE ( 'NONE', *, *, #1129, .F. ) ;
#487 = EDGE_CURVE ( 'NONE', #1661, #320, #1738, .T. ) ;
#488 = EDGE_LOOP ( 'NONE', ( #727, #2172, #495, #3074 ) ) ;
#489 = LINE ( 'NONE', #2026, #3339 ) ;
#490 = CARTESIAN_POINT ( 'NONE',  ( 1.499999999999999778, 0.4499999999999999001, 0.5999999999999996447 ) ) ;
#491 = ORIENTED_EDGE ( 'NONE', *, *, #1691, .F. ) ;
#492 = ADVANCED_FACE ( 'NONE', ( #1744 ), #318, .T. ) ;
#493 = VECTOR ( 'NONE', #1178, 1000.000000000000000 ) ;
#494 = AXIS2_PLACEMENT_3D ( 'NONE', #1074, #2711, #2287 ) ;
#495 = ORIENTED_EDGE ( 'NONE', *, *, #2757, .F. ) ;
#496 = PLANE ( 'NONE',  #1535 ) ;
#497 = CARTESIAN_POINT ( 'NONE',  ( 1.599999999999999867, 0.000000000000000000, -0.2500000000000004996 ) ) ;
#498 = ORIENTED_EDGE ( 'NONE', *, *, #3518, .F. ) ;
#499 = LINE ( 'NONE', #3176, #1947 ) ;
#500 = VERTEX_POINT ( 'NONE', #1946 ) ;
#501 = VECTOR ( 'NONE', #567, 1000.000000000000000 ) ;
#502 = ORIENTED_EDGE ( 'NONE', *, *, #2812, .T. ) ;
#504 = DIRECTION ( 'NONE',  ( 0.7071067811865489050, -0.000000000000000000, -0.7071067811865462405 ) ) ;
#503 = COLOUR_RGB ( '',0.7921568627450980005, 0.8196078431372548767, 0.9333333333333333481 ) ;
#505 = VERTEX_POINT ( 'NONE', #2244 ) ;
#506 = VECTOR ( 'NONE', #1084, 1000.000000000000000 ) ;
#507 = ORIENTED_EDGE ( 'NONE', *, *, #2379, .F. ) ;
#508 = AXIS2_PLACEMENT_3D ( 'NONE', #1485, #3067, #2452 ) ;
#509 = DIRECTION ( 'NONE',  ( -0.000000000000000000, 0.000000000000000000, -1.000000000000000000 ) ) ;
#510 = VECTOR ( 'NONE', #3432, 1000.000000000000000 ) ;
#511 = VERTEX_POINT ( 'NONE', #242 ) ;
#512 = DIRECTION ( 'NONE',  ( -0.000000000000000000, -1.000000000000000000, -0.000000000000000000 ) ) ;
#513 = EDGE_LOOP ( 'NONE', ( #1619, #1101, #2535, #1163 ) ) ;
#514 = DIRECTION ( 'NONE',  ( -0.000000000000000000, 1.000000000000000000, -0.000000000000000000 ) ) ;
#515 =( LENGTH_UNIT ( ) NAMED_UNIT ( * ) SI_UNIT ( .MILLI., .METRE. ) );
#516 = EDGE_CURVE ( 'NONE', #3475, #5, #3122, .T. ) ;
#517 = LINE ( 'NONE', #1256, #527 ) ;
#518 = DIRECTION ( 'NONE',  ( 0.000000000000000000, 0.000000000000000000, -1.000000000000000000 ) ) ;
#519 = VERTEX_POINT ( 'NONE', #2528 ) ;
#520 = DIRECTION ( 'NONE',  ( 0.000000000000000000, 0.000000000000000000, -1.000000000000000000 ) ) ;
#521 = EDGE_CURVE ( 'NONE', #2029, #320, #3185, .T. ) ;
#522 = ORIENTED_EDGE ( 'NONE', *, *, #1343, .T. ) ;
#523 = LINE ( 'NONE', #1972, #1834 ) ;
#524 = DIRECTION ( 'NONE',  ( 0.7071067811865459074, 0.000000000000000000, -0.7071067811865491270 ) ) ;
#525 = CARTESIAN_POINT ( 'NONE',  ( -0.9249999999999973799, 0.6999999999999999556, 0.9250000000000005995 ) ) ;
#526 = EDGE_LOOP ( 'NONE', ( #1789, #1236, #2091, #2689 ) ) ;
#527 = VECTOR ( 'NONE', #1284, 1000.000000000000000 ) ;
#528 = ORIENTED_EDGE ( 'NONE', *, *, #3934, .F. ) ;
#529 = CARTESIAN_POINT ( 'NONE',  ( 1.600000000000000533, 0.6999999999999999556, 1.125000000000000000 ) ) ;
#530 = VERTEX_POINT ( 'NONE', #2877 ) ;
#531 = EDGE_CURVE ( 'NONE', #390, #1688, #3040, .T. ) ;
#532 = VERTEX_POINT ( 'NONE', #1505 ) ;
#533 = CARTESIAN_POINT ( 'NONE',  ( 0.000000000000000000, 0.000000000000000000, -1.250000000000000222 ) ) ;
#534 = VECTOR ( 'NONE', #3330, 1000.000000000000000 ) ;
#535 = ORIENTED_EDGE ( 'NONE', *, *, #2658, .F. ) ;
#536 = VERTEX_POINT ( 'NONE', #4030 ) ;
#537 = EDGE_CURVE ( 'NONE', #4028, #1842, #3191, .T. ) ;
#538 = CARTESIAN_POINT ( 'NONE',  ( 0.5999999999999996447, 0.4499999999999999001, 0.4999999999999994449 ) ) ;
#539 = CARTESIAN_POINT ( 'NONE',  ( -0.5999999999999996447, 0.000000000000000000, 0.4999999999999994449 ) ) ;
#540 = CYLINDRICAL_SURFACE ( 'NONE', #1562, 0.1249999999999998890 ) ;
#541 = DIRECTION ( 'NONE',  ( -0.000000000000000000, -1.000000000000000000, -0.000000000000000000 ) ) ;
#542 = ORIENTED_EDGE ( 'NONE', *, *, #2658, .T. ) ;
#543 = DIRECTION ( 'NONE',  ( 1.000000000000000000, -0.000000000000000000, -0.000000000000000000 ) ) ;
#544 = EDGE_LOOP ( 'NONE', ( #913, #3636, #3570, #3223 ) ) ;
#545 = PLANE ( 'NONE',  #4101 ) ;
#546 = EDGE_CURVE ( 'NONE', #1790, #3391, #1762, .T. ) ;
#547 = LINE ( 'NONE', #923, #453 ) ;
#548 = DIRECTION ( 'NONE',  ( -0.000000000000000000, -1.000000000000000000, -0.000000000000000000 ) ) ;
#549 = CARTESIAN_POINT ( 'NONE',  ( -1.499999999999999778, 0.6999999999999999556, 1.050000000000000266 ) ) ;
#550 = VERTEX_POINT ( 'NONE', #3793 ) ;
#551 = DIRECTION ( 'NONE',  ( 1.000000000000000000, 0.000000000000000000, 0.000000000000000000 ) ) ;
#552 = MECHANICAL_DESIGN_GEOMETRIC_PRESENTATION_REPRESENTATION (  '', ( #2231 ), #968 ) ;
#553 = LINE ( 'NONE', #2057, #1960 ) ;
#554 = EDGE_CURVE ( 'NONE', #3655, #1532, #1870, .T. ) ;
#555 = CARTESIAN_POINT ( 'NONE',  ( 1.599999999999999645, 0.4499999999999999001, 1.249999999999999778 ) ) ;
#556 = CARTESIAN_POINT ( 'NONE',  ( -0.5999999999999996447, 1.700000000000000178, -0.4999999999999994449 ) ) ;
#557 = CLOSED_SHELL ( 'NONE', ( #1601, #3275, #3677, #3608, #492, #3009, #2306, #368, #669, #3905 ) ) ;
#558 = LINE ( 'NONE', #3117, #472 ) ;
#559 = DIRECTION ( 'NONE',  ( -0.000000000000000000, 1.000000000000000000, -0.000000000000000000 ) ) ;
#560 = FACE_OUTER_BOUND ( 'NONE', #1337, .T. ) ;
#561 = DIRECTION ( 'NONE',  ( 0.7071067811865455743, 0.000000000000000000, -0.7071067811865494601 ) ) ;
#562 = AXIS2_PLACEMENT_3D ( 'NONE', #3488, #4106, #293 ) ;
#563 = ORIENTED_EDGE ( 'NONE', *, *, #1191, .F. ) ;
#564 = CYLINDRICAL_SURFACE ( 'NONE', #706, 0.04999999999999991257 ) ;
#565 = DIRECTION ( 'NONE',  ( -0.000000000000000000, -1.000000000000000000, -0.000000000000000000 ) ) ;
#566 = EDGE_CURVE ( 'NONE', #86, #411, #3127, .T. ) ;
#567 = DIRECTION ( 'NONE',  ( -1.000000000000000000, 0.000000000000000000, -5.245325762175874757E-16 ) ) ;
#568 = CYLINDRICAL_SURFACE ( 'NONE', #1612, 0.2000000000000000944 ) ;
#569 = PLANE ( 'NONE',  #1081 ) ;
#570 = ORIENTED_EDGE ( 'NONE', *, *, #1146, .T. ) ;
#571 = EDGE_CURVE ( 'NONE', #1209, #2818, #266, .T. ) ;
#572 = DIRECTION ( 'NONE',  ( -0.7071067811865476838, 0.000000000000000000, 0.7071067811865474617 ) ) ;
#573 = EDGE_CURVE ( 'NONE', #3475, #1770, #1662, .T. ) ;
#574 = CARTESIAN_POINT ( 'NONE',  ( 0.5250000000000084599, 0.6999999999999999556, 0.5250000000000027978 ) ) ;
#575 = FACE_OUTER_BOUND ( 'NONE', #4066, .T. ) ;
#576 = CARTESIAN_POINT ( 'NONE',  ( 1.426794919243111970, 0.4499999999999999001, 1.149999999999999689 ) ) ;
#577 = ORIENTED_EDGE ( 'NONE', *, *, #3823, .F. ) ;
#578 = DIRECTION ( 'NONE',  ( 0.000000000000000000, -1.000000000000000000, 0.000000000000000000 ) ) ;
#579 = EDGE_CURVE ( 'NONE', #473, #3259, #1699, .T. ) ;
#580 = DIRECTION ( 'NONE',  ( 0.000000000000000000, -1.000000000000000000, 0.000000000000000000 ) ) ;
#581 = CARTESIAN_POINT ( 'NONE',  ( 0.5999999999999996447, 0.4500000000000000111, 0.4999999999999994449 ) ) ;
#582 = ORIENTED_EDGE ( 'NONE', *, *, #339, .F. ) ;
#583 = CARTESIAN_POINT ( 'NONE',  ( 0.5999999999999999778, 0.000000000000000000, 1.149999999999999245 ) ) ;
#584 =( GEOMETRIC_REPRESENTATION_CONTEXT ( 3 ) GLOBAL_UNCERTAINTY_ASSIGNED_CONTEXT ( ( #1361 ) ) GLOBAL_UNIT_ASSIGNED_CONTEXT ( ( #2238, #3486, #2520 ) ) REPRESENTATION_CONTEXT ( 'NONE', 'WORKASPACE' ) );
#585 = CARTESIAN_POINT ( 'NONE',  ( 0.6000000000000003109, 0.000000000000000000, -1.149999999999999245 ) ) ;
#586 = EDGE_CURVE ( 'NONE', #633, #1395, #3140, .T. ) ;
#587 = CARTESIAN_POINT ( 'NONE',  ( 1.475000000000000533, 0.6999999999999999556, -1.250000000000000222 ) ) ;
#588 = VERTEX_POINT ( 'NONE', #1850 ) ;
#589 = DIRECTION ( 'NONE',  ( -0.7071067811865497932, 0.000000000000000000, 0.7071067811865452413 ) ) ;
#590 = VERTEX_POINT ( 'NONE', #2471 ) ;
#591 = PLANE ( 'NONE',  #3056 ) ;
#592 = DIRECTION ( 'NONE',  ( 0.000000000000000000, 1.000000000000000000, 0.000000000000000000 ) ) ;
#593 = AXIS2_PLACEMENT_3D ( 'NONE', #1989, #3133, #322 ) ;
#594 = DIRECTION ( 'NONE',  ( -0.000000000000000000, 0.000000000000000000, -1.000000000000000000 ) ) ;
#595 = VERTEX_POINT ( 'NONE', #334 ) ;
#596 = LINE ( 'NONE', #1193, #2005 ) ;
#597 = DIRECTION ( 'NONE',  ( 0.000000000000000000, 0.000000000000000000, 1.000000000000000000 ) ) ;
#598 = ORIENTED_EDGE ( 'NONE', *, *, #1944, .T. ) ;
#599 = DIRECTION ( 'NONE',  ( 0.000000000000000000, 0.000000000000000000, 1.000000000000000000 ) ) ;
#600 = CARTESIAN_POINT ( 'NONE',  ( -0.5999999999999996447, 0.000000000000000000, -1.149999999999999467 ) ) ;
#601 = CARTESIAN_POINT ( 'NONE',  ( -1.599999999999999645, 0.6999999999999999556, -1.125000000000000444 ) ) ;
#602 = PRESENTATION_LAYER_ASSIGNMENT (  '', '', ( #213 ) ) ;
#603 = ORIENTED_EDGE ( 'NONE', *, *, #410, .T. ) ;
#604 = FACE_OUTER_BOUND ( 'NONE', #2418, .T. ) ;
#605 = CARTESIAN_POINT ( 'NONE',  ( 0.8999999999999995781, 0.4499999999999999001, -0.4999999999999994449 ) ) ;
#606 = EDGE_LOOP ( 'NONE', ( #3416, #4117, #1848, #264 ) ) ;
#607 = DIRECTION ( 'NONE',  ( -0.000000000000000000, -0.000000000000000000, 1.000000000000000000 ) ) ;
#608 = ORIENTED_EDGE ( 'NONE', *, *, #2803, .T. ) ;
#609 = VECTOR ( 'NONE', #3473, 1000.000000000000000 ) ;
#610 = ORIENTED_EDGE ( 'NONE', *, *, #2512, .T. ) ;
#611 = AXIS2_PLACEMENT_3D ( 'NONE', #279, #214, #248 ) ;
#612 = CARTESIAN_POINT ( 'NONE',  ( 0.9249999999999973799, 0.6999999999999999556, 0.9250000000000005995 ) ) ;
#613 = CARTESIAN_POINT ( 'NONE',  ( 1.499999999999999778, 0.4500000000000000111, -0.5999999999999992006 ) ) ;
#614 = EDGE_CURVE ( 'NONE', #1971, #882, #288, .T. ) ;
#615 = ORIENTED_EDGE ( 'NONE', *, *, #773, .T. ) ;
#616 = LINE ( 'NONE', #3444, #2104 ) ;
#617 = CLOSED_SHELL ( 'NONE', ( #2792, #3891, #622, #4121, #345, #924, #2502, #658, #154, #1285 ) ) ;
#618 = DIRECTION ( 'NONE',  ( 0.000000000000000000, 0.000000000000000000, -1.000000000000000000 ) ) ;
#619 = DIRECTION ( 'NONE',  ( 0.000000000000000000, -1.000000000000000000, 0.000000000000000000 ) ) ;
#620 = DIRECTION ( 'NONE',  ( 0.000000000000000000, 0.000000000000000000, -1.000000000000000000 ) ) ;
#621 = ORIENTED_EDGE ( 'NONE', *, *, #1540, .F. ) ;
#622 = ADVANCED_FACE ( 'NONE', ( #296 ), #564, .T. ) ;
#623 = EDGE_CURVE ( 'NONE', #3944, #3385, #558, .T. ) ;
#624 = ORIENTED_EDGE ( 'NONE', *, *, #2837, .T. ) ;
#625 = DIRECTION ( 'NONE',  ( -1.000000000000000000, 0.000000000000000000, 0.000000000000000000 ) ) ;
#626 = CARTESIAN_POINT ( 'NONE',  ( 1.400000000000000577, 0.9000000000000000222, 1.100000000000000311 ) ) ;
#627 = DIRECTION ( 'NONE',  ( -0.000000000000000000, -1.000000000000000000, -0.000000000000000000 ) ) ;
#628 = DIRECTION ( 'NONE',  ( 1.000000000000000000, 0.000000000000000000, 5.004010026856177117E-16 ) ) ;
#629 = ORIENTED_EDGE ( 'NONE', *, *, #1146, .F. ) ;
#630 = FACE_OUTER_BOUND ( 'NONE', #3743, .T. ) ;
#631 = DIRECTION ( 'NONE',  ( -1.000000000000000000, 0.000000000000000000, 0.000000000000000000 ) ) ;
#632 = DIRECTION ( 'NONE',  ( -0.7071067811865474617, -0.000000000000000000, -0.7071067811865476838 ) ) ;
#633 = VERTEX_POINT ( 'NONE', #892 ) ;
#634 = DIRECTION ( 'NONE',  ( 0.7071067811865460184, 0.000000000000000000, -0.7071067811865490160 ) ) ;
#635 = ORIENTED_EDGE ( 'NONE', *, *, #1864, .F. ) ;
#636 = CYLINDRICAL_SURFACE ( 'NONE', #1026, 0.1249999999999998890 ) ;
#637 = CARTESIAN_POINT ( 'NONE',  ( -1.399999999999999467, 0.4500000000000000111, 1.249999999999999778 ) ) ;
#638 = AXIS2_PLACEMENT_3D ( 'NONE', #988, #1962, #2264 ) ;
#639 = EDGE_CURVE ( 'NONE', #2985, #4056, #499, .T. ) ;
#640 = ORIENTED_EDGE ( 'NONE', *, *, #3007, .T. ) ;
#641 = DIRECTION ( 'NONE',  ( -5.245325762175874757E-16, 0.000000000000000000, 1.000000000000000000 ) ) ;
#642 = ORIENTED_EDGE ( 'NONE', *, *, #2364, .F. ) ;
#643 = AXIS2_PLACEMENT_3D ( 'NONE', #1673, #2021, #3515 ) ;
#644 = CARTESIAN_POINT ( 'NONE',  ( 0.000000000000000000, 0.6999999999999999556, 1.249999999999999778 ) ) ;
#645 = VERTEX_POINT ( 'NONE', #914 ) ;
#646 = APPLICATION_CONTEXT ( 'automotive_design' ) ;
#647 = DIRECTION ( 'NONE',  ( 0.000000000000000000, 0.000000000000000000, 1.000000000000000000 ) ) ;
#648 = CARTESIAN_POINT ( 'NONE',  ( -1.399999999999999467, 1.700000000000000178, 1.249999999999999778 ) ) ;
#649 = PLANE ( 'NONE',  #1176 ) ;
#650 = ORIENTED_EDGE ( 'NONE', *, *, #3138, .T. ) ;
#651 = VECTOR ( 'NONE', #1438, 1000.000000000000000 ) ;
#652 = ORIENTED_EDGE ( 'NONE', *, *, #1763, .T. ) ;
#653 = DIRECTION ( 'NONE',  ( 1.000000000000000000, 0.000000000000000000, 0.000000000000000000 ) ) ;
#654 = CARTESIAN_POINT ( 'NONE',  ( -1.399999999999999467, 0.4500000000000000111, -1.249999999999999778 ) ) ;
#655 = CARTESIAN_POINT ( 'NONE',  ( 0.000000000000000000, 0.000000000000000000, 1.249999999999999778 ) ) ;
#656 = AXIS2_PLACEMENT_3D ( 'NONE', #3319, #3620, #3665 ) ;
#657 = ORIENTED_EDGE ( 'NONE', *, *, #3635, .F. ) ;
#658 = ADVANCED_FACE ( 'NONE', ( #466 ), #1243, .F. ) ;
#659 = VERTEX_POINT ( 'NONE', #2216 ) ;
#660 = UNCERTAINTY_MEASURE_WITH_UNIT (LENGTH_MEASURE( 1.000000000000000082E-05 ), #2967, 'distance_accuracy_value', 'NONE');
#661 = CARTESIAN_POINT ( 'NONE',  ( -0.5999999999999996447, 1.700000000000000178, -0.4999999999999994449 ) ) ;
#662 = ORIENTED_EDGE ( 'NONE', *, *, #2444, .F. ) ;
#663 = LINE ( 'NONE', #4092, #2051 ) ;
#664 = EDGE_CURVE ( 'NONE', #481, #2197, #1958, .T. ) ;
#665 = DIRECTION ( 'NONE',  ( 1.858632295689437187E-15, 0.000000000000000000, -1.000000000000000000 ) ) ;
#666 = ORIENTED_EDGE ( 'NONE', *, *, #353, .F. ) ;
#667 = DIRECTION ( 'NONE',  ( 0.000000000000000000, 0.000000000000000000, 1.000000000000000000 ) ) ;
#668 = VERTEX_POINT ( 'NONE', #1275 ) ;
#669 = ADVANCED_FACE ( 'NONE', ( #1953 ), #210, .F. ) ;
#670 = CIRCLE ( 'NONE', #1341, 0.1249999999999996808 ) ;
#671 = ORIENTED_EDGE ( 'NONE', *, *, #2246, .F. ) ;
#672 = APPLICATION_PROTOCOL_DEFINITION ( 'draft international standard', 'automotive_design', 1998, #1234 ) ;
#673 = DIRECTION ( 'NONE',  ( 0.000000000000000000, -1.000000000000000000, 0.000000000000000000 ) ) ;
#674 = EDGE_CURVE ( 'NONE', #2025, #471, #1973, .T. ) ;
#675 = CARTESIAN_POINT ( 'NONE',  ( -1.599999999999999867, 0.000000000000000000, 0.5500000000000003775 ) ) ;
#676 = ORIENTED_EDGE ( 'NONE', *, *, #3007, .F. ) ;
#677 = LINE ( 'NONE', #2421, #651 ) ;
#678 = ORIENTED_EDGE ( 'NONE', *, *, #3364, .F. ) ;
#679 = CARTESIAN_POINT ( 'NONE',  ( 1.400000000000000577, 0.000000000000000000, -0.4999999999999994449 ) ) ;
#680 = CARTESIAN_POINT ( 'NONE',  ( 1.499999999999999778, 1.700000000000000178, 0.5999999999999996447 ) ) ;
#681 = EDGE_CURVE ( 'NONE', #505, #4091, #1825, .T. ) ;
#682 = VERTEX_POINT ( 'NONE', #3594 ) ;
#683 = LINE ( 'NONE', #3691, #3403 ) ;
#684 = CARTESIAN_POINT ( 'NONE',  ( -1.499999999999999556, 0.4500000000000000111, -0.5999999999999995337 ) ) ;
#685 = VERTEX_POINT ( 'NONE', #3321 ) ;
#686 = AXIS2_PLACEMENT_3D ( 'NONE', #1245, #3118, #943 ) ;
#687 = DIRECTION ( 'NONE',  ( 0.000000000000000000, -1.000000000000000000, 0.000000000000000000 ) ) ;
#688 = EDGE_CURVE ( 'NONE', #411, #831, #523, .T. ) ;
#689 = VERTEX_POINT ( 'NONE', #1650 ) ;
#690 = ADVANCED_FACE ( 'NONE', ( #1851 ), #496, .F. ) ;
#691 = CARTESIAN_POINT ( 'NONE',  ( 1.500000000000000444, 0.9000000000000000222, 1.050000000000000266 ) ) ;
#692 = VERTEX_POINT ( 'NONE', #755 ) ;
#693 =( GEOMETRIC_REPRESENTATION_CONTEXT ( 3 ) GLOBAL_UNCERTAINTY_ASSIGNED_CONTEXT ( ( #73 ) ) GLOBAL_UNIT_ASSIGNED_CONTEXT ( ( #515, #3289, #3585 ) ) REPRESENTATION_CONTEXT ( 'NONE', 'WORKASPACE' ) );
#694 = DIRECTION ( 'NONE',  ( 0.000000000000000000, -1.000000000000000000, 0.000000000000000000 ) ) ;
#695 = ORIENTED_EDGE ( 'NONE', *, *, #1242, .T. ) ;
#696 = DIRECTION ( 'NONE',  ( 0.000000000000000000, 0.000000000000000000, -1.000000000000000000 ) ) ;
#697 = VERTEX_POINT ( 'NONE', #730 ) ;
#698 = DIRECTION ( 'NONE',  ( 1.000000000000000000, 0.000000000000000000, 0.000000000000000000 ) ) ;
#699 = CARTESIAN_POINT ( 'NONE',  ( 1.499999999999999778, 1.700000000000000178, 0.5999999999999996447 ) ) ;
#700 = DIRECTION ( 'NONE',  ( 1.204669080539455309E-15, -0.000000000000000000, -1.000000000000000000 ) ) ;
#701 = SURFACE_STYLE_USAGE ( .BOTH. , #358 ) ;
#702 = VERTEX_POINT ( 'NONE', #998 ) ;
#703 = ADVANCED_FACE ( 'NONE', ( #3208 ), #3345, .F. ) ;
#704 = VECTOR ( 'NONE', #2222, 1000.000000000000000 ) ;
#705 = ORIENTED_EDGE ( 'NONE', *, *, #201, .F. ) ;
#706 = AXIS2_PLACEMENT_3D ( 'NONE', #1153, #1816, #2794 ) ;
#707 = ORIENTED_EDGE ( 'NONE', *, *, #3544, .T. ) ;
#708 = LINE ( 'NONE', #1222, #2056 ) ;
#709 = DIRECTION ( 'NONE',  ( -0.000000000000000000, 1.000000000000000000, 0.000000000000000000 ) ) ;
#710 = ORIENTED_EDGE ( 'NONE', *, *, #2550, .F. ) ;
#711 = EDGE_CURVE ( 'NONE', #3069, #2743, #489, .T. ) ;
#712 = CARTESIAN_POINT ( 'NONE',  ( -1.426794919243111970, 0.4499999999999999001, 1.149999999999999245 ) ) ;
#713 = ORIENTED_EDGE ( 'NONE', *, *, #2364, .T. ) ;
#714 = CYLINDRICAL_SURFACE ( 'NONE', #508, 0.2000000000000000944 ) ;
#715 = DIRECTION ( 'NONE',  ( 0.000000000000000000, 1.000000000000000000, -0.000000000000000000 ) ) ;
#716 = EDGE_CURVE ( 'NONE', #1881, #3450, #1875, .T. ) ;
#717 = ORIENTED_EDGE ( 'NONE', *, *, #947, .F. ) ;
#718 = DIRECTION ( 'NONE',  ( -2.168404344971007685E-15, 0.000000000000000000, 1.000000000000000000 ) ) ;
#719 = DIRECTION ( 'NONE',  ( 0.000000000000000000, 0.000000000000000000, 1.000000000000000000 ) ) ;
#720 = ORIENTED_EDGE ( 'NONE', *, *, #2740, .T. ) ;
#721 = CIRCLE ( 'NONE', #2293, 0.2000000000000000944 ) ;
#722 = EDGE_CURVE ( 'NONE', #3476, #2595, #435, .T. ) ;
#723 = PRODUCT_DEFINITION_SHAPE ( 'NONE', 'NONE',  #3411 ) ;
#724 = ORIENTED_EDGE ( 'NONE', *, *, #3656, .T. ) ;
#725 = DIRECTION ( 'NONE',  ( 0.000000000000000000, 0.000000000000000000, -1.000000000000000000 ) ) ;
#726 = DIRECTION ( 'NONE',  ( 1.000000000000000000, 0.000000000000000000, -0.000000000000000000 ) ) ;
#727 = ORIENTED_EDGE ( 'NONE', *, *, #1310, .T. ) ;
#728 = EDGE_CURVE ( 'NONE', #530, #1790, #1901, .T. ) ;
#729 = EDGE_LOOP ( 'NONE', ( #251, #724, #3097, #3898 ) ) ;
#730 = CARTESIAN_POINT ( 'NONE',  ( 1.399999999999999689, 0.000000000000000000, 1.249999999999999778 ) ) ;
#731 = CARTESIAN_POINT ( 'NONE',  ( 0.5999999999999996447, 1.700000000000000178, 0.4999999999999994449 ) ) ;
#732 = ORIENTED_EDGE ( 'NONE', *, *, #3396, .T. ) ;
#733 = FACE_OUTER_BOUND ( 'NONE', #3241, .T. ) ;
#734 = DIRECTION ( 'NONE',  ( 0.000000000000000000, 1.000000000000000000, -0.000000000000000000 ) ) ;
#735 = CARTESIAN_POINT ( 'NONE',  ( -1.599999999999999645, 0.4499999999999999001, -1.125000000000000222 ) ) ;
#736 = ORIENTED_EDGE ( 'NONE', *, *, #867, .F. ) ;
#737 = DIRECTION ( 'NONE',  ( 0.000000000000000000, 0.000000000000000000, -1.000000000000000000 ) ) ;
#738 = CARTESIAN_POINT ( 'NONE',  ( -1.399999999999999689, 0.6999999999999999556, 1.050000000000000266 ) ) ;
#739 = VERTEX_POINT ( 'NONE', #1303 ) ;
#740 = LINE ( 'NONE', #1300, #3500 ) ;
#741 = CARTESIAN_POINT ( 'NONE',  ( 1.426794919243112192, 0.000000000000000000, -1.149999999999999245 ) ) ;
#742 = ORIENTED_EDGE ( 'NONE', *, *, #1363, .T. ) ;
#743 = AXIS2_PLACEMENT_3D ( 'NONE', #3569, #734, #2457 ) ;
#744 = CARTESIAN_POINT ( 'NONE',  ( -1.599999999999999645, 0.4500000000000000111, 1.049999999999999822 ) ) ;
#745 = DIRECTION ( 'NONE',  ( -0.7071067811865450192, 0.000000000000000000, -0.7071067811865501263 ) ) ;
#746 = VERTEX_POINT ( 'NONE', #1385 ) ;
#747 = DIRECTION ( 'NONE',  ( -0.7071067811865460184, 0.000000000000000000, 0.7071067811865490160 ) ) ;
#748 = CARTESIAN_POINT ( 'NONE',  ( 1.599999999999999645, 0.4499999999999999001, -1.249999999999999778 ) ) ;
#749 = DIRECTION ( 'NONE',  ( 0.000000000000000000, -1.000000000000000000, 0.000000000000000000 ) ) ;
#750 = ORIENTED_EDGE ( 'NONE', *, *, #3264, .F. ) ;
#751 = ADVANCED_FACE ( 'NONE', ( #1884 ), #38, .T. ) ;
#752 = VECTOR ( 'NONE', #2022, 1000.000000000000000 ) ;
#753 = AXIS2_PLACEMENT_3D ( 'NONE', #3564, #1330, #3272 ) ;
#754 = ORIENTED_EDGE ( 'NONE', *, *, #3941, .F. ) ;
#755 = CARTESIAN_POINT ( 'NONE',  ( -1.599999999999999867, 0.000000000000000000, -0.2500000000000004996 ) ) ;
#756 = PLANE ( 'NONE',  #2127 ) ;
#757 = ORIENTED_EDGE ( 'NONE', *, *, #1083, .T. ) ;
#758 = CARTESIAN_POINT ( 'NONE',  ( -1.599999999999999645, 0.4500000000000000111, 1.049999999999999822 ) ) ;
#759 = EDGE_CURVE ( 'NONE', #588, #148, #3260, .T. ) ;
#760 = VERTEX_POINT ( 'NONE', #3625 ) ;
#761 = EDGE_CURVE ( 'NONE', #1255, #1415, #458, .T. ) ;
#762 = DIRECTION ( 'NONE',  ( -4.547876366663550389E-16, -0.000000000000000000, 1.000000000000000000 ) ) ;
#763 = ORIENTED_EDGE ( 'NONE', *, *, #2982, .F. ) ;
#764 = ADVANCED_FACE ( 'NONE', ( #1892 ), #1740, .F. ) ;
#765 = DIRECTION ( 'NONE',  ( 1.000000000000000000, 0.000000000000000000, 0.000000000000000000 ) ) ;
#766 = ORIENTED_EDGE ( 'NONE', *, *, #3142, .F. ) ;
#767 = EDGE_CURVE ( 'NONE', #1849, #2655, #480, .T. ) ;
#768 = CARTESIAN_POINT ( 'NONE',  ( -1.450000000000000844, 0.9000000000000000222, -1.050000000000000488 ) ) ;
#769 = ORIENTED_EDGE ( 'NONE', *, *, #839, .F. ) ;
#770 = DIRECTION ( 'NONE',  ( 0.000000000000000000, 0.000000000000000000, 1.000000000000000000 ) ) ;
#771 = AXIS2_PLACEMENT_3D ( 'NONE', #1936, #1322, #1266 ) ;
#772 = CARTESIAN_POINT ( 'NONE',  ( -1.599999999999999645, 0.000000000000000000, -1.249999999999999778 ) ) ;
#773 = EDGE_CURVE ( 'NONE', #3051, #633, #3270, .T. ) ;
#774 = ORIENTED_EDGE ( 'NONE', *, *, #3925, .T. ) ;
#775 = VERTEX_POINT ( 'NONE', #400 ) ;
#776 = DIRECTION ( 'NONE',  ( 0.000000000000000000, 0.000000000000000000, 1.000000000000000000 ) ) ;
#777 = AXIS2_PLACEMENT_3D ( 'NONE', #785, #509, #3634 ) ;
#778 = ORIENTED_EDGE ( 'NONE', *, *, #2932, .T. ) ;
#779 = MANIFOLD_SOLID_BREP ( 'Pin[3]', #3280 ) ;
#780 = ADVANCED_FACE ( 'NONE', ( #1938 ), #636, .F. ) ;
#781 = VERTEX_POINT ( 'NONE', #4009 ) ;
#782 = DIRECTION ( 'NONE',  ( 0.7071067811865436870, -0.000000000000000000, 0.7071067811865513475 ) ) ;
#783 = VERTEX_POINT ( 'NONE', #4037 ) ;
#784 = AXIS2_PLACEMENT_3D ( 'NONE', #2942, #3857, #51 ) ;
#785 = CARTESIAN_POINT ( 'NONE',  ( 1.400000000000000355, 1.700000000000000178, 0.4999999999999994449 ) ) ;
#786 = EDGE_LOOP ( 'NONE', ( #2443, #3349, #2671, #671 ) ) ;
#787 = DIRECTION ( 'NONE',  ( -1.000000000000000000, 0.000000000000000000, 0.000000000000000000 ) ) ;
#788 = ORIENTED_EDGE ( 'NONE', *, *, #3792, .T. ) ;
#789 = ADVANCED_FACE ( 'NONE', ( #3458 ), #714, .F. ) ;
#790 = DIRECTION ( 'NONE',  ( 0.000000000000000000, 0.000000000000000000, 1.000000000000000000 ) ) ;
#791 = DIRECTION ( 'NONE',  ( 0.000000000000000000, 0.000000000000000000, 1.000000000000000000 ) ) ;
#792 = ORIENTED_EDGE ( 'NONE', *, *, #681, .T. ) ;
#793 = VECTOR ( 'NONE', #1482, 1000.000000000000114 ) ;
#794 = AXIS2_PLACEMENT_3D ( 'NONE', #2498, #2824, #599 ) ;
#795 = CARTESIAN_POINT ( 'NONE',  ( 1.475000000000000533, 1.700000000000000178, 1.249999999999999778 ) ) ;
#796 = DIRECTION ( 'NONE',  ( -0.7071067811865450192, 0.000000000000000000, -0.7071067811865501263 ) ) ;
#797 = ORIENTED_EDGE ( 'NONE', *, *, #2991, .F. ) ;
#798 = EDGE_CURVE ( 'NONE', #3497, #2963, #3417, .T. ) ;
#799 = ORIENTED_EDGE ( 'NONE', *, *, #1507, .T. ) ;
#800 = VECTOR ( 'NONE', #551, 1000.000000000000000 ) ;
#801 = FILL_AREA_STYLE ('',( #2901 ) ) ;
#802 = CARTESIAN_POINT ( 'NONE',  ( -1.599999999999999645, 0.4500000000000000111, -1.249999999999999778 ) ) ;
#803 = ORIENTED_EDGE ( 'NONE', *, *, #468, .T. ) ;
#804 = EDGE_CURVE ( 'NONE', #3014, #2693, #3383, .T. ) ;
#805 = ORIENTED_EDGE ( 'NONE', *, *, #3715, .T. ) ;
#806 = LINE ( 'NONE', #525, #2201 ) ;
#807 = CARTESIAN_POINT ( 'NONE',  ( 1.426794919243112192, 0.000000000000000000, -1.149999999999999245 ) ) ;
#808 = ORIENTED_EDGE ( 'NONE', *, *, #1488, .F. ) ;
#809 = ADVANCED_FACE ( 'NONE', ( #3390 ), #1108, .F. ) ;
#810 = EDGE_CURVE ( 'NONE', #25, #2808, #677, .T. ) ;
#811 = EDGE_LOOP ( 'NONE', ( #2526, #2122, #1773, #4065 ) ) ;
#812 = CIRCLE ( 'NONE', #4007, 0.2000000000000000944 ) ;
#813 = CARTESIAN_POINT ( 'NONE',  ( 1.400000000000000577, 5.640054944640261247, 1.100000000000000311 ) ) ;
#814 = ORIENTED_EDGE ( 'NONE', *, *, #3142, .T. ) ;
#815 = CARTESIAN_POINT ( 'NONE',  ( 1.600000000000000533, 0.6999999999999999556, 1.249999999999999778 ) ) ;
#816 = LINE ( 'NONE', #1585, #834 ) ;
#817 = AXIS2_PLACEMENT_3D ( 'NONE', #2537, #344, #2508 ) ;
#818 = ORIENTED_EDGE ( 'NONE', *, *, #639, .F. ) ;
#819 = VECTOR ( 'NONE', #1607, 999.9999999999998863 ) ;
#820 = EDGE_CURVE ( 'NONE', #2693, #783, #2036, .T. ) ;
#821 = DIRECTION ( 'NONE',  ( 1.000000000000000000, -0.000000000000000000, 0.000000000000000000 ) ) ;
#822 = DIRECTION ( 'NONE',  ( -0.000000000000000000, -1.000000000000000000, -0.000000000000000000 ) ) ;
#823 = ORIENTED_EDGE ( 'NONE', *, *, #3449, .T. ) ;
#824 = LINE ( 'NONE', #912, #2132 ) ;
#825 = EDGE_LOOP ( 'NONE', ( #2884, #3631, #1823, #3194 ) ) ;
#826 = AXIS2_PLACEMENT_3D ( 'NONE', #2565, #3218, #2885 ) ;
#827 = DIRECTION ( 'NONE',  ( 0.000000000000000000, -1.000000000000000000, 0.000000000000000000 ) ) ;
#828 = DIRECTION ( 'NONE',  ( 1.000000000000000000, 0.000000000000000000, 2.622662881087937378E-16 ) ) ;
#829 = ORIENTED_EDGE ( 'NONE', *, *, #2067, .F. ) ;
#830 = DIRECTION ( 'NONE',  ( -1.000000000000000000, 0.000000000000000000, 0.000000000000000000 ) ) ;
#831 = VERTEX_POINT ( 'NONE', #1764 ) ;
#832 = AXIS2_PLACEMENT_3D ( 'NONE', #2783, #321, #2461 ) ;
#833 = CARTESIAN_POINT ( 'NONE',  ( 1.399999999999999689, 0.000000000000000000, -1.249999999999999778 ) ) ;
#834 = VECTOR ( 'NONE', #329, 1000.000000000000000 ) ;
#835 = CARTESIAN_POINT ( 'NONE',  ( 0.6000000000000003109, 1.700000000000000178, -1.149999999999999245 ) ) ;
#836 = ORIENTED_EDGE ( 'NONE', *, *, #410, .F. ) ;
#837 = CARTESIAN_POINT ( 'NONE',  ( 1.400000000000000355, 0.4500000000000000111, 0.4999999999999994449 ) ) ;
#838 = ORIENTED_EDGE ( 'NONE', *, *, #3455, .T. ) ;
#839 = EDGE_CURVE ( 'NONE', #3065, #505, #3360, .T. ) ;
#840 = DIRECTION ( 'NONE',  ( 0.000000000000000000, -1.000000000000000000, 0.000000000000000000 ) ) ;
#841 = VERTEX_POINT ( 'NONE', #3093 ) ;
#842 = VECTOR ( 'NONE', #4046, 1000.000000000000000 ) ;
#843 = ORIENTED_EDGE ( 'NONE', *, *, #2435, .T. ) ;
#844 = EDGE_LOOP ( 'NONE', ( #3157, #1589, #1132, #1998 ) ) ;
#845 = FACE_OUTER_BOUND ( 'NONE', #2160, .T. ) ;
#846 = SURFACE_SIDE_STYLE ('',( #3277 ) ) ;
#847 = CARTESIAN_POINT ( 'NONE',  ( 1.400000000000000355, 0.000000000000000000, 0.4999999999999994449 ) ) ;
#848 = EDGE_CURVE ( 'NONE', #2270, #4021, #721, .T. ) ;
#849 = ORIENTED_EDGE ( 'NONE', *, *, #190, .F. ) ;
#850 = DIRECTION ( 'NONE',  ( 0.000000000000000000, 0.000000000000000000, 1.000000000000000000 ) ) ;
#851 = VECTOR ( 'NONE', #3538, 1000.000000000000000 ) ;
#852 = PLANE ( 'NONE',  #22 ) ;
#853 = ORIENTED_EDGE ( 'NONE', *, *, #8, .F. ) ;
#854 = CARTESIAN_POINT ( 'NONE',  ( -1.599999999999999645, 0.4499999999999999001, 1.249999999999999778 ) ) ;
#855 = PLANE ( 'NONE',  #2532 ) ;
#856 = ORIENTED_EDGE ( 'NONE', *, *, #614, .T. ) ;
#857 = CARTESIAN_POINT ( 'NONE',  ( 1.599999999999999867, 0.000000000000000000, 0.2500000000000004996 ) ) ;
#858 = CARTESIAN_POINT ( 'NONE',  ( 1.600000000000000533, 0.6999999999999999556, -1.250000000000000222 ) ) ;
#859 = LINE ( 'NONE', #32, #2269 ) ;
#860 = CARTESIAN_POINT ( 'NONE',  ( 1.499999999999999778, 0.4500000000000000111, 0.5999999999999996447 ) ) ;
#861 = ORIENTED_EDGE ( 'NONE', *, *, #2078, .F. ) ;
#862 = CYLINDRICAL_SURFACE ( 'NONE', #1959, 0.1249999999999998890 ) ;
#863 = DIRECTION ( 'NONE',  ( 0.000000000000000000, 0.000000000000000000, -1.000000000000000000 ) ) ;
#864 = AXIS2_PLACEMENT_3D ( 'NONE', #1085, #970, #3521 ) ;
#865 = DIRECTION ( 'NONE',  ( 0.000000000000000000, 0.000000000000000000, -1.000000000000000000 ) ) ;
#866 = ORIENTED_EDGE ( 'NONE', *, *, #2202, .T. ) ;
#867 = EDGE_CURVE ( 'NONE', #2655, #2304, #2062, .T. ) ;
#869 = CARTESIAN_POINT ( 'NONE',  ( -1.400000000000000355, 0.000000000000000000, 0.4999999999999994449 ) ) ;
#868 = VECTOR ( 'NONE', #1645, 1000.000000000000000 ) ;
#870 = CARTESIAN_POINT ( 'NONE',  ( 1.599999999999999645, 0.000000000000000000, -1.049999999999999822 ) ) ;
#871 = LINE ( 'NONE', #3591, #2190 ) ;
#872 = DIRECTION ( 'NONE',  ( -0.000000000000000000, 0.000000000000000000, 1.000000000000000000 ) ) ;
#873 = DIRECTION ( 'NONE',  ( -0.000000000000000000, -1.000000000000000000, -0.000000000000000000 ) ) ;
#874 = ORIENTED_EDGE ( 'NONE', *, *, #4026, .F. ) ;
#875 = AXIS2_PLACEMENT_3D ( 'NONE', #55, #128, #1122 ) ;
#876 = VECTOR ( 'NONE', #1996, 1000.000000000000000 ) ;
#877 = ORIENTED_EDGE ( 'NONE', *, *, #176, .F. ) ;
#878 = CARTESIAN_POINT ( 'NONE',  ( -1.599999999999999645, 0.000000000000000000, -1.049999999999999822 ) ) ;
#879 = ORIENTED_EDGE ( 'NONE', *, *, #1970, .F. ) ;
#880 = FACE_OUTER_BOUND ( 'NONE', #3332, .T. ) ;
#881 = CARTESIAN_POINT ( 'NONE',  ( 1.599999999999999867, 0.000000000000000000, -0.5500000000000003775 ) ) ;
#882 = VERTEX_POINT ( 'NONE', #3392 ) ;
#883 = DIRECTION ( 'NONE',  ( 0.7071067811865455743, 0.000000000000000000, -0.7071067811865493491 ) ) ;
#884 = ORIENTED_EDGE ( 'NONE', *, *, #2130, .F. ) ;
#885 = DIRECTION ( 'NONE',  ( 0.000000000000000000, 0.000000000000000000, 1.000000000000000000 ) ) ;
#886 = CARTESIAN_POINT ( 'NONE',  ( 1.599999999999999645, 0.4500000000000000111, 1.049999999999999822 ) ) ;
#887 = CYLINDRICAL_SURFACE ( 'NONE', #3808, 0.1999999999999998723 ) ;
#888 = CARTESIAN_POINT ( 'NONE',  ( 1.599999999999999645, 1.700000000000000178, -1.249999999999999778 ) ) ;
#889 = CARTESIAN_POINT ( 'NONE',  ( -0.5999999999999996447, 0.000000000000000000, -1.149999999999999467 ) ) ;
#890 = ORIENTED_EDGE ( 'NONE', *, *, #2335, .T. ) ;
#891 = EDGE_CURVE ( 'NONE', #1858, #659, #683, .T. ) ;
#892 = CARTESIAN_POINT ( 'NONE',  ( 1.399999999999999689, 0.4500000000000000111, 1.249999999999999778 ) ) ;
#893 = CARTESIAN_POINT ( 'NONE',  ( 1.426794919243111970, 0.000000000000000000, 1.149999999999999689 ) ) ;
#894 = CARTESIAN_POINT ( 'NONE',  ( -1.539999999999999591, 0.6999999999999999556, -0.4899999999999995470 ) ) ;
#895 = LINE ( 'NONE', #2889, #819 ) ;
#896 = DIRECTION ( 'NONE',  ( 0.000000000000000000, 0.000000000000000000, 1.000000000000000000 ) ) ;
#897 = ORIENTED_EDGE ( 'NONE', *, *, #3871, .T. ) ;
#898 = EDGE_CURVE ( 'NONE', #2580, #1791, #616, .T. ) ;
#899 = CYLINDRICAL_SURFACE ( 'NONE', #2327, 0.2000000000000000944 ) ;
#900 = DIRECTION ( 'NONE',  ( -1.000000000000000000, 0.000000000000000000, 5.004010026856174159E-16 ) ) ;
#901 = ORIENTED_EDGE ( 'NONE', *, *, #2592, .F. ) ;
#902 = DIRECTION ( 'NONE',  ( 0.000000000000000000, 0.000000000000000000, -1.000000000000000000 ) ) ;
#903 = EDGE_CURVE ( 'NONE', #3944, #1849, #3354, .T. ) ;
#904 = DIRECTION ( 'NONE',  ( 4.547876366663550389E-16, 0.000000000000000000, -1.000000000000000000 ) ) ;
#905 = ORIENTED_EDGE ( 'NONE', *, *, #3506, .F. ) ;
#906 = DIRECTION ( 'NONE',  ( 0.000000000000000000, 0.000000000000000000, -1.000000000000000000 ) ) ;
#907 = CARTESIAN_POINT ( 'NONE',  ( 1.426794919243112192, 0.4500000000000000111, -1.149999999999999245 ) ) ;
#908 = AXIS2_PLACEMENT_3D ( 'NONE', #2523, #3490, #620 ) ;
#909 = CIRCLE ( 'NONE', #2147, 0.2000000000000000944 ) ;
#910 = CARTESIAN_POINT ( 'NONE',  ( -1.599999999999999645, 0.6999999999999999556, 1.125000000000000000 ) ) ;
#911 = CARTESIAN_POINT ( 'NONE',  ( -1.400000000000001021, 5.640054944640261247, 1.050000000000000488 ) ) ;
#912 = CARTESIAN_POINT ( 'NONE',  ( -1.540000000000000036, 0.6999999999999999556, -1.855190384030761323E-15 ) ) ;
#913 = ORIENTED_EDGE ( 'NONE', *, *, #1997, .T. ) ;
#914 = CARTESIAN_POINT ( 'NONE',  ( 1.500000000000000444, 0.6999999999999999556, -1.050000000000000266 ) ) ;
#915 = CARTESIAN_POINT ( 'NONE',  ( -1.399999999999999689, 0.9000000000000000222, 1.150000000000000355 ) ) ;
#916 = DIRECTION ( 'NONE',  ( 0.000000000000000000, 0.000000000000000000, -1.000000000000000000 ) ) ;
#917 = FACE_OUTER_BOUND ( 'NONE', #3018, .T. ) ;
#918 = DIRECTION ( 'NONE',  ( 5.004010026856177117E-16, 0.000000000000000000, -1.000000000000000000 ) ) ;
#919 = AXIS2_PLACEMENT_3D ( 'NONE', #421, #2972, #3313 ) ;
#920 = DIRECTION ( 'NONE',  ( 0.000000000000000000, 0.000000000000000000, -1.000000000000000000 ) ) ;
#921 = ORIENTED_EDGE ( 'NONE', *, *, #1488, .T. ) ;
#922 = LINE ( 'NONE', #3947, #2393 ) ;
#923 = CARTESIAN_POINT ( 'NONE',  ( -1.599999999999999645, 0.4499999999999999001, 1.049999999999999822 ) ) ;
#924 = ADVANCED_FACE ( 'NONE', ( #604 ), #2830, .F. ) ;
#925 = DIRECTION ( 'NONE',  ( -0.000000000000000000, -1.000000000000000000, -0.000000000000000000 ) ) ;
#926 = ORIENTED_EDGE ( 'NONE', *, *, #3723, .T. ) ;
#927 = AXIS2_PLACEMENT_3D ( 'NONE', #456, #2921, #30 ) ;
#928 = VECTOR ( 'NONE', #3662, 1000.000000000000000 ) ;
#929 = DIRECTION ( 'NONE',  ( -0.000000000000000000, -1.000000000000000000, -0.000000000000000000 ) ) ;
#930 = EDGE_CURVE ( 'NONE', #3235, #2084, #663, .T. ) ;
#931 = ORIENTED_EDGE ( 'NONE', *, *, #145, .T. ) ;
#932 = DIRECTION ( 'NONE',  ( -2.168404344971007685E-15, 0.000000000000000000, 1.000000000000000000 ) ) ;
#933 = APPLICATION_PROTOCOL_DEFINITION ( 'draft international standard', 'automotive_design', 1998, #2209 ) ;
#934 = EDGE_CURVE ( 'NONE', #536, #25, #1984, .T. ) ;
#935 = CARTESIAN_POINT ( 'NONE',  ( -1.599999999999999645, 1.700000000000000178, 1.049999999999999822 ) ) ;
#936 = FACE_OUTER_BOUND ( 'NONE', #3593, .T. ) ;
#937 = CARTESIAN_POINT ( 'NONE',  ( 1.475000000000000533, 0.6999999999999999556, -1.250000000000000222 ) ) ;
#938 = CARTESIAN_POINT ( 'NONE',  ( 1.426794919243111970, 0.000000000000000000, 1.149999999999999689 ) ) ;
#939 = EDGE_CURVE ( 'NONE', #1713, #212, #2069, .T. ) ;
#940 = ORIENTED_EDGE ( 'NONE', *, *, #1262, .T. ) ;
#941 = FACE_OUTER_BOUND ( 'NONE', #1999, .T. ) ;
#942 = DIRECTION ( 'NONE',  ( 0.000000000000000000, 0.000000000000000000, -1.000000000000000000 ) ) ;
#943 = DIRECTION ( 'NONE',  ( 0.000000000000000000, 0.000000000000000000, -1.000000000000000000 ) ) ;
#944 = LINE ( 'NONE', #3288, #2399 ) ;
#945 = DIRECTION ( 'NONE',  ( 0.000000000000000000, -1.000000000000000000, 0.000000000000000000 ) ) ;
#946 = CARTESIAN_POINT ( 'NONE',  ( 1.400000000000000577, 0.000000000000000000, -0.4999999999999994449 ) ) ;
#947 = EDGE_CURVE ( 'NONE', #2304, #48, #670, .T. ) ;
#948 = ORIENTED_EDGE ( 'NONE', *, *, #1158, .T. ) ;
#949 = LINE ( 'NONE', #3879, #3787 ) ;
#950 = DIRECTION ( 'NONE',  ( -0.7071067811865452413, -0.000000000000000000, -0.7071067811865497932 ) ) ;
#951 = CARTESIAN_POINT ( 'NONE',  ( -1.499999999999999778, 0.9000000000000000222, 1.050000000000000266 ) ) ;
#952 = ORIENTED_EDGE ( 'NONE', *, *, #2169, .F. ) ;
#953 = EDGE_CURVE ( 'NONE', #1571, #1782, #708, .T. ) ;
#954 = VECTOR ( 'NONE', #1002, 1000.000000000000000 ) ;
#955 = VECTOR ( 'NONE', #514, 1000.000000000000000 ) ;
#956 = DIRECTION ( 'NONE',  ( -0.000000000000000000, -1.000000000000000000, -0.000000000000000000 ) ) ;
#957 = ADVANCED_FACE ( 'NONE', ( #3373 ), #1977, .F. ) ;
#958 = VERTEX_POINT ( 'NONE', #3769 ) ;
#959 =( GEOMETRIC_REPRESENTATION_CONTEXT ( 3 ) GLOBAL_UNCERTAINTY_ASSIGNED_CONTEXT ( ( #387 ) ) GLOBAL_UNIT_ASSIGNED_CONTEXT ( ( #993, #1644, #1995 ) ) REPRESENTATION_CONTEXT ( 'NONE', 'WORKASPACE' ) );
#960 = DIRECTION ( 'NONE',  ( 0.7071067811865452413, 0.000000000000000000, 0.7071067811865497932 ) ) ;
#961 = PRODUCT_CONTEXT ( 'NONE', #2209, 'mechanical' ) ;
#962 = LINE ( 'NONE', #2872, #989 ) ;
#963 = DIRECTION ( 'NONE',  ( 0.000000000000000000, -1.000000000000000000, 0.000000000000000000 ) ) ;
#964 = FACE_OUTER_BOUND ( 'NONE', #1064, .T. ) ;
#965 = DIRECTION ( 'NONE',  ( 0.7071067811865513475, 0.000000000000000000, 0.7071067811865436870 ) ) ;
#966 = ORIENTED_EDGE ( 'NONE', *, *, #1749, .T. ) ;
#967 = VECTOR ( 'NONE', #1053, 1000.000000000000000 ) ;
#968 =( GEOMETRIC_REPRESENTATION_CONTEXT ( 3 ) GLOBAL_UNCERTAINTY_ASSIGNED_CONTEXT ( ( #2423 ) ) GLOBAL_UNIT_ASSIGNED_CONTEXT ( ( #1373, #2630, #3531 ) ) REPRESENTATION_CONTEXT ( 'NONE', 'WORKASPACE' ) );
#969 = DIRECTION ( 'NONE',  ( -0.7071067811865436870, 0.000000000000000000, 0.7071067811865513475 ) ) ;
#970 = DIRECTION ( 'NONE',  ( -0.000000000000000000, 1.000000000000000000, 0.000000000000000000 ) ) ;
#971 = LINE ( 'NONE', #3640, #3676 ) ;
#972 = AXIS2_PLACEMENT_3D ( 'NONE', #613, #3750, #904 ) ;
#973 = CARTESIAN_POINT ( 'NONE',  ( 1.499999999999999778, 0.4500000000000000111, -0.5999999999999992006 ) ) ;
#974 = ORIENTED_EDGE ( 'NONE', *, *, #810, .T. ) ;
#975 = ORIENTED_EDGE ( 'NONE', *, *, #3730, .T. ) ;
#976 = FACE_OUTER_BOUND ( 'NONE', #1719, .T. ) ;
#977 = DIRECTION ( 'NONE',  ( 0.000000000000000000, -1.000000000000000000, 0.000000000000000000 ) ) ;
#978 = EDGE_CURVE ( 'NONE', #692, #2262, #2076, .T. ) ;
#979 = CARTESIAN_POINT ( 'NONE',  ( 1.539999999999999591, 0.000000000000000000, -0.4899999999999995470 ) ) ;
#980 = ORIENTED_EDGE ( 'NONE', *, *, #419, .F. ) ;
#981 = FACE_OUTER_BOUND ( 'NONE', #1381, .T. ) ;
#982 = EDGE_CURVE ( 'NONE', #1976, #92, #3451, .T. ) ;
#983 = DIRECTION ( 'NONE',  ( -0.7071067811865452413, -0.000000000000000000, -0.7071067811865497932 ) ) ;
#984 = LINE ( 'NONE', #3000, #3782 ) ;
#985 = DIRECTION ( 'NONE',  ( 0.000000000000000000, 0.000000000000000000, 1.000000000000000000 ) ) ;
#986 = ORIENTED_EDGE ( 'NONE', *, *, #3196, .F. ) ;
#987 = CARTESIAN_POINT ( 'NONE',  ( -1.399999999999999467, 0.000000000000000000, -1.249999999999999778 ) ) ;
#988 = CARTESIAN_POINT ( 'NONE',  ( 0.000000000000000000, 0.000000000000000000, 0.000000000000000000 ) ) ;
#989 = VECTOR ( 'NONE', #2664, 1000.000000000000000 ) ;
#990 = CARTESIAN_POINT ( 'NONE',  ( -1.499999999999999778, 0.4500000000000000111, 0.5999999999999993117 ) ) ;
#991 = EDGE_CURVE ( 'NONE', #1784, #3041, #596, .T. ) ;
#992 = LINE ( 'NONE', #1524, #2326 ) ;
#993 =( LENGTH_UNIT ( ) NAMED_UNIT ( * ) SI_UNIT ( .MILLI., .METRE. ) );
#994 = DIRECTION ( 'NONE',  ( 0.000000000000000000, 0.000000000000000000, 1.000000000000000000 ) ) ;
#995 = ADVANCED_FACE ( 'NONE', ( #630 ), #3121, .F. ) ;
#996 = ORIENTED_EDGE ( 'NONE', *, *, #3201, .T. ) ;
#997 = CIRCLE ( 'NONE', #3246, 0.2000000000000000944 ) ;
#998 = CARTESIAN_POINT ( 'NONE',  ( -1.499999999999999778, 0.000000000000000000, 1.076794919243112103 ) ) ;
#999 = PLANE ( 'NONE',  #3279 ) ;
#1000 = LINE ( 'NONE', #2687, #1038 ) ;
#1001 = EDGE_CURVE ( 'NONE', #4099, #2715, #1992, .T. ) ;
#1002 = DIRECTION ( 'NONE',  ( -0.000000000000000000, -0.000000000000000000, -1.000000000000000000 ) ) ;
#1003 = VERTEX_POINT ( 'NONE', #2241 ) ;
#1004 = CARTESIAN_POINT ( 'NONE',  ( -1.400000000000000355, 1.700000000000000178, 0.4999999999999994449 ) ) ;
#1005 = AXIS2_PLACEMENT_3D ( 'NONE', #2288, #2333, #3616 ) ;
#1006 = FACE_OUTER_BOUND ( 'NONE', #3248, .T. ) ;
#1007 = EDGE_CURVE ( 'NONE', #3207, #2098, #3367, .T. ) ;
#1008 = ADVANCED_FACE ( 'NONE', ( #880 ), #887, .T. ) ;
#1009 = DIRECTION ( 'NONE',  ( -0.000000000000000000, 1.000000000000000000, -0.000000000000000000 ) ) ;
#1010 = ORIENTED_EDGE ( 'NONE', *, *, #3042, .F. ) ;
#1011 = VECTOR ( 'NONE', #1235, 1000.000000000000000 ) ;
#1012 = SURFACE_SIDE_STYLE ('',( #1423 ) ) ;
#1013 = LINE ( 'NONE', #587, #2446 ) ;
#1014 = AXIS2_PLACEMENT_3D ( 'NONE', #2948, #130, #104 ) ;
#1015 = CARTESIAN_POINT ( 'NONE',  ( -1.499999999999999778, 0.4500000000000000111, 0.5999999999999993117 ) ) ;
#1016 = CARTESIAN_POINT ( 'NONE',  ( -1.400000000000001021, 5.640054944640261247, 1.100000000000000311 ) ) ;
#1017 = ORIENTED_EDGE ( 'NONE', *, *, #2767, .F. ) ;
#1018 = PLANE ( 'NONE',  #361 ) ;
#1019 = FACE_OUTER_BOUND ( 'NONE', #1826, .T. ) ;
#1020 = VERTEX_POINT ( 'NONE', #1968 ) ;
#1021 = CARTESIAN_POINT ( 'NONE',  ( -1.599999999999999645, 0.000000000000000000, -1.125000000000000222 ) ) ;
#1022 = VECTOR ( 'NONE', #53, 1000.000000000000000 ) ;
#1023 = CARTESIAN_POINT ( 'NONE',  ( 1.599999999999999645, 1.700000000000000178, -1.125000000000000222 ) ) ;
#1024 = EDGE_LOOP ( 'NONE', ( #2825, #2700, #3801, #879 ) ) ;
#1025 = VECTOR ( 'NONE', #963, 1000.000000000000000 ) ;
#1026 = AXIS2_PLACEMENT_3D ( 'NONE', #220, #2149, #1164 ) ;
#1027 = VERTEX_POINT ( 'NONE', #2268 ) ;
#1028 = DIRECTION ( 'NONE',  ( 0.000000000000000000, -1.000000000000000000, 0.000000000000000000 ) ) ;
#1029 = DIRECTION ( 'NONE',  ( -0.000000000000000000, -1.000000000000000000, -0.000000000000000000 ) ) ;
#1030 = VECTOR ( 'NONE', #1263, 1000.000000000000000 ) ;
#1031 = ADVANCED_FACE ( 'NONE', ( #2199 ), #3267, .T. ) ;
#1032 = DIRECTION ( 'NONE',  ( -0.000000000000000000, -0.000000000000000000, 1.000000000000000000 ) ) ;
#1033 = CARTESIAN_POINT ( 'NONE',  ( -1.599999999999999645, 0.000000000000000000, 1.049999999999999822 ) ) ;
#1034 = EDGE_LOOP ( 'NONE', ( #3278, #303, #975, #420 ) ) ;
#1035 = VECTOR ( 'NONE', #234, 1000.000000000000000 ) ;
#1036 = ORIENTED_EDGE ( 'NONE', *, *, #238, .T. ) ;
#1037 = CARTESIAN_POINT ( 'NONE',  ( 1.499999999999999778, 0.4499999999999999001, 1.076794919243112325 ) ) ;
#1038 = VECTOR ( 'NONE', #352, 1000.000000000000000 ) ;
#1039 = CARTESIAN_POINT ( 'NONE',  ( -1.450000000000001288, 1.000000000000000000, 1.050000000000000488 ) ) ;
#1040 = DIRECTION ( 'NONE',  ( 0.000000000000000000, -1.000000000000000000, 0.000000000000000000 ) ) ;
#1041 = EDGE_CURVE ( 'NONE', #760, #2998, #3487, .T. ) ;
#1042 = LINE ( 'NONE', #935, #3711 ) ;
#1043 = ORIENTED_EDGE ( 'NONE', *, *, #255, .T. ) ;
#1044 = FILL_AREA_STYLE ('',( #2328 ) ) ;
#1045 = FACE_OUTER_BOUND ( 'NONE', #218, .T. ) ;
#1046 = DIRECTION ( 'NONE',  ( -0.000000000000000000, -1.000000000000000000, -0.000000000000000000 ) ) ;
#1047 = EDGE_CURVE ( 'NONE', #4057, #3877, #816, .T. ) ;
#1048 = VERTEX_POINT ( 'NONE', #1674 ) ;
#1049 = DIRECTION ( 'NONE',  ( 0.000000000000000000, -1.000000000000000000, 0.000000000000000000 ) ) ;
#1050 = VECTOR ( 'NONE', #1611, 1000.000000000000000 ) ;
#1051 = ORIENTED_EDGE ( 'NONE', *, *, #1452, .F. ) ;
#1052 = DIRECTION ( 'NONE',  ( 0.000000000000000000, 0.000000000000000000, 1.000000000000000000 ) ) ;
#1053 = DIRECTION ( 'NONE',  ( 0.000000000000000000, 0.000000000000000000, -1.000000000000000000 ) ) ;
#1054 = VECTOR ( 'NONE', #2631, 1000.000000000000000 ) ;
#1055 = PLANE ( 'NONE',  #2685 ) ;
#1056 = VERTEX_POINT ( 'NONE', #3758 ) ;
#1057 = EDGE_CURVE ( 'NONE', #3904, #2609, #824, .T. ) ;
#1058 = VECTOR ( 'NONE', #84, 1000.000000000000000 ) ;
#1059 = DIRECTION ( 'NONE',  ( 0.000000000000000000, 0.000000000000000000, 1.000000000000000000 ) ) ;
#1060 = CARTESIAN_POINT ( 'NONE',  ( 1.500000000000000666, 0.9000000000000000222, 1.050000000000000266 ) ) ;
#1061 = LINE ( 'NONE', #1726, #2355 ) ;
#1062 = CARTESIAN_POINT ( 'NONE',  ( -0.5999999999999999778, 0.4500000000000000111, 1.149999999999999023 ) ) ;
#1063 = AXIS2_PLACEMENT_3D ( 'NONE', #3719, #2453, #253 ) ;
#1064 = EDGE_LOOP ( 'NONE', ( #1639, #3217, #2156, #1332 ) ) ;
#1065 = EDGE_CURVE ( 'NONE', #129, #4069, #2124, .T. ) ;
#1066 = LINE ( 'NONE', #3630, #3817 ) ;
#1067 = DIRECTION ( 'NONE',  ( 0.000000000000000000, 0.000000000000000000, 1.000000000000000000 ) ) ;
#1068 = ADVANCED_FACE ( 'NONE', ( #3627 ), #395, .T. ) ;
#1069 = CARTESIAN_POINT ( 'NONE',  ( 1.599999999999999645, 0.000000000000000000, 1.049999999999999822 ) ) ;
#1070 = LINE ( 'NONE', #835, #1025 ) ;
#1071 = AXIS2_PLACEMENT_3D ( 'NONE', #200, #2459, #561 ) ;
#1072 = VECTOR ( 'NONE', #3696, 1000.000000000000000 ) ;
#1073 = CARTESIAN_POINT ( 'NONE',  ( -1.599999999999999645, 0.4499999999999999001, 1.125000000000000000 ) ) ;
#1074 = CARTESIAN_POINT ( 'NONE',  ( 1.400000000000000133, 0.9000000000000000222, 1.050000000000000266 ) ) ;
#1075 = DIRECTION ( 'NONE',  ( -0.7071067811865491270, 0.000000000000000000, -0.7071067811865459074 ) ) ;
#1076 = FACE_OUTER_BOUND ( 'NONE', #3795, .T. ) ;
#1077 = DIRECTION ( 'NONE',  ( -0.000000000000000000, -1.000000000000000000, -0.000000000000000000 ) ) ;
#1078 = LINE ( 'NONE', #3452, #1090 ) ;
#1079 = CARTESIAN_POINT ( 'NONE',  ( 0.000000000000000000, 1.000000000000000000, 0.000000000000000000 ) ) ;
#1080 = ADVANCED_FACE ( 'NONE', ( #733 ), #649, .F. ) ;
#1081 = AXIS2_PLACEMENT_3D ( 'NONE', #1498, #1843, #2186 ) ;
#1082 = VECTOR ( 'NONE', #2949, 1000.000000000000000 ) ;
#1083 = EDGE_CURVE ( 'NONE', #1395, #392, #740, .T. ) ;
#1084 = DIRECTION ( 'NONE',  ( 0.000000000000000000, 0.000000000000000000, 1.000000000000000000 ) ) ;
#1085 = CARTESIAN_POINT ( 'NONE',  ( 1.599999999999999645, 0.4500000000000000111, 1.249999999999999778 ) ) ;
#1086 = LINE ( 'NONE', #881, #2588 ) ;
#1087 = EDGE_CURVE ( 'NONE', #35, #1020, #3581, .T. ) ;
#1088 = EDGE_LOOP ( 'NONE', ( #3674, #1282, #3562, #1247 ) ) ;
#1089 = EDGE_CURVE ( 'NONE', #92, #3310, #2227, .T. ) ;
#1090 = VECTOR ( 'NONE', #1900, 1000.000000000000000 ) ;
#1091 = CARTESIAN_POINT ( 'NONE',  ( -1.599999999999999645, 0.4500000000000000111, -1.249999999999999778 ) ) ;
#1092 = LINE ( 'NONE', #3848, #3866 ) ;
#1093 = ORIENTED_EDGE ( 'NONE', *, *, #3159, .F. ) ;
#1094 = LINE ( 'NONE', #1521, #2465 ) ;
#1095 = EDGE_CURVE ( 'NONE', #2923, #2223, #859, .T. ) ;
#1096 = DIRECTION ( 'NONE',  ( -1.000000000000000000, 0.000000000000000000, 0.000000000000000000 ) ) ;
#1097 = DIRECTION ( 'NONE',  ( -1.000000000000000000, 0.000000000000000000, -1.858632295689437187E-15 ) ) ;
#1098 = LINE ( 'NONE', #3528, #3909 ) ;
#1099 = PLANE ( 'NONE',  #1005 ) ;
#1100 = ORIENTED_EDGE ( 'NONE', *, *, #3106, .T. ) ;
#1101 = ORIENTED_EDGE ( 'NONE', *, *, #2745, .T. ) ;
#1102 = CARTESIAN_POINT ( 'NONE',  ( -1.399999999999999689, 0.9000000000000000222, -1.050000000000000266 ) ) ;
#1103 = AXIS2_PLACEMENT_3D ( 'NONE', #731, #1413, #1305 ) ;
#1104 = LINE ( 'NONE', #2187, #1150 ) ;
#1105 = DIRECTION ( 'NONE',  ( 0.000000000000000000, -1.000000000000000000, 0.000000000000000000 ) ) ;
#1106 = EDGE_CURVE ( 'NONE', #2595, #481, #2233, .T. ) ;
#1107 = ORIENTED_EDGE ( 'NONE', *, *, #3350, .F. ) ;
#1108 = PLANE ( 'NONE',  #2926 ) ;
#1109 = DIRECTION ( 'NONE',  ( 0.000000000000000000, 0.000000000000000000, -1.000000000000000000 ) ) ;
#1110 = FACE_OUTER_BOUND ( 'NONE', #3556, .T. ) ;
#1111 = PRESENTATION_LAYER_ASSIGNMENT (  '', '', ( #1513 ) ) ;
#1112 = LINE ( 'NONE', #637, #2579 ) ;
#1113 = ORIENTED_EDGE ( 'NONE', *, *, #1887, .T. ) ;
#1114 = EDGE_LOOP ( 'NONE', ( #1051, #2426, #974, #1632 ) ) ;
#1115 = CARTESIAN_POINT ( 'NONE',  ( -1.426794919243111970, 0.4500000000000000111, -1.149999999999999689 ) ) ;
#1116 = FACE_OUTER_BOUND ( 'NONE', #1518, .T. ) ;
#1117 = AXIS2_PLACEMENT_3D ( 'NONE', #3615, #2066, #1348 ) ;
#1118 = DIRECTION ( 'NONE',  ( -0.000000000000000000, -1.000000000000000000, -0.000000000000000000 ) ) ;
#1119 = ORIENTED_EDGE ( 'NONE', *, *, #4077, .T. ) ;
#1120 = LINE ( 'NONE', #3397, #1072 ) ;
#1121 = DIRECTION ( 'NONE',  ( -0.000000000000000000, -1.000000000000000000, -0.000000000000000000 ) ) ;
#1122 = DIRECTION ( 'NONE',  ( 0.000000000000000000, 0.000000000000000000, 1.000000000000000000 ) ) ;
#1123 = FACE_OUTER_BOUND ( 'NONE', #3026, .T. ) ;
#1124 = CARTESIAN_POINT ( 'NONE',  ( -1.400000000000001021, 0.9000000000000000222, -1.100000000000000311 ) ) ;
#1125 = ORIENTED_EDGE ( 'NONE', *, *, #1831, .F. ) ;
#1126 = EDGE_CURVE ( 'NONE', #281, #1147, #2255, .T. ) ;
#1127 = DIRECTION ( 'NONE',  ( 0.000000000000000000, 0.000000000000000000, -1.000000000000000000 ) ) ;
#1128 = CARTESIAN_POINT ( 'NONE',  ( 1.599999999999999645, 0.000000000000000000, -1.249999999999999778 ) ) ;
#1129 = EDGE_CURVE ( 'NONE', #668, #2761, #3637, .T. ) ;
#1130 = LINE ( 'NONE', #979, #2553 ) ;
#1131 = ORIENTED_EDGE ( 'NONE', *, *, #3394, .T. ) ;
#1132 = ORIENTED_EDGE ( 'NONE', *, *, #3356, .T. ) ;
#1133 = DIRECTION ( 'NONE',  ( 0.000000000000000000, 0.000000000000000000, 1.000000000000000000 ) ) ;
#1134 = DIRECTION ( 'NONE',  ( 0.000000000000000000, 0.000000000000000000, -1.000000000000000000 ) ) ;
#1135 = EDGE_CURVE ( 'NONE', #3126, #4021, #3632, .T. ) ;
#1136 = DIRECTION ( 'NONE',  ( -0.000000000000000000, -1.000000000000000000, -0.000000000000000000 ) ) ;
#1137 = LINE ( 'NONE', #3887, #2544 ) ;
#1138 = ORIENTED_EDGE ( 'NONE', *, *, #759, .T. ) ;
#1139 = CARTESIAN_POINT ( 'NONE',  ( 1.599999999999999645, 0.000000000000000000, 1.125000000000000444 ) ) ;
#1140 = CIRCLE ( 'NONE', #1903, 0.1999999999999998723 ) ;
#1141 = ADVANCED_FACE ( 'NONE', ( #3561 ), #3463, .F. ) ;
#1142 = PLANE ( 'NONE',  #3744 ) ;
#1143 = CARTESIAN_POINT ( 'NONE',  ( -0.5999999999999996447, 0.000000000000000000, -0.4999999999999994449 ) ) ;
#1144 = LINE ( 'NONE', #3576, #2477 ) ;
#1145 = CARTESIAN_POINT ( 'NONE',  ( 0.5999999999999996447, 0.4499999999999999001, -0.7999999999999994893 ) ) ;
#1146 = EDGE_CURVE ( 'NONE', #697, #3207, #2215, .T. ) ;
#1147 = VERTEX_POINT ( 'NONE', #4108 ) ;
#1148 = EDGE_LOOP ( 'NONE', ( #1824, #3414, #2656, #3155 ) ) ;
#1149 = CARTESIAN_POINT ( 'NONE',  ( -1.426794919243111970, 0.4500000000000000111, 1.149999999999999245 ) ) ;
#1150 = VECTOR ( 'NONE', #1879, 1000.000000000000000 ) ;
#1151 = DIRECTION ( 'NONE',  ( 0.000000000000000000, -1.000000000000000000, 0.000000000000000000 ) ) ;
#1152 = DIRECTION ( 'NONE',  ( 0.000000000000000000, 1.000000000000000000, -0.000000000000000000 ) ) ;
#1153 = CARTESIAN_POINT ( 'NONE',  ( 1.400000000000000577, 5.640054944640261247, -1.050000000000000266 ) ) ;
#1154 = FACE_OUTER_BOUND ( 'NONE', #250, .T. ) ;
#1155 = DIRECTION ( 'NONE',  ( -0.000000000000000000, -1.000000000000000000, -0.000000000000000000 ) ) ;
#1156 = ORIENTED_EDGE ( 'NONE', *, *, #586, .T. ) ;
#1157 = ORIENTED_EDGE ( 'NONE', *, *, #1316, .T. ) ;
#1158 = EDGE_CURVE ( 'NONE', #2240, #4028, #2237, .T. ) ;
#1159 = LINE ( 'NONE', #3129, #2674 ) ;
#1160 = DIRECTION ( 'NONE',  ( -0.000000000000000000, 0.000000000000000000, -1.000000000000000000 ) ) ;
#1161 = LINE ( 'NONE', #415, #3838 ) ;
#1162 = VERTEX_POINT ( 'NONE', #3952 ) ;
#1163 = ORIENTED_EDGE ( 'NONE', *, *, #1158, .F. ) ;
#1164 = DIRECTION ( 'NONE',  ( 0.000000000000000000, 0.000000000000000000, -1.000000000000000000 ) ) ;
#1165 = DIRECTION ( 'NONE',  ( 0.000000000000000000, 0.000000000000000000, -1.000000000000000000 ) ) ;
#1166 = LINE ( 'NONE', #3434, #2557 ) ;
#1167 = DIRECTION ( 'NONE',  ( 0.000000000000000000, 0.000000000000000000, -1.000000000000000000 ) ) ;
#1168 = CARTESIAN_POINT ( 'NONE',  ( -1.599999999999999645, 0.6999999999999999556, 0.000000000000000000 ) ) ;
#1169 = CIRCLE ( 'NONE', #1724, 0.1249999999999998890 ) ;
#1170 = ORIENTED_EDGE ( 'NONE', *, *, #98, .T. ) ;
#1171 = ORIENTED_EDGE ( 'NONE', *, *, #3881, .T. ) ;
#1172 = DIRECTION ( 'NONE',  ( 0.000000000000000000, -1.000000000000000000, 0.000000000000000000 ) ) ;
#1173 = AXIS2_PLACEMENT_3D ( 'NONE', #854, #1172, #2155 ) ;
#1174 = CARTESIAN_POINT ( 'NONE',  ( 1.599999999999999645, 0.4500000000000000111, 1.049999999999999822 ) ) ;
#1175 = CYLINDRICAL_SURFACE ( 'NONE', #1523, 0.1999999999999998723 ) ;
#1176 = AXIS2_PLACEMENT_3D ( 'NONE', #675, #965, #3232 ) ;
#1177 = DIRECTION ( 'NONE',  ( -0.000000000000000000, 0.000000000000000000, 1.000000000000000000 ) ) ;
#1178 = DIRECTION ( 'NONE',  ( -0.000000000000000000, -1.000000000000000000, -0.000000000000000000 ) ) ;
#1179 = FACE_OUTER_BOUND ( 'NONE', #2068, .T. ) ;
#1180 = EDGE_LOOP ( 'NONE', ( #3966, #1774, #3919, #522 ) ) ;
#1181 = ORIENTED_EDGE ( 'NONE', *, *, #3673, .T. ) ;
#1182 = CARTESIAN_POINT ( 'NONE',  ( -1.499999999999999556, 1.700000000000000178, -1.076794919243112325 ) ) ;
#1183 = FACE_OUTER_BOUND ( 'NONE', #2181, .T. ) ;
#1184 = PLANE ( 'NONE',  #319 ) ;
#1185 = ADVANCED_FACE ( 'NONE', ( #2184 ), #862, .F. ) ;
#1186 = EDGE_CURVE ( 'NONE', #2609, #3310, #2275, .T. ) ;
#1187 = CARTESIAN_POINT ( 'NONE',  ( 1.400000000000000355, 0.9000000000000000222, -1.050000000000000266 ) ) ;
#1188 = DIRECTION ( 'NONE',  ( -0.000000000000000000, -1.000000000000000000, -0.000000000000000000 ) ) ;
#1189 = ORIENTED_EDGE ( 'NONE', *, *, #294, .T. ) ;
#1190 = CARTESIAN_POINT ( 'NONE',  ( 1.399999999999999689, 0.4500000000000000111, -1.249999999999999778 ) ) ;
#1191 = EDGE_CURVE ( 'NONE', #97, #129, #909, .T. ) ;
#1192 = CYLINDRICAL_SURFACE ( 'NONE', #3375, 0.1249999999999994588 ) ;
#1193 = CARTESIAN_POINT ( 'NONE',  ( -1.399999999999999467, 0.4500000000000000111, -1.249999999999999778 ) ) ;
#1194 = LINE ( 'NONE', #4097, #2566 ) ;
#1195 = EDGE_LOOP ( 'NONE', ( #1414, #849, #2795, #926 ) ) ;
#1196 = DIRECTION ( 'NONE',  ( -1.000000000000000000, 0.000000000000000000, 0.000000000000000000 ) ) ;
#1197 = DIRECTION ( 'NONE',  ( -1.000000000000000000, -0.000000000000000000, -0.000000000000000000 ) ) ;
#1198 = LINE ( 'NONE', #2030, #3888 ) ;
#1199 = EDGE_CURVE ( 'NONE', #775, #1760, #812, .T. ) ;
#1200 = CARTESIAN_POINT ( 'NONE',  ( 1.500000000000000000, 0.4499999999999999001, -1.076794919243111881 ) ) ;
#1201 = ORIENTED_EDGE ( 'NONE', *, *, #3968, .F. ) ;
#1202 = ORIENTED_EDGE ( 'NONE', *, *, #1708, .F. ) ;
#1203 = CARTESIAN_POINT ( 'NONE',  ( 1.499999999999999778, 0.000000000000000000, -0.5999999999999992006 ) ) ;
#1204 = CARTESIAN_POINT ( 'NONE',  ( 1.599999999999999867, 0.000000000000000000, 0.5500000000000003775 ) ) ;
#1205 = FACE_OUTER_BOUND ( 'NONE', #360, .T. ) ;
#1206 = EDGE_CURVE ( 'NONE', #1048, #958, #2208, .T. ) ;
#1207 = CARTESIAN_POINT ( 'NONE',  ( -1.426794919243111970, 0.4500000000000000111, 1.149999999999999245 ) ) ;
#1208 = DIRECTION ( 'NONE',  ( -0.000000000000000000, -1.000000000000000000, -0.000000000000000000 ) ) ;
#1209 = VERTEX_POINT ( 'NONE', #3363 ) ;
#1210 = ORIENTED_EDGE ( 'NONE', *, *, #1656, .T. ) ;
#1211 = DIRECTION ( 'NONE',  ( 0.000000000000000000, 0.000000000000000000, -1.000000000000000000 ) ) ;
#1212 = VECTOR ( 'NONE', #1032, 1000.000000000000000 ) ;
#1213 =( GEOMETRIC_REPRESENTATION_CONTEXT ( 3 ) GLOBAL_UNCERTAINTY_ASSIGNED_CONTEXT ( ( #3038 ) ) GLOBAL_UNIT_ASSIGNED_CONTEXT ( ( #3200, #3784, #3165 ) ) REPRESENTATION_CONTEXT ( 'NONE', 'WORKASPACE' ) );
#1214 = EDGE_CURVE ( 'NONE', #1229, #2595, #3657, .T. ) ;
#1215 = DIRECTION ( 'NONE',  ( -0.000000000000000000, 1.000000000000000000, -0.000000000000000000 ) ) ;
#1216 = LINE ( 'NONE', #699, #3883 ) ;
#1217 = CARTESIAN_POINT ( 'NONE',  ( 0.5999999999999996447, 0.4500000000000000111, 0.4999999999999994449 ) ) ;
#1218 = CARTESIAN_POINT ( 'NONE',  ( -0.5999999999999996447, 0.4500000000000000111, 0.4999999999999994449 ) ) ;
#1219 = EDGE_LOOP ( 'NONE', ( #774, #3212, #750, #423 ) ) ;
#1220 = ORIENTED_EDGE ( 'NONE', *, *, #2550, .T. ) ;
#1221 = VECTOR ( 'NONE', #782, 1000.000000000000000 ) ;
#1222 = CARTESIAN_POINT ( 'NONE',  ( -1.599999999999999645, 1.700000000000000178, 1.125000000000000000 ) ) ;
#1223 = MECHANICAL_DESIGN_GEOMETRIC_PRESENTATION_REPRESENTATION (  '', ( #3945 ), #2274 ) ;
#1224 = LINE ( 'NONE', #47, #2516 ) ;
#1225 = VERTEX_POINT ( 'NONE', #3687 ) ;
#1226 = FACE_OUTER_BOUND ( 'NONE', #513, .T. ) ;
#1227 = CYLINDRICAL_SURFACE ( 'NONE', #1375, 0.1999999999999998723 ) ;
#1228 = EDGE_LOOP ( 'NONE', ( #1654, #2879, #582, #316 ) ) ;
#1229 = VERTEX_POINT ( 'NONE', #1786 ) ;
#1230 = AXIS2_PLACEMENT_3D ( 'NONE', #684, #631, #1250 ) ;
#1231 = CARTESIAN_POINT ( 'NONE',  ( 1.475000000000000533, 0.6999999999999999556, 1.249999999999999778 ) ) ;
#1232 = VECTOR ( 'NONE', #2081, 1000.000000000000000 ) ;
#1233 = CARTESIAN_POINT ( 'NONE',  ( 1.539999999999999591, 0.000000000000000000, -0.3100000000000004419 ) ) ;
#1234 = APPLICATION_CONTEXT ( 'automotive_design' ) ;
#1235 = DIRECTION ( 'NONE',  ( -0.000000000000000000, 1.000000000000000000, -0.000000000000000000 ) ) ;
#1236 = ORIENTED_EDGE ( 'NONE', *, *, #1214, .T. ) ;
#1237 = EDGE_LOOP ( 'NONE', ( #105, #3175, #3731, #1394 ) ) ;
#1238 = DIRECTION ( 'NONE',  ( 0.000000000000000000, -1.000000000000000000, 0.000000000000000000 ) ) ;
#1239 = CARTESIAN_POINT ( 'NONE',  ( 0.6000000000000003109, 0.000000000000000000, -1.149999999999999245 ) ) ;
#1240 = CARTESIAN_POINT ( 'NONE',  ( -1.399999999999999467, 0.4500000000000000111, 1.249999999999999778 ) ) ;
#1241 = LINE ( 'NONE', #1728, #1264 ) ;
#1242 = EDGE_CURVE ( 'NONE', #3344, #2323, #3647, .T. ) ;
#1243 = PLANE ( 'NONE',  #2195 ) ;
#1244 = LINE ( 'NONE', #147, #4102 ) ;
#1245 = CARTESIAN_POINT ( 'NONE',  ( 1.599999999999999645, 1.700000000000000178, -1.049999999999999822 ) ) ;
#1246 = CARTESIAN_POINT ( 'NONE',  ( 1.599999999999999867, 0.000000000000000000, 0.2500000000000004996 ) ) ;
#1247 = ORIENTED_EDGE ( 'NONE', *, *, #1795, .T. ) ;
#1248 = ORIENTED_EDGE ( 'NONE', *, *, #1206, .F. ) ;
#1249 = DIRECTION ( 'NONE',  ( -5.004010026856175145E-16, -0.000000000000000000, -1.000000000000000000 ) ) ;
#1250 = DIRECTION ( 'NONE',  ( 0.000000000000000000, 0.000000000000000000, 1.000000000000000000 ) ) ;
#1251 = CARTESIAN_POINT ( 'NONE',  ( -1.599999999999999645, 0.4500000000000000111, -1.249999999999999778 ) ) ;
#1252 = LINE ( 'NONE', #2842, #2647 ) ;
#1253 = EDGE_CURVE ( 'NONE', #550, #4099, #3613, .T. ) ;
#1254 = ORIENTED_EDGE ( 'NONE', *, *, #3915, .F. ) ;
#1255 = VERTEX_POINT ( 'NONE', #1758 ) ;
#1256 = CARTESIAN_POINT ( 'NONE',  ( -1.599999999999999645, 0.6999999999999999556, 0.000000000000000000 ) ) ;
#1257 = CIRCLE ( 'NONE', #3563, 0.1000000000000000472 ) ;
#1258 = DIRECTION ( 'NONE',  ( 0.000000000000000000, 0.000000000000000000, -1.000000000000000000 ) ) ;
#1259 = CIRCLE ( 'NONE', #593, 0.1000000000000000472 ) ;
#1260 = ORIENTED_EDGE ( 'NONE', *, *, #63, .F. ) ;
#1261 = EDGE_LOOP ( 'NONE', ( #2175, #2200, #635, #2004 ) ) ;
#1262 = EDGE_CURVE ( 'NONE', #3936, #3014, #2250, .T. ) ;
#1263 = DIRECTION ( 'NONE',  ( 0.000000000000000000, 0.000000000000000000, -1.000000000000000000 ) ) ;
#1264 = VECTOR ( 'NONE', #3358, 1000.000000000000000 ) ;
#1265 = CARTESIAN_POINT ( 'NONE',  ( 1.400000000000000355, 0.4499999999999999001, 0.4999999999999994449 ) ) ;
#1266 = DIRECTION ( 'NONE',  ( 1.000000000000000000, 0.000000000000000000, 0.000000000000000000 ) ) ;
#1267 = PRESENTATION_STYLE_ASSIGNMENT (( #2653 ) ) ;
#1268 = DIRECTION ( 'NONE',  ( 0.000000000000000000, -1.000000000000000000, 0.000000000000000000 ) ) ;
#1269 = ORIENTED_EDGE ( 'NONE', *, *, #3465, .F. ) ;
#1270 = AXIS2_PLACEMENT_3D ( 'NONE', #911, #3786, #3170 ) ;
#1271 = ORIENTED_EDGE ( 'NONE', *, *, #3607, .T. ) ;
#1272 = EDGE_CURVE ( 'NONE', #3108, #3779, #871, .T. ) ;
#1273 = ADVANCED_FACE ( 'NONE', ( #2229 ), #899, .T. ) ;
#1274 = SURFACE_STYLE_FILL_AREA ( #2089 ) ;
#1275 = CARTESIAN_POINT ( 'NONE',  ( -0.5999999999999999778, 0.000000000000000000, 1.149999999999999023 ) ) ;
#1276 = DIRECTION ( 'NONE',  ( -0.000000000000000000, -0.000000000000000000, 1.000000000000000000 ) ) ;
#1277 = ORIENTED_EDGE ( 'NONE', *, *, #1978, .T. ) ;
#1278 = ORIENTED_EDGE ( 'NONE', *, *, #3151, .F. ) ;
#1279 = CARTESIAN_POINT ( 'NONE',  ( -1.499999999999999556, 1.700000000000000178, -0.5999999999999995337 ) ) ;
#1280 = AXIS2_PLACEMENT_3D ( 'NONE', #3889, #78, #1508 ) ;
#1281 = VECTOR ( 'NONE', #96, 1000.000000000000000 ) ;
#1282 = ORIENTED_EDGE ( 'NONE', *, *, #487, .F. ) ;
#1283 = ORIENTED_EDGE ( 'NONE', *, *, #1363, .F. ) ;
#1284 = DIRECTION ( 'NONE',  ( 0.000000000000000000, 0.000000000000000000, -1.000000000000000000 ) ) ;
#1285 = ADVANCED_FACE ( 'NONE', ( #2281 ), #108, .T. ) ;
#1286 = LINE ( 'NONE', #2037, #17 ) ;
#1287 = CARTESIAN_POINT ( 'NONE',  ( -1.499999999999999778, 0.000000000000000000, 0.5999999999999993117 ) ) ;
#1288 = AXIS2_PLACEMENT_3D ( 'NONE', #888, #2493, #2819 ) ;
#1289 = VECTOR ( 'NONE', #3331, 1000.000000000000000 ) ;
#1290 = ORIENTED_EDGE ( 'NONE', *, *, #2271, .F. ) ;
#1291 = EDGE_CURVE ( 'NONE', #1881, #2366, #2171, .T. ) ;
#1292 = PLANE ( 'NONE',  #3995 ) ;
#1293 = APPLICATION_CONTEXT ( 'automotive_design' ) ;
#1294 = CIRCLE ( 'NONE', #2408, 0.2000000000000000944 ) ;
#1295 = EDGE_CURVE ( 'NONE', #212, #473, #2294, .T. ) ;
#1296 = PRODUCT_DEFINITION_CONTEXT ( 'detailed design', #1293, 'design' ) ;
#1297 = ORIENTED_EDGE ( 'NONE', *, *, #930, .T. ) ;
#1298 = ORIENTED_EDGE ( 'NONE', *, *, #3251, .T. ) ;
#1299 = DIRECTION ( 'NONE',  ( -0.000000000000000000, 1.000000000000000000, 0.000000000000000000 ) ) ;
#1300 = CARTESIAN_POINT ( 'NONE',  ( 1.426794919243111970, 0.4500000000000000111, 1.149999999999999689 ) ) ;
#1301 = LINE ( 'NONE', #1813, #2725 ) ;
#1302 = EDGE_CURVE ( 'NONE', #3876, #3051, #2263, .T. ) ;
#1303 = CARTESIAN_POINT ( 'NONE',  ( 1.426794919243112192, 0.4500000000000000111, -1.149999999999999245 ) ) ;
#1304 = VECTOR ( 'NONE', #1839, 999.9999999999998863 ) ;
#1305 = DIRECTION ( 'NONE',  ( 5.004010026856175145E-16, 0.000000000000000000, 1.000000000000000000 ) ) ;
#1306 = ORIENTED_EDGE ( 'NONE', *, *, #1206, .T. ) ;
#1307 = ADVANCED_FACE ( 'NONE', ( #2176 ), #3978, .T. ) ;
#1308 = CIRCLE ( 'NONE', #1173, 0.2000000000000000944 ) ;
#1309 = CARTESIAN_POINT ( 'NONE',  ( -1.450000000000001288, 0.9000000000000000222, 1.050000000000000488 ) ) ;
#1310 = EDGE_CURVE ( 'NONE', #1462, #446, #806, .T. ) ;
#1311 = LINE ( 'NONE', #291, #4011 ) ;
#1312 = ORIENTED_EDGE ( 'NONE', *, *, #2953, .T. ) ;
#1313 = ORIENTED_EDGE ( 'NONE', *, *, #1399, .T. ) ;
#1314 = DIRECTION ( 'NONE',  ( -1.000000000000000000, 0.000000000000000000, 2.622662881087937378E-16 ) ) ;
#1315 = DIRECTION ( 'NONE',  ( -1.000000000000000000, -0.000000000000000000, -0.000000000000000000 ) ) ;
#1316 = EDGE_CURVE ( 'NONE', #2998, #1917, #3606, .T. ) ;
#1317 = ORIENTED_EDGE ( 'NONE', *, *, #1057, .T. ) ;
#1318 = VERTEX_POINT ( 'NONE', #2367 ) ;
#1319 = PLANE ( 'NONE',  #2628 ) ;
#1320 = ADVANCED_FACE ( 'NONE', ( #845 ), #1055, .T. ) ;
#1321 = DIRECTION ( 'NONE',  ( -5.004010026856177117E-16, 0.000000000000000000, 1.000000000000000000 ) ) ;
#1322 = DIRECTION ( 'NONE',  ( 0.000000000000000000, 0.000000000000000000, 1.000000000000000000 ) ) ;
#1323 = VECTOR ( 'NONE', #4104, 1000.000000000000000 ) ;
#1324 = PLANE ( 'NONE',  #77 ) ;
#1325 = EDGE_LOOP ( 'NONE', ( #217, #763, #2148, #3254, #2996, #3890, #3525, #3013 ) ) ;
#1326 = DIRECTION ( 'NONE',  ( 1.000000000000000000, 0.000000000000000000, 0.000000000000000000 ) ) ;
#1327 = CARTESIAN_POINT ( 'NONE',  ( 1.450000000000000400, 0.9000000000000000222, 1.050000000000000488 ) ) ;
#1328 = LINE ( 'NONE', #1115, #2651 ) ;
#1329 = STYLED_ITEM ( 'NONE', ( #3973 ), #2159 ) ;
#1330 = DIRECTION ( 'NONE',  ( 0.000000000000000000, -1.000000000000000000, 0.000000000000000000 ) ) ;
#1331 = DIRECTION ( 'NONE',  ( 0.7071067811865502373, 0.000000000000000000, -0.7071067811865449082 ) ) ;
#1332 = ORIENTED_EDGE ( 'NONE', *, *, #455, .T. ) ;
#1333 = ORIENTED_EDGE ( 'NONE', *, *, #3816, .F. ) ;
#1334 = LINE ( 'NONE', #1417, #1221 ) ;
#1335 = CARTESIAN_POINT ( 'NONE',  ( -1.599999999999999867, 0.000000000000000000, -0.5500000000000003775 ) ) ;
#1336 = EDGE_LOOP ( 'NONE', ( #1138, #1125, #324, #3958 ) ) ;
#1337 = EDGE_LOOP ( 'NONE', ( #1745, #4128, #330, #4110 ) ) ;
#1338 = CARTESIAN_POINT ( 'NONE',  ( -1.539999999999999591, 0.6999999999999999556, -0.3100000000000004419 ) ) ;
#1339 = ADVANCED_FACE ( 'NONE', ( #3639 ), #259, .F. ) ;
#1340 = FACE_OUTER_BOUND ( 'NONE', #381, .T. ) ;
#1341 = AXIS2_PLACEMENT_3D ( 'NONE', #1251, #2447, #896 ) ;
#1342 = CARTESIAN_POINT ( 'NONE',  ( -1.599999999999999645, 0.4500000000000000111, 1.249999999999999778 ) ) ;
#1343 = EDGE_CURVE ( 'NONE', #4082, #3051, #3543, .T. ) ;
#1344 = FACE_OUTER_BOUND ( 'NONE', #2016, .T. ) ;
#1345 =( NAMED_UNIT ( * ) SI_UNIT ( $, .STERADIAN. ) SOLID_ANGLE_UNIT ( ) );
#1346 = EDGE_LOOP ( 'NONE', ( #2897, #149, #2424, #1867 ) ) ;
#1347 = VERTEX_POINT ( 'NONE', #3484 ) ;
#1348 = DIRECTION ( 'NONE',  ( 0.000000000000000000, 0.000000000000000000, 1.000000000000000000 ) ) ;
#1349 = CARTESIAN_POINT ( 'NONE',  ( 1.499999999999999778, 0.4500000000000000111, 0.5999999999999996447 ) ) ;
#1350 = LINE ( 'NONE', #474, #2698 ) ;
#1351 = CARTESIAN_POINT ( 'NONE',  ( -1.400000000000001021, 5.640054944640261247, -1.050000000000000488 ) ) ;
#1352 = EDGE_CURVE ( 'NONE', #692, #2811, #895, .T. ) ;
#1353 = ORIENTED_EDGE ( 'NONE', *, *, #2271, .T. ) ;
#1354 = DIRECTION ( 'NONE',  ( 0.000000000000000000, -1.000000000000000000, 0.000000000000000000 ) ) ;
#1355 = CARTESIAN_POINT ( 'NONE',  ( 1.499999999999999778, 0.4500000000000000111, 0.5999999999999996447 ) ) ;
#1356 = ADVANCED_FACE ( 'NONE', ( #3574 ), #855, .T. ) ;
#1357 = VECTOR ( 'NONE', #2766, 1000.000000000000000 ) ;
#1358 = DIRECTION ( 'NONE',  ( 0.000000000000000000, -1.000000000000000000, 0.000000000000000000 ) ) ;
#1359 = VECTOR ( 'NONE', #1321, 1000.000000000000000 ) ;
#1360 = CARTESIAN_POINT ( 'NONE',  ( -1.599999999999999645, 0.4499999999999999001, 1.049999999999999822 ) ) ;
#1361 = UNCERTAINTY_MEASURE_WITH_UNIT (LENGTH_MEASURE( 1.000000000000000082E-05 ), #2238, 'distance_accuracy_value', 'NONE');
#1362 = ORIENTED_EDGE ( 'NONE', *, *, #1592, .T. ) ;
#1363 = EDGE_CURVE ( 'NONE', #333, #4118, #3592, .T. ) ;
#1364 = VECTOR ( 'NONE', #1046, 1000.000000000000000 ) ;
#1365 = FACE_OUTER_BOUND ( 'NONE', #454, .T. ) ;
#1366 = ORIENTED_EDGE ( 'NONE', *, *, #2592, .T. ) ;
#1367 = EDGE_LOOP ( 'NONE', ( #2670, #2770, #3017, #4098 ) ) ;
#1368 = PRODUCT_DEFINITION_SHAPE ( 'NONE', 'NONE',  #4131 ) ;
#1369 = PLANE ( 'NONE',  #2906 ) ;
#1370 = EDGE_CURVE ( 'NONE', #320, #2912, #3599, .T. ) ;
#1371 = DIRECTION ( 'NONE',  ( 1.000000000000000000, -0.000000000000000000, -0.000000000000000000 ) ) ;
#1372 = LINE ( 'NONE', #644, #2625 ) ;
#1373 =( LENGTH_UNIT ( ) NAMED_UNIT ( * ) SI_UNIT ( .MILLI., .METRE. ) );
#1374 = ORIENTED_EDGE ( 'NONE', *, *, #1928, .T. ) ;
#1375 = AXIS2_PLACEMENT_3D ( 'NONE', #1091, #565, #1398 ) ;
#1376 = ADVANCED_FACE ( 'NONE', ( #936 ), #2232, .T. ) ;
#1377 = CARTESIAN_POINT ( 'NONE',  ( -1.599999999999999645, 0.000000000000000000, 1.249999999999999778 ) ) ;
#1378 = CARTESIAN_POINT ( 'NONE',  ( -1.474999999999999645, 1.700000000000000178, -1.249999999999999778 ) ) ;
#1379 = CARTESIAN_POINT ( 'NONE',  ( -0.5999999999999996447, 1.700000000000000178, 0.4999999999999994449 ) ) ;
#1380 = CARTESIAN_POINT ( 'NONE',  ( 1.539999999999999591, 0.000000000000000000, 0.4899999999999995470 ) ) ;
#1381 = EDGE_LOOP ( 'NONE', ( #792, #2749, #563, #650 ) ) ;
#1382 = CARTESIAN_POINT ( 'NONE',  ( 0.000000000000000000, 0.6999999999999999556, 0.000000000000000000 ) ) ;
#1383 = PRESENTATION_STYLE_ASSIGNMENT (( #3553 ) ) ;
#1384 = AXIS2_PLACEMENT_3D ( 'NONE', #1913, #3171, #3788 ) ;
#1385 = CARTESIAN_POINT ( 'NONE',  ( -1.539999999999999591, 0.6999999999999999556, 0.4899999999999995470 ) ) ;
#1386 = FACE_OUTER_BOUND ( 'NONE', #3233, .T. ) ;
#1387 = DIRECTION ( 'NONE',  ( -0.000000000000000000, 0.000000000000000000, -1.000000000000000000 ) ) ;
#1388 = ORIENTED_EDGE ( 'NONE', *, *, #798, .F. ) ;
#1389 = ADVANCED_FACE ( 'NONE', ( #3791 ), #3224, .T. ) ;
#1390 = CIRCLE ( 'NONE', #1280, 0.2000000000000000944 ) ;
#1391 = DIRECTION ( 'NONE',  ( 0.000000000000000000, -1.000000000000000000, 0.000000000000000000 ) ) ;
#1392 = LINE ( 'NONE', #3384, #1426 ) ;
#1393 = EDGE_CURVE ( 'NONE', #3366, #1255, #2316, .T. ) ;
#1394 = ORIENTED_EDGE ( 'NONE', *, *, #3483, .F. ) ;
#1395 = VERTEX_POINT ( 'NONE', #3726 ) ;
#1396 = DIRECTION ( 'NONE',  ( 0.7071067811865436870, -0.000000000000000000, -0.7071067811865513475 ) ) ;
#1397 = COLOUR_RGB ( '',1.000000000000000000, 0.8117647058823529438, 0.5019607843137254832 ) ;
#1398 = DIRECTION ( 'NONE',  ( 0.000000000000000000, 0.000000000000000000, -1.000000000000000000 ) ) ;
#1399 = EDGE_CURVE ( 'NONE', #2497, #336, #1013, .T. ) ;
#1400 = LINE ( 'NONE', #485, #1419 ) ;
#1401 = ORIENTED_EDGE ( 'NONE', *, *, #1599, .T. ) ;
#1402 = ORIENTED_EDGE ( 'NONE', *, *, #3059, .F. ) ;
#1403 = VECTOR ( 'NONE', #1249, 1000.000000000000000 ) ;
#1404 = EDGE_CURVE ( 'NONE', #390, #3268, #3799, .T. ) ;
#1405 = DIRECTION ( 'NONE',  ( -0.7071067811865459074, 0.000000000000000000, 0.7071067811865491270 ) ) ;
#1406 = FACE_OUTER_BOUND ( 'NONE', #2986, .T. ) ;
#1407 = ORIENTED_EDGE ( 'NONE', *, *, #313, .F. ) ;
#1408 = ORIENTED_EDGE ( 'NONE', *, *, #353, .T. ) ;
#1409 = DIRECTION ( 'NONE',  ( 0.000000000000000000, 0.000000000000000000, 1.000000000000000000 ) ) ;
#1410 = ADVANCED_FACE ( 'NONE', ( #2414 ), #3195, .F. ) ;
#1411 = FACE_OUTER_BOUND ( 'NONE', #3380, .T. ) ;
#1412 = LINE ( 'NONE', #2499, #1509 ) ;
#1413 = DIRECTION ( 'NONE',  ( -1.000000000000000000, 0.000000000000000000, 5.004010026856175145E-16 ) ) ;
#1414 = ORIENTED_EDGE ( 'NONE', *, *, #3668, .T. ) ;
#1415 = VERTEX_POINT ( 'NONE', #1204 ) ;
#1416 = AXIS2_PLACEMENT_3D ( 'NONE', #802, #4010, #1109 ) ;
#1417 = CARTESIAN_POINT ( 'NONE',  ( 1.599999999999999867, 0.000000000000000000, 0.5500000000000003775 ) ) ;
#1418 = EDGE_CURVE ( 'NONE', #958, #511, #992, .T. ) ;
#1419 = VECTOR ( 'NONE', #2362, 1000.000000000000000 ) ;
#1420 = ORIENTED_EDGE ( 'NONE', *, *, #1565, .T. ) ;
#1421 = ORIENTED_EDGE ( 'NONE', *, *, #3776, .F. ) ;
#1422 = ADVANCED_FACE ( 'NONE', ( #1045 ), #2330, .T. ) ;
#1423 = SURFACE_STYLE_FILL_AREA ( #1044 ) ;
#1424 = CARTESIAN_POINT ( 'NONE',  ( -1.599999999999999645, 0.6999999999999999556, -1.125000000000000444 ) ) ;
#1425 = AXIS2_PLACEMENT_3D ( 'NONE', #3920, #1096, #985 ) ;
#1426 = VECTOR ( 'NONE', #3495, 1000.000000000000000 ) ;
#1427 = VERTEX_POINT ( 'NONE', #2383 ) ;
#1428 = ORIENTED_EDGE ( 'NONE', *, *, #3455, .F. ) ;
#1429 = DIRECTION ( 'NONE',  ( -0.000000000000000000, -1.000000000000000000, -0.000000000000000000 ) ) ;
#1430 = DIRECTION ( 'NONE',  ( -0.7071067811865462405, 0.000000000000000000, 0.7071067811865489050 ) ) ;
#1431 = LINE ( 'NONE', #2308, #2831 ) ;
#1432 = DIRECTION ( 'NONE',  ( 0.000000000000000000, 0.000000000000000000, -1.000000000000000000 ) ) ;
#1433 = VERTEX_POINT ( 'NONE', #1694 ) ;
#1434 = ORIENTED_EDGE ( 'NONE', *, *, #2347, .T. ) ;
#1435 = DIRECTION ( 'NONE',  ( 0.000000000000000000, -1.000000000000000000, 0.000000000000000000 ) ) ;
#1436 = CIRCLE ( 'NONE', #1956, 0.2000000000000000944 ) ;
#1437 = STYLED_ITEM ( 'NONE', ( #3333 ), #779 ) ;
#1438 = DIRECTION ( 'NONE',  ( 0.000000000000000000, -1.000000000000000000, 0.000000000000000000 ) ) ;
#1439 = VECTOR ( 'NONE', #3924, 1000.000000000000000 ) ;
#1440 = CARTESIAN_POINT ( 'NONE',  ( 1.539999999999999591, 0.6999999999999999556, 0.000000000000000000 ) ) ;
#1441 = ORIENTED_EDGE ( 'NONE', *, *, #3818, .T. ) ;
#1442 = ADVANCED_FACE ( 'NONE', ( #1006 ), #3971, .F. ) ;
#1443 = FACE_OUTER_BOUND ( 'NONE', #178, .T. ) ;
#1444 = DIRECTION ( 'NONE',  ( 1.000000000000000000, 0.000000000000000000, 2.622662881087936885E-16 ) ) ;
#1445 = VECTOR ( 'NONE', #3468, 1000.000000000000000 ) ;
#1446 = EDGE_CURVE ( 'NONE', #2095, #1657, #1061, .T. ) ;
#1447 = ORIENTED_EDGE ( 'NONE', *, *, #3675, .T. ) ;
#1448 = VECTOR ( 'NONE', #3471, 1000.000000000000000 ) ;
#1449 = CARTESIAN_POINT ( 'NONE',  ( -1.599999999999999645, 0.000000000000000000, 1.049999999999999822 ) ) ;
#1450 = LINE ( 'NONE', #1265, #115 ) ;
#1451 = ORIENTED_EDGE ( 'NONE', *, *, #2638, .T. ) ;
#1452 = EDGE_CURVE ( 'NONE', #536, #1842, #984, .T. ) ;
#1453 = PLANE ( 'NONE',  #2681 ) ;
#1454 = CARTESIAN_POINT ( 'NONE',  ( -1.599999999999999867, 0.000000000000000000, 0.5500000000000003775 ) ) ;
#1455 = CIRCLE ( 'NONE', #2518, 0.1999999999999998723 ) ;
#1456 = PLANE ( 'NONE',  #34 ) ;
#1457 = DIRECTION ( 'NONE',  ( -0.000000000000000000, 1.000000000000000000, -0.000000000000000000 ) ) ;
#1458 = EDGE_CURVE ( 'NONE', #1056, #2373, #3699, .T. ) ;
#1459 = VECTOR ( 'NONE', #1326, 1000.000000000000000 ) ;
#1460 = CARTESIAN_POINT ( 'NONE',  ( 1.600000000000000533, 0.6999999999999999556, 0.000000000000000000 ) ) ;
#1461 = VECTOR ( 'NONE', #2742, 1000.000000000000000 ) ;
#1462 = VERTEX_POINT ( 'NONE', #2358 ) ;
#1463 = PRESENTATION_LAYER_ASSIGNMENT (  '', '', ( #3945 ) ) ;
#1464 = LINE ( 'NONE', #2828, #2834 ) ;
#1465 = DIRECTION ( 'NONE',  ( -0.000000000000000000, -1.000000000000000000, -0.000000000000000000 ) ) ;
#1466 = VECTOR ( 'NONE', #3322, 1000.000000000000000 ) ;
#1467 = ORIENTED_EDGE ( 'NONE', *, *, #1856, .T. ) ;
#1468 = AXIS2_PLACEMENT_3D ( 'NONE', #1779, #572, #2737 ) ;
#1469 = SURFACE_STYLE_USAGE ( .BOTH. , #2433 ) ;
#1470 = DIRECTION ( 'NONE',  ( 0.000000000000000000, 0.000000000000000000, -1.000000000000000000 ) ) ;
#1471 = CARTESIAN_POINT ( 'NONE',  ( -1.426794919243111970, 0.4499999999999999001, -1.149999999999999689 ) ) ;
#1472 = CARTESIAN_POINT ( 'NONE',  ( 0.5999999999999996447, 0.4500000000000000111, -0.7999999999999994893 ) ) ;
#1473 = VECTOR ( 'NONE', #3177, 1000.000000000000000 ) ;
#1474 = ORIENTED_EDGE ( 'NONE', *, *, #688, .T. ) ;
#1475 = CARTESIAN_POINT ( 'NONE',  ( -1.499999999999999556, 0.4499999999999999001, -0.5999999999999995337 ) ) ;
#1476 = LINE ( 'NONE', #2666, #2867 ) ;
#1477 = DIRECTION ( 'NONE',  ( 0.000000000000000000, 0.000000000000000000, -1.000000000000000000 ) ) ;
#1478 = VECTOR ( 'NONE', #4001, 1000.000000000000000 ) ;
#1479 = AXIS2_PLACEMENT_3D ( 'NONE', #3955, #463, #969 ) ;
#1480 = PLANE ( 'NONE',  #3712 ) ;
#1481 = ORIENTED_EDGE ( 'NONE', *, *, #2347, .F. ) ;
#1482 = DIRECTION ( 'NONE',  ( -0.7071067811865455743, -0.000000000000000000, 0.7071067811865493491 ) ) ;
#1483 = SURFACE_STYLE_FILL_AREA ( #2970 ) ;
#1484 = EDGE_CURVE ( 'NONE', #1162, #1048, #3721, .T. ) ;
#1485 = CARTESIAN_POINT ( 'NONE',  ( 1.599999999999999645, 0.4500000000000000111, -1.249999999999999778 ) ) ;
#1486 = FACE_OUTER_BOUND ( 'NONE', #2650, .T. ) ;
#1487 = DIRECTION ( 'NONE',  ( -0.7071067811865474617, 0.000000000000000000, -0.7071067811865476838 ) ) ;
#1488 = EDGE_CURVE ( 'NONE', #550, #372, #922, .T. ) ;
#1489 = ORIENTED_EDGE ( 'NONE', *, *, #3597, .T. ) ;
#1490 = DIRECTION ( 'NONE',  ( 0.000000000000000000, 1.000000000000000000, -0.000000000000000000 ) ) ;
#1491 = DIRECTION ( 'NONE',  ( 1.000000000000000000, -0.000000000000000000, -0.000000000000000000 ) ) ;
#1492 = VECTOR ( 'NONE', #57, 1000.000000000000000 ) ;
#1493 = CARTESIAN_POINT ( 'NONE',  ( -1.599999999999999645, 0.000000000000000000, -0.000000000000000000 ) ) ;
#1494 = EDGE_LOOP ( 'NONE', ( #1808, #3804, #3697, #428 ) ) ;
#1495 = LINE ( 'NONE', #2283, #2813 ) ;
#1496 =( NAMED_UNIT ( * ) SI_UNIT ( $, .STERADIAN. ) SOLID_ANGLE_UNIT ( ) );
#1497 = CARTESIAN_POINT ( 'NONE',  ( -1.499999999999999556, 0.000000000000000000, -1.076794919243112325 ) ) ;
#1498 = CARTESIAN_POINT ( 'NONE',  ( 1.499999999999999778, 0.4500000000000000111, 0.5999999999999996447 ) ) ;
#1499 = EDGE_CURVE ( 'NONE', #4027, #1688, #944, .T. ) ;
#1500 = CARTESIAN_POINT ( 'NONE',  ( -1.599999999999999645, 0.4499999999999999001, -1.050000000000000044 ) ) ;
#1501 = FACE_OUTER_BOUND ( 'NONE', #1597, .T. ) ;
#1502 = CARTESIAN_POINT ( 'NONE',  ( 0.8999999999999995781, 0.4500000000000000111, -0.4999999999999994449 ) ) ;
#1503 = ORIENTED_EDGE ( 'NONE', *, *, #3193, .T. ) ;
#1504 = VECTOR ( 'NONE', #2193, 1000.000000000000000 ) ;
#1505 = CARTESIAN_POINT ( 'NONE',  ( 1.400000000000000577, 0.4499999999999999001, -0.4999999999999995559 ) ) ;
#1506 = CARTESIAN_POINT ( 'NONE',  ( 1.400000000000000577, 0.4500000000000000111, -0.4999999999999994449 ) ) ;
#1507 = EDGE_CURVE ( 'NONE', #2073, #692, #1000, .T. ) ;
#1508 = DIRECTION ( 'NONE',  ( 0.000000000000000000, 0.000000000000000000, -1.000000000000000000 ) ) ;
#1509 = VECTOR ( 'NONE', #3794, 1000.000000000000000 ) ;
#1510 = ORIENTED_EDGE ( 'NONE', *, *, #2341, .F. ) ;
#1511 = DIRECTION ( 'NONE',  ( -0.000000000000000000, -1.000000000000000000, -0.000000000000000000 ) ) ;
#1512 = ORIENTED_EDGE ( 'NONE', *, *, #2108, .T. ) ;
#1513 = STYLED_ITEM ( 'NONE', ( #3957 ), #2910 ) ;
#1514 = CARTESIAN_POINT ( 'NONE',  ( 1.499999999999999778, 0.4499999999999999001, 0.5999999999999996447 ) ) ;
#1515 = FACE_OUTER_BOUND ( 'NONE', #786, .T. ) ;
#1516 = DIRECTION ( 'NONE',  ( 0.000000000000000000, 0.000000000000000000, -1.000000000000000000 ) ) ;
#1517 = ORIENTED_EDGE ( 'NONE', *, *, #1606, .F. ) ;
#1518 = EDGE_LOOP ( 'NONE', ( #286, #2594, #3003, #778 ) ) ;
#1519 = LINE ( 'NONE', #3571, #2571 ) ;
#1520 = CARTESIAN_POINT ( 'NONE',  ( -1.599999999999999867, 0.000000000000000000, 0.5500000000000003775 ) ) ;
#1521 = CARTESIAN_POINT ( 'NONE',  ( 1.599999999999999645, 0.4499999999999999001, 1.049999999999999822 ) ) ;
#1522 = PLANE ( 'NONE',  #3523 ) ;
#1523 = AXIS2_PLACEMENT_3D ( 'NONE', #2762, #3079, #267 ) ;
#1524 = CARTESIAN_POINT ( 'NONE',  ( -1.499999999999999556, 1.700000000000000178, -0.5999999999999995337 ) ) ;
#1525 = ORIENTED_EDGE ( 'NONE', *, *, #1499, .T. ) ;
#1526 = EDGE_LOOP ( 'NONE', ( #2390, #436, #3046, #1401, #171, #3764, #413, #1844, #3163, #996 ) ) ;
#1527 = SURFACE_STYLE_FILL_AREA ( #31 ) ;
#1528 = DIRECTION ( 'NONE',  ( 1.000000000000000000, 0.000000000000000000, -0.000000000000000000 ) ) ;
#1529 = CARTESIAN_POINT ( 'NONE',  ( 1.499999999999999778, 0.000000000000000000, -0.5999999999999992006 ) ) ;
#1530 = DIRECTION ( 'NONE',  ( -1.000000000000000000, 0.000000000000000000, 0.000000000000000000 ) ) ;
#1531 = VECTOR ( 'NONE', #433, 1000.000000000000000 ) ;
#1532 = VERTEX_POINT ( 'NONE', #2011 ) ;
#1533 = ORIENTED_EDGE ( 'NONE', *, *, #2435, .F. ) ;
#1534 = VECTOR ( 'NONE', #3100, 1000.000000000000000 ) ;
#1535 = AXIS2_PLACEMENT_3D ( 'NONE', #432, #364, #2955 ) ;
#1536 = CARTESIAN_POINT ( 'NONE',  ( 1.400000000000000355, 0.4500000000000000111, 0.4999999999999994449 ) ) ;
#1537 = DIRECTION ( 'NONE',  ( -1.000000000000000000, 0.000000000000000000, 0.000000000000000000 ) ) ;
#1538 = DIRECTION ( 'NONE',  ( -0.000000000000000000, -1.000000000000000000, -0.000000000000000000 ) ) ;
#1539 = VECTOR ( 'NONE', #3393, 1000.000000000000000 ) ;
#1540 = EDGE_CURVE ( 'NONE', #3953, #137, #3727, .T. ) ;
#1541 = ORIENTED_EDGE ( 'NONE', *, *, #3923, .T. ) ;
#1542 = DIRECTION ( 'NONE',  ( -0.000000000000000000, 1.000000000000000000, -0.000000000000000000 ) ) ;
#1543 = EDGE_LOOP ( 'NONE', ( #1700, #2964, #3239, #486 ) ) ;
#1544 = COLOUR_RGB ( '',1.000000000000000000, 0.8117647058823529438, 0.5019607843137254832 ) ;
#1545 = VECTOR ( 'NONE', #1029, 1000.000000000000000 ) ;
#1546 = CARTESIAN_POINT ( 'NONE',  ( -1.499999999999999556, 0.000000000000000000, -0.5999999999999995337 ) ) ;
#1547 = ORIENTED_EDGE ( 'NONE', *, *, #688, .F. ) ;
#1548 = EDGE_CURVE ( 'NONE', #1858, #2580, #971, .T. ) ;
#1549 = EDGE_LOOP ( 'NONE', ( #931, #1818, #1010, #3099 ) ) ;
#1550 = CARTESIAN_POINT ( 'NONE',  ( -0.5999999999999996447, 0.4500000000000000111, -0.4999999999999994449 ) ) ;
#1551 = LINE ( 'NONE', #2644, #1531 ) ;
#1552 = DIRECTION ( 'NONE',  ( 0.000000000000000000, 0.000000000000000000, 1.000000000000000000 ) ) ;
#1553 = ORIENTED_EDGE ( 'NONE', *, *, #516, .T. ) ;
#1554 = EDGE_CURVE ( 'NONE', #3724, #447, #3672, .T. ) ;
#1555 = ORIENTED_EDGE ( 'NONE', *, *, #2849, .F. ) ;
#1556 = ADVANCED_FACE ( 'NONE', ( #2363 ), #127, .F. ) ;
#1557 = LINE ( 'NONE', #2109, #2916 ) ;
#1558 = DIRECTION ( 'NONE',  ( 0.000000000000000000, 0.000000000000000000, 1.000000000000000000 ) ) ;
#1559 = PRODUCT_CONTEXT ( 'NONE', #1234, 'mechanical' ) ;
#1560 = DIRECTION ( 'NONE',  ( -0.000000000000000000, -1.000000000000000000, -0.000000000000000000 ) ) ;
#1561 = DIRECTION ( 'NONE',  ( -0.7071067811865489050, 0.000000000000000000, -0.7071067811865462405 ) ) ;
#1562 = AXIS2_PLACEMENT_3D ( 'NONE', #858, #4052, #1470 ) ;
#1563 = ORIENTED_EDGE ( 'NONE', *, *, #468, .F. ) ;
#1564 = VECTOR ( 'NONE', #627, 1000.000000000000000 ) ;
#1565 = EDGE_CURVE ( 'NONE', #343, #3362, #2420, .T. ) ;
#1566 = DIRECTION ( 'NONE',  ( 0.000000000000000000, 0.000000000000000000, -1.000000000000000000 ) ) ;
#1567 = CARTESIAN_POINT ( 'NONE',  ( -0.5999999999999996447, 0.000000000000000000, -0.4999999999999994449 ) ) ;
#1568 = FACE_OUTER_BOUND ( 'NONE', #366, .T. ) ;
#1569 = ADVANCED_FACE ( 'NONE', ( #964 ), #1319, .F. ) ;
#1570 = CARTESIAN_POINT ( 'NONE',  ( -1.426794919243111970, 0.4500000000000000111, 1.149999999999999245 ) ) ;
#1571 = VERTEX_POINT ( 'NONE', #1073 ) ;
#1572 = CYLINDRICAL_SURFACE ( 'NONE', #2619, 0.1249999999999996808 ) ;
#1573 = LINE ( 'NONE', #1707, #146 ) ;
#1574 = DIRECTION ( 'NONE',  ( 0.000000000000000000, 0.000000000000000000, -1.000000000000000000 ) ) ;
#1575 = CARTESIAN_POINT ( 'NONE',  ( -1.499999999999999778, 0.4500000000000000111, 0.5999999999999993117 ) ) ;
#1576 = ORIENTED_EDGE ( 'NONE', *, *, #3776, .T. ) ;
#1577 = ORIENTED_EDGE ( 'NONE', *, *, #1001, .T. ) ;
#1578 = AXIS2_PLACEMENT_3D ( 'NONE', #427, #1457, #2119 ) ;
#1579 = CARTESIAN_POINT ( 'NONE',  ( 1.600000000000000533, 0.6999999999999999556, 0.000000000000000000 ) ) ;
#1580 = ORIENTED_EDGE ( 'NONE', *, *, #1754, .F. ) ;
#1581 = LINE ( 'NONE', #3145, #1564 ) ;
#1582 = DIRECTION ( 'NONE',  ( 1.000000000000000000, 0.000000000000000000, 0.000000000000000000 ) ) ;
#1583 = FILL_AREA_STYLE ('',( #1907 ) ) ;
#1584 = CARTESIAN_POINT ( 'NONE',  ( -1.399999999999999467, 0.4500000000000000111, 1.249999999999999778 ) ) ;
#1585 = CARTESIAN_POINT ( 'NONE',  ( -1.499999999999999778, 0.4499999999999999001, 0.5999999999999993117 ) ) ;
#1586 = LINE ( 'NONE', #11, #240 ) ;
#1587 = EDGE_CURVE ( 'NONE', #282, #471, #2428, .T. ) ;
#1588 = ORIENTED_EDGE ( 'NONE', *, *, #2895, .T. ) ;
#1589 = ORIENTED_EDGE ( 'NONE', *, *, #2315, .T. ) ;
#1590 = ADVANCED_FACE ( 'NONE', ( #976 ), #3335, .F. ) ;
#1591 = LINE ( 'NONE', #1246, #3006 ) ;
#1592 = EDGE_CURVE ( 'NONE', #1147, #3395, #3683, .T. ) ;
#1593 = DIRECTION ( 'NONE',  ( -0.000000000000000000, -1.000000000000000000, -0.000000000000000000 ) ) ;
#1594 = DIRECTION ( 'NONE',  ( 0.000000000000000000, 0.000000000000000000, 1.000000000000000000 ) ) ;
#1595 = LINE ( 'NONE', #1440, #2954 ) ;
#1596 = ORIENTED_EDGE ( 'NONE', *, *, #2864, .T. ) ;
#1597 = EDGE_LOOP ( 'NONE', ( #3552, #2748, #3610, #3206 ) ) ;
#1598 = FACE_OUTER_BOUND ( 'NONE', #2603, .T. ) ;
#1599 = EDGE_CURVE ( 'NONE', #3990, #2923, #2369, .T. ) ;
#1600 = DIRECTION ( 'NONE',  ( -0.7071067811865513475, 0.000000000000000000, 0.7071067811865436870 ) ) ;
#1601 = ADVANCED_FACE ( 'NONE', ( #3694 ), #3811, .T. ) ;
#1602 = DIRECTION ( 'NONE',  ( 0.000000000000000000, 0.000000000000000000, 1.000000000000000000 ) ) ;
#1603 = ORIENTED_EDGE ( 'NONE', *, *, #1697, .F. ) ;
#1604 = ORIENTED_EDGE ( 'NONE', *, *, #255, .F. ) ;
#1605 = FACE_OUTER_BOUND ( 'NONE', #2635, .T. ) ;
#1606 = EDGE_CURVE ( 'NONE', #3724, #2853, #2437, .T. ) ;
#1607 = DIRECTION ( 'NONE',  ( 0.7071067811865489050, -0.000000000000000000, -0.7071067811865462405 ) ) ;
#1608 = ORIENTED_EDGE ( 'NONE', *, *, #2895, .F. ) ;
#1609 = ORIENTED_EDGE ( 'NONE', *, *, #2041, .F. ) ;
#1610 = DIRECTION ( 'NONE',  ( -1.000000000000000000, 0.000000000000000000, -0.000000000000000000 ) ) ;
#1611 = DIRECTION ( 'NONE',  ( 1.000000000000000000, 0.000000000000000000, 0.000000000000000000 ) ) ;
#1612 = AXIS2_PLACEMENT_3D ( 'NONE', #3825, #687, #1979 ) ;
#1613 = DIRECTION ( 'NONE',  ( 0.000000000000000000, 0.000000000000000000, 1.000000000000000000 ) ) ;
#1614 = DIRECTION ( 'NONE',  ( 0.000000000000000000, -1.000000000000000000, 0.000000000000000000 ) ) ;
#1615 = LINE ( 'NONE', #3448, #1539 ) ;
#1616 = EDGE_CURVE ( 'NONE', #958, #685, #3688, .T. ) ;
#1617 = ADVANCED_FACE ( 'NONE', ( #2342 ), #1184, .F. ) ;
#1618 = VERTEX_POINT ( 'NONE', #239 ) ;
#1619 = ORIENTED_EDGE ( 'NONE', *, *, #3720, .F. ) ;
#1620 = FACE_OUTER_BOUND ( 'NONE', #3559, .T. ) ;
#1621 = CARTESIAN_POINT ( 'NONE',  ( 1.600000000000000533, 0.000000000000000000, 0.000000000000000000 ) ) ;
#1622 = AXIS2_PLACEMENT_3D ( 'NONE', #2137, #594, #1530 ) ;
#1623 = LINE ( 'NONE', #2372, #2941 ) ;
#1624 = ORIENTED_EDGE ( 'NONE', *, *, #1771, .F. ) ;
#1625 = CARTESIAN_POINT ( 'NONE',  ( 0.5999999999999999778, 0.4500000000000000111, 1.149999999999999245 ) ) ;
#1626 = ORIENTED_EDGE ( 'NONE', *, *, #3730, .F. ) ;
#1627 = ORIENTED_EDGE ( 'NONE', *, *, #3501, .F. ) ;
#1628 = LINE ( 'NONE', #139, #3010 ) ;
#1629 = CARTESIAN_POINT ( 'NONE',  ( -1.400000000000000355, 0.4500000000000000111, 0.4999999999999994449 ) ) ;
#1630 = DIRECTION ( 'NONE',  ( -0.7071067811865455743, 0.000000000000000000, 0.7071067811865494601 ) ) ;
#1631 = ORIENTED_EDGE ( 'NONE', *, *, #1126, .F. ) ;
#1632 = ORIENTED_EDGE ( 'NONE', *, *, #461, .F. ) ;
#1633 = VECTOR ( 'NONE', #2312, 1000.000000000000000 ) ;
#1634 = ORIENTED_EDGE ( 'NONE', *, *, #106, .T. ) ;
#1635 = AXIS2_PLACEMENT_3D ( 'NONE', #3855, #2939, #3284 ) ;
#1636 = DIRECTION ( 'NONE',  ( 1.000000000000000000, 0.000000000000000000, 0.000000000000000000 ) ) ;
#1637 = CARTESIAN_POINT ( 'NONE',  ( -1.426794919243111970, 0.000000000000000000, -1.149999999999999689 ) ) ;
#1638 = ADVANCED_FACE ( 'NONE', ( #2309 ), #545, .F. ) ;
#1639 = ORIENTED_EDGE ( 'NONE', *, *, #3635, .T. ) ;
#1640 = ORIENTED_EDGE ( 'NONE', *, *, #2061, .F. ) ;
#1641 = FACE_OUTER_BOUND ( 'NONE', #1689, .T. ) ;
#1642 = CARTESIAN_POINT ( 'NONE',  ( -1.539999999999999591, 0.6999999999999999556, 0.000000000000000000 ) ) ;
#1643 = CARTESIAN_POINT ( 'NONE',  ( 1.500000000000000000, 0.4500000000000000111, -1.076794919243111881 ) ) ;
#1644 =( NAMED_UNIT ( * ) PLANE_ANGLE_UNIT ( ) SI_UNIT ( $, .RADIAN. ) );
#1645 = DIRECTION ( 'NONE',  ( -0.000000000000000000, -1.000000000000000000, -0.000000000000000000 ) ) ;
#1646 = VECTOR ( 'NONE', #828, 1000.000000000000000 ) ;
#1647 = EDGE_CURVE ( 'NONE', #35, #588, #3706, .T. ) ;
#1648 = ORIENTED_EDGE ( 'NONE', *, *, #1295, .F. ) ;
#1649 = CIRCLE ( 'NONE', #3227, 0.1000000000000000472 ) ;
#1650 = CARTESIAN_POINT ( 'NONE',  ( 1.599999999999999867, 0.6999999999999999556, 0.2500000000000004996 ) ) ;
#1651 = DIRECTION ( 'NONE',  ( -1.000000000000000000, 0.000000000000000000, 1.032573497605241978E-16 ) ) ;
#1652 = LINE ( 'NONE', #1974, #141 ) ;
#1653 = ADVANCED_FACE ( 'NONE', ( #917 ), #1453, .T. ) ;
#1654 = ORIENTED_EDGE ( 'NONE', *, *, #2989, .T. ) ;
#1655 = CARTESIAN_POINT ( 'NONE',  ( 1.599999999999999645, 0.4499999999999999001, -1.249999999999999778 ) ) ;
#1656 = EDGE_CURVE ( 'NONE', #1415, #1532, #3777, .T. ) ;
#1657 = VERTEX_POINT ( 'NONE', #3733 ) ;
#1658 = ORIENTED_EDGE ( 'NONE', *, *, #3830, .F. ) ;
#1659 = PLANE ( 'NONE',  #2563 ) ;
#1660 = CARTESIAN_POINT ( 'NONE',  ( -1.539999999999999591, 0.000000000000000000, 0.3100000000000004419 ) ) ;
#1661 = VERTEX_POINT ( 'NONE', #208 ) ;
#1662 = LINE ( 'NONE', #3143, #1706 ) ;
#1663 = DIRECTION ( 'NONE',  ( -0.000000000000000000, -1.000000000000000000, -0.000000000000000000 ) ) ;
#1664 = FACE_OUTER_BOUND ( 'NONE', #3032, .T. ) ;
#1665 = CARTESIAN_POINT ( 'NONE',  ( -1.599999999999999645, 0.4500000000000000111, 1.249999999999999778 ) ) ;
#1666 = DIRECTION ( 'NONE',  ( -1.858632295689437187E-15, 0.000000000000000000, 1.000000000000000000 ) ) ;
#1667 = ORIENTED_EDGE ( 'NONE', *, *, #3987, .F. ) ;
#1668 = ORIENTED_EDGE ( 'NONE', *, *, #546, .F. ) ;
#1669 = MECHANICAL_DESIGN_GEOMETRIC_PRESENTATION_REPRESENTATION (  '', ( #1513 ), #2467 ) ;
#1670 = CIRCLE ( 'NONE', #1788, 0.1000000000000000472 ) ;
#1671 = CARTESIAN_POINT ( 'NONE',  ( -1.499999999999999778, 1.700000000000000178, 0.5999999999999993117 ) ) ;
#1672 = ORIENTED_EDGE ( 'NONE', *, *, #1587, .F. ) ;
#1673 = CARTESIAN_POINT ( 'NONE',  ( -1.599999999999999645, 0.4499999999999999001, 1.249999999999999778 ) ) ;
#1674 = CARTESIAN_POINT ( 'NONE',  ( -1.400000000000000133, 0.4499999999999999001, -0.4999999999999995559 ) ) ;
#1675 = ADVANCED_FACE ( 'NONE', ( #3714 ), #153, .T. ) ;
#1676 = ORIENTED_EDGE ( 'NONE', *, *, #1418, .T. ) ;
#1677 = LINE ( 'NONE', #1964, #3090 ) ;
#1678 = AXIS2_PLACEMENT_3D ( 'NONE', #452, #2688, #2307 ) ;
#1679 = CARTESIAN_POINT ( 'NONE',  ( 1.400000000000000577, 0.9000000000000000222, 1.050000000000000488 ) ) ;
#1680 = VECTOR ( 'NONE', #1487, 1000.000000000000000 ) ;
#1681 = CARTESIAN_POINT ( 'NONE',  ( 1.400000000000000577, 0.4500000000000000111, -0.4999999999999994449 ) ) ;
#1682 = VECTOR ( 'NONE', #2746, 1000.000000000000000 ) ;
#1683 = ORIENTED_EDGE ( 'NONE', *, *, #2600, .F. ) ;
#1684 = DIRECTION ( 'NONE',  ( -0.000000000000000000, -1.000000000000000000, -0.000000000000000000 ) ) ;
#1685 = LINE ( 'NONE', #712, #300 ) ;
#1686 = CARTESIAN_POINT ( 'NONE',  ( -1.400000000000001021, 5.640054944640261247, -1.100000000000000533 ) ) ;
#1687 = EDGE_CURVE ( 'NONE', #685, #66, #3732, .T. ) ;
#1688 = VERTEX_POINT ( 'NONE', #3050 ) ;
#1689 = EDGE_LOOP ( 'NONE', ( #276, #921, #502, #2204 ) ) ;
#1690 = FACE_OUTER_BOUND ( 'NONE', #1180, .T. ) ;
#1691 = EDGE_CURVE ( 'NONE', #241, #2992, #3742, .T. ) ;
#1692 = CARTESIAN_POINT ( 'NONE',  ( -1.599999999999999645, 0.4500000000000000111, -1.125000000000000222 ) ) ;
#1693 = VECTOR ( 'NONE', #634, 1000.000000000000114 ) ;
#1694 = CARTESIAN_POINT ( 'NONE',  ( -1.426794919243111970, 0.4499999999999999001, 1.149999999999999245 ) ) ;
#1695 = DIRECTION ( 'NONE',  ( 0.000000000000000000, -1.000000000000000000, 0.000000000000000000 ) ) ;
#1696 = ORIENTED_EDGE ( 'NONE', *, *, #2024, .T. ) ;
#1697 = EDGE_CURVE ( 'NONE', #1796, #3927, #3746, .T. ) ;
#1698 = ORIENTED_EDGE ( 'NONE', *, *, #3642, .F. ) ;
#1699 = LINE ( 'NONE', #10, #274 ) ;
#1700 = ORIENTED_EDGE ( 'NONE', *, *, #363, .F. ) ;
#1701 = DIRECTION ( 'NONE',  ( -0.000000000000000000, -1.000000000000000000, -0.000000000000000000 ) ) ;
#1702 = EDGE_CURVE ( 'NONE', #241, #2554, #2388, .T. ) ;
#1703 = CARTESIAN_POINT ( 'NONE',  ( -1.400000000000001021, 5.640054944640261247, -1.100000000000000311 ) ) ;
#1704 = CARTESIAN_POINT ( 'NONE',  ( -1.499999999999999556, 0.4499999999999999001, -0.5999999999999995337 ) ) ;
#1705 = ORIENTED_EDGE ( 'NONE', *, *, #711, .T. ) ;
#1706 = VECTOR ( 'NONE', #3819, 1000.000000000000000 ) ;
#1707 = CARTESIAN_POINT ( 'NONE',  ( 1.426794919243112192, 0.4499999999999999001, -1.149999999999999245 ) ) ;
#1708 = EDGE_CURVE ( 'NONE', #3268, #500, #3822, .T. ) ;
#1709 = ADVANCED_FACE ( 'NONE', ( #3862 ), #1911, .F. ) ;
#1710 = DIRECTION ( 'NONE',  ( -0.7071067811865455743, -0.000000000000000000, 0.7071067811865493491 ) ) ;
#1711 = ORIENTED_EDGE ( 'NONE', *, *, #1484, .F. ) ;
#1712 = FACE_OUTER_BOUND ( 'NONE', #1526, .T. ) ;
#1713 = VERTEX_POINT ( 'NONE', #1500 ) ;
#1714 = PRODUCT_DEFINITION_FORMATION_WITH_SPECIFIED_SOURCE ( 'ANY', '', #2351, .NOT_KNOWN. ) ;
#1715 = VECTOR ( 'NONE', #950, 1000.000000000000000 ) ;
#1716 = CARTESIAN_POINT ( 'NONE',  ( 1.475000000000000533, 0.6999999999999999556, 1.249999999999999778 ) ) ;
#1717 = EDGE_CURVE ( 'NONE', #2357, #3476, #2507, .T. ) ;
#1718 =( NAMED_UNIT ( * ) PLANE_ANGLE_UNIT ( ) SI_UNIT ( $, .RADIAN. ) );
#1719 = EDGE_LOOP ( 'NONE', ( #3491, #3928, #3269, #2120, #3173, #3426 ) ) ;
#1720 = ORIENTED_EDGE ( 'NONE', *, *, #1687, .T. ) ;
#1721 = UNCERTAINTY_MEASURE_WITH_UNIT (LENGTH_MEASURE( 1.000000000000000082E-05 ), #3609, 'distance_accuracy_value', 'NONE');
#1722 = CYLINDRICAL_SURFACE ( 'NONE', #2581, 0.2000000000000000944 ) ;
#1723 = ORIENTED_EDGE ( 'NONE', *, *, #1702, .T. ) ;
#1724 = AXIS2_PLACEMENT_3D ( 'NONE', #314, #2279, #2591 ) ;
#1725 = CYLINDRICAL_SURFACE ( 'NONE', #1416, 0.2000000000000000944 ) ;
#1726 = CARTESIAN_POINT ( 'NONE',  ( -0.5999999999999996447, 0.4499999999999999001, 0.4999999999999994449 ) ) ;
#1727 = ADVANCED_FACE ( 'NONE', ( #1110 ), #1175, .T. ) ;
#1728 = CARTESIAN_POINT ( 'NONE',  ( -1.400000000000000355, 0.4499999999999999001, 0.4999999999999994449 ) ) ;
#1729 = ORIENTED_EDGE ( 'NONE', *, *, #184, .F. ) ;
#1730 = ORIENTED_EDGE ( 'NONE', *, *, #3673, .F. ) ;
#1731 = FACE_OUTER_BOUND ( 'NONE', #3287, .T. ) ;
#1732 = DIRECTION ( 'NONE',  ( 0.7071067811865501263, 0.000000000000000000, -0.7071067811865449082 ) ) ;
#1733 = ORIENTED_EDGE ( 'NONE', *, *, #2716, .T. ) ;
#1734 = CARTESIAN_POINT ( 'NONE',  ( 1.499999999999999778, 0.4499999999999999001, -0.5999999999999992006 ) ) ;
#1735 = AXIS2_PLACEMENT_3D ( 'NONE', #2112, #1121, #865 ) ;
#1736 = ORIENTED_EDGE ( 'NONE', *, *, #1540, .T. ) ;
#1737 = ORIENTED_EDGE ( 'NONE', *, *, #716, .F. ) ;
#1738 = LINE ( 'NONE', #3686, #373 ) ;
#1739 = AXIS2_PLACEMENT_3D ( 'NONE', #1128, #2145, #3296 ) ;
#1740 = PLANE ( 'NONE',  #2059 ) ;
#1741 = DIRECTION ( 'NONE',  ( 5.004010026856174159E-16, 0.000000000000000000, 1.000000000000000000 ) ) ;
#1742 = VERTEX_POINT ( 'NONE', #1845 ) ;
#1743 = VERTEX_POINT ( 'NONE', #1449 ) ;
#1744 = FACE_OUTER_BOUND ( 'NONE', #1549, .T. ) ;
#1745 = ORIENTED_EDGE ( 'NONE', *, *, #225, .T. ) ;
#1746 = AXIS2_PLACEMENT_3D ( 'NONE', #990, #3317, #747 ) ;
#1747 = VECTOR ( 'NONE', #1197, 1000.000000000000000 ) ;
#1748 = ADVANCED_FACE ( 'NONE', ( #1183 ), #3113, .F. ) ;
#1749 = EDGE_CURVE ( 'NONE', #2542, #2270, #1198, .T. ) ;
#1750 = ORIENTED_EDGE ( 'NONE', *, *, #1352, .T. ) ;
#1751 = VECTOR ( 'NONE', #4113, 1000.000000000000000 ) ;
#1752 = EDGE_LOOP ( 'NONE', ( #1119, #3505, #577, #308 ) ) ;
#1753 = FILL_AREA_STYLE_COLOUR ( '', #2605 ) ;
#1754 = EDGE_CURVE ( 'NONE', #783, #343, #1094, .T. ) ;
#1755 = ORIENTED_EDGE ( 'NONE', *, *, #2864, .F. ) ;
#1756 = VECTOR ( 'NONE', #3410, 1000.000000000000000 ) ;
#1757 = CARTESIAN_POINT ( 'NONE',  ( 1.399999999999999689, 0.000000000000000000, 1.249999999999999778 ) ) ;
#1758 = CARTESIAN_POINT ( 'NONE',  ( 1.599999999999999645, 0.000000000000000000, 1.049999999999999822 ) ) ;
#1759 = ADVANCED_FACE ( 'NONE', ( #2575 ), #1192, .F. ) ;
#1760 = VERTEX_POINT ( 'NONE', #227 ) ;
#1761 = ORIENTED_EDGE ( 'NONE', *, *, #2389, .F. ) ;
#1762 = LINE ( 'NONE', #3210, #3034 ) ;
#1763 = EDGE_CURVE ( 'NONE', #2497, #1618, #3938, .T. ) ;
#1764 = CARTESIAN_POINT ( 'NONE',  ( 1.400000000000000577, 0.000000000000000000, -0.4999999999999994449 ) ) ;
#1765 = DIRECTION ( 'NONE',  ( 0.000000000000000000, 0.000000000000000000, -1.000000000000000000 ) ) ;
#1766 = ORIENTED_EDGE ( 'NONE', *, *, #2699, .F. ) ;
#1767 = ORIENTED_EDGE ( 'NONE', *, *, #982, .T. ) ;
#1768 = AXIS2_PLACEMENT_3D ( 'NONE', #2395, #3037, #1516 ) ;
#1769 = LINE ( 'NONE', #1379, #1682 ) ;
#1770 = VERTEX_POINT ( 'NONE', #405 ) ;
#1771 = EDGE_CURVE ( 'NONE', #86, #2113, #3914, .T. ) ;
#1772 = DIRECTION ( 'NONE',  ( -1.000000000000000000, 0.000000000000000000, -0.000000000000000000 ) ) ;
#1773 = ORIENTED_EDGE ( 'NONE', *, *, #982, .F. ) ;
#1774 = ORIENTED_EDGE ( 'NONE', *, *, #2793, .F. ) ;
#1775 = LINE ( 'NONE', #325, #3098 ) ;
#1776 = AXIS2_PLACEMENT_3D ( 'NONE', #2846, #1560, #3461 ) ;
#1777 = ORIENTED_EDGE ( 'NONE', *, *, #2745, .F. ) ;
#1778 = DIRECTION ( 'NONE',  ( -1.000000000000000000, 0.000000000000000000, -0.000000000000000000 ) ) ;
#1779 = CARTESIAN_POINT ( 'NONE',  ( 0.8999999999999995781, 1.700000000000000178, -0.4999999999999994449 ) ) ;
#1780 = CARTESIAN_POINT ( 'NONE',  ( -1.399999999999999689, 0.6999999999999999556, -1.050000000000000266 ) ) ;
#1781 = ORIENTED_EDGE ( 'NONE', *, *, #3823, .T. ) ;
#1782 = VERTEX_POINT ( 'NONE', #170 ) ;
#1783 = PLANE ( 'NONE',  #1014 ) ;
#1784 = VERTEX_POINT ( 'NONE', #2346 ) ;
#1785 = DIRECTION ( 'NONE',  ( 2.622662881087937378E-16, -0.000000000000000000, 1.000000000000000000 ) ) ;
#1786 = CARTESIAN_POINT ( 'NONE',  ( 1.450000000000000400, 1.000000000000000000, 1.050000000000000488 ) ) ;
#1787 = LINE ( 'NONE', #3370, #3203 ) ;
#1788 = AXIS2_PLACEMENT_3D ( 'NONE', #3004, #4002, #520 ) ;
#1789 = ORIENTED_EDGE ( 'NONE', *, *, #2177, .F. ) ;
#1790 = VERTEX_POINT ( 'NONE', #2054 ) ;
#1791 = VERTEX_POINT ( 'NONE', #585 ) ;
#1792 =( NAMED_UNIT ( * ) PLANE_ANGLE_UNIT ( ) SI_UNIT ( $, .RADIAN. ) );
#1793 = CARTESIAN_POINT ( 'NONE',  ( -1.450000000000001066, 0.9000000000000000222, 1.050000000000000488 ) ) ;
#1794 = ORIENTED_EDGE ( 'NONE', *, *, #1272, .F. ) ;
#1795 = EDGE_CURVE ( 'NONE', #3479, #2029, #1086, .T. ) ;
#1796 = VERTEX_POINT ( 'NONE', #2321 ) ;
#1797 = CARTESIAN_POINT ( 'NONE',  ( 1.599999999999999645, 0.000000000000000000, -1.249999999999999778 ) ) ;
#1798 = FACE_OUTER_BOUND ( 'NONE', #2188, .T. ) ;
#1799 = ORIENTED_EDGE ( 'NONE', *, *, #537, .F. ) ;
#1800 = EDGE_CURVE ( 'NONE', #2300, #390, #2450, .T. ) ;
#1801 = FACE_OUTER_BOUND ( 'NONE', #371, .T. ) ;
#1802 = DIRECTION ( 'NONE',  ( -1.032573497605241978E-16, 0.000000000000000000, -1.000000000000000000 ) ) ;
#1803 = ORIENTED_EDGE ( 'NONE', *, *, #1928, .F. ) ;
#1804 = DIRECTION ( 'NONE',  ( -1.000000000000000000, 0.000000000000000000, 0.000000000000000000 ) ) ;
#1805 = ORIENTED_EDGE ( 'NONE', *, *, #554, .T. ) ;
#1806 = LINE ( 'NONE', #795, #327 ) ;
#1807 = CARTESIAN_POINT ( 'NONE',  ( -1.539999999999999591, 0.000000000000000000, -0.3100000000000004419 ) ) ;
#1808 = ORIENTED_EDGE ( 'NONE', *, *, #1041, .F. ) ;
#1809 = PLANE ( 'NONE',  #1622 ) ;
#1810 = EDGE_CURVE ( 'NONE', #3041, #2560, #2584, .T. ) ;
#1811 = LINE ( 'NONE', #1039, #3086 ) ;
#1812 = DIRECTION ( 'NONE',  ( 0.7071067811865460184, 0.000000000000000000, -0.7071067811865490160 ) ) ;
#1813 = CARTESIAN_POINT ( 'NONE',  ( 1.599999999999999645, 1.700000000000000178, 1.125000000000000444 ) ) ;
#1814 = ORIENTED_EDGE ( 'NONE', *, *, #4063, .F. ) ;
#1815 = ORIENTED_EDGE ( 'NONE', *, *, #3087, .T. ) ;
#1816 = DIRECTION ( 'NONE',  ( -0.000000000000000000, -1.000000000000000000, -0.000000000000000000 ) ) ;
#1817 = DIRECTION ( 'NONE',  ( 0.000000000000000000, 1.000000000000000000, -0.000000000000000000 ) ) ;
#1818 = ORIENTED_EDGE ( 'NONE', *, *, #121, .F. ) ;
#1819 = DIRECTION ( 'NONE',  ( -0.000000000000000000, 1.000000000000000000, 0.000000000000000000 ) ) ;
#1820 = CARTESIAN_POINT ( 'NONE',  ( -1.599999999999999645, 1.700000000000000178, -1.249999999999999778 ) ) ;
#1821 = VECTOR ( 'NONE', #4095, 1000.000000000000000 ) ;
#1822 = EDGE_CURVE ( 'NONE', #4049, #3953, #2569, .T. ) ;
#1823 = ORIENTED_EDGE ( 'NONE', *, *, #429, .F. ) ;
#1824 = ORIENTED_EDGE ( 'NONE', *, *, #2389, .T. ) ;
#1825 = CIRCLE ( 'NONE', #753, 0.2000000000000000944 ) ;
#1826 = EDGE_LOOP ( 'NONE', ( #1705, #2971, #1271, #1298, #199, #742, #350, #3453, #2568, #3368 ) ) ;
#1827 = SURFACE_STYLE_USAGE ( .BOTH. , #846 ) ;
#1828 = DIRECTION ( 'NONE',  ( 1.000000000000000000, -0.000000000000000000, -0.000000000000000000 ) ) ;
#1829 = AXIS2_PLACEMENT_3D ( 'NONE', #3439, #2852, #3412 ) ;
#1830 = ORIENTED_EDGE ( 'NONE', *, *, #571, .T. ) ;
#1831 = EDGE_CURVE ( 'NONE', #1020, #148, #1166, .T. ) ;
#1832 = ORIENTED_EDGE ( 'NONE', *, *, #1272, .T. ) ;
#1833 = DIRECTION ( 'NONE',  ( 0.000000000000000000, 0.000000000000000000, 1.000000000000000000 ) ) ;
#1834 = VECTOR ( 'NONE', #2643, 1000.000000000000114 ) ;
#1835 = ORIENTED_EDGE ( 'NONE', *, *, #804, .F. ) ;
#1836 = PLANE ( 'NONE',  #1071 ) ;
#1837 = LINE ( 'NONE', #1841, #3273 ) ;
#1838 = PRESENTATION_LAYER_ASSIGNMENT (  '', '', ( #2231 ) ) ;
#1839 = DIRECTION ( 'NONE',  ( -0.7071067811865489050, -0.000000000000000000, 0.7071067811865462405 ) ) ;
#1840 = ORIENTED_EDGE ( 'NONE', *, *, #140, .F. ) ;
#1841 = CARTESIAN_POINT ( 'NONE',  ( -1.499999999999999778, 0.9000000000000000222, -1.050000000000000266 ) ) ;
#1842 = VERTEX_POINT ( 'NONE', #3704 ) ;
#1843 = DIRECTION ( 'NONE',  ( 1.000000000000000000, 0.000000000000000000, 0.000000000000000000 ) ) ;
#1844 = ORIENTED_EDGE ( 'NONE', *, *, #2947, .T. ) ;
#1845 = CARTESIAN_POINT ( 'NONE',  ( -1.400000000000000355, 0.000000000000000000, 0.4999999999999994449 ) ) ;
#1846 = FACE_OUTER_BOUND ( 'NONE', #2610, .T. ) ;
#1847 = CARTESIAN_POINT ( 'NONE',  ( 1.400000000000000577, 1.700000000000000178, -0.4999999999999994449 ) ) ;
#1848 = ORIENTED_EDGE ( 'NONE', *, *, #2730, .F. ) ;
#1849 = VERTEX_POINT ( 'NONE', #3355 ) ;
#1850 = CARTESIAN_POINT ( 'NONE',  ( 1.499999999999999778, 0.000000000000000000, 0.5999999999999996447 ) ) ;
#1851 = FACE_OUTER_BOUND ( 'NONE', #1219, .T. ) ;
#1852 = CARTESIAN_POINT ( 'NONE',  ( -1.400000000000001021, 1.000000000000000000, -1.050000000000000488 ) ) ;
#1853 = ORIENTED_EDGE ( 'NONE', *, *, #2387, .T. ) ;
#1854 = AXIS2_PLACEMENT_3D ( 'NONE', #3836, #1939, #355 ) ;
#1855 = ORIENTED_EDGE ( 'NONE', *, *, #3987, .T. ) ;
#1856 = EDGE_CURVE ( 'NONE', #1945, #97, #3843, .T. ) ;
#1857 = EDGE_LOOP ( 'NONE', ( #2633, #374, #1634, #1269 ) ) ;
#1858 = VERTEX_POINT ( 'NONE', #1472 ) ;
#1859 = CARTESIAN_POINT ( 'NONE',  ( 1.499999999999999778, 0.000000000000000000, 0.5999999999999996447 ) ) ;
#1860 = VECTOR ( 'NONE', #3402, 1000.000000000000000 ) ;
#1861 = ORIENTED_EDGE ( 'NONE', *, *, #399, .T. ) ;
#1862 = SHAPE_DEFINITION_REPRESENTATION ( #723, #2317 ) ;
#1863 = CARTESIAN_POINT ( 'NONE',  ( 1.399999999999999689, 0.000000000000000000, -1.249999999999999778 ) ) ;
#1864 = EDGE_CURVE ( 'NONE', #2300, #4027, #3922, .T. ) ;
#1865 = VERTEX_POINT ( 'NONE', #889 ) ;
#1866 = DIRECTION ( 'NONE',  ( 0.000000000000000000, 0.000000000000000000, 1.000000000000000000 ) ) ;
#1867 = ORIENTED_EDGE ( 'NONE', *, *, #121, .T. ) ;
#1868 = CARTESIAN_POINT ( 'NONE',  ( 1.426794919243112192, 0.4500000000000000111, -1.149999999999999245 ) ) ;
#1869 = DIRECTION ( 'NONE',  ( 0.000000000000000000, -1.000000000000000000, 0.000000000000000000 ) ) ;
#1870 = LINE ( 'NONE', #3511, #3256 ) ;
#1871 = PLANE ( 'NONE',  #3660 ) ;
#1872 = EDGE_LOOP ( 'NONE', ( #3884, #3343, #1990, #1855 ) ) ;
#1873 = CARTESIAN_POINT ( 'NONE',  ( 0.6000000000000003109, 0.4500000000000000111, -1.149999999999999245 ) ) ;
#1874 = VERTEX_POINT ( 'NONE', #2494 ) ;
#1875 = LINE ( 'NONE', #88, #449 ) ;
#1876 = CARTESIAN_POINT ( 'NONE',  ( 1.599999999999999645, 0.4500000000000000111, -1.249999999999999778 ) ) ;
#1877 = EDGE_CURVE ( 'NONE', #1318, #481, #3949, .T. ) ;
#1878 = EDGE_LOOP ( 'NONE', ( #136, #877, #1937, #2728 ) ) ;
#1879 = DIRECTION ( 'NONE',  ( -4.547876366663550389E-16, -0.000000000000000000, 1.000000000000000000 ) ) ;
#1880 = ADVANCED_FACE ( 'NONE', ( #1116 ), #852, .F. ) ;
#1881 = VERTEX_POINT ( 'NONE', #1200 ) ;
#1882 = ORIENTED_EDGE ( 'NONE', *, *, #1089, .T. ) ;
#1883 = DIRECTION ( 'NONE',  ( 0.000000000000000000, 0.000000000000000000, -1.000000000000000000 ) ) ;
#1884 = FACE_OUTER_BOUND ( 'NONE', #1543, .T. ) ;
#1885 = DIRECTION ( 'NONE',  ( 0.7071067811865489050, 0.000000000000000000, 0.7071067811865462405 ) ) ;
#1886 = ORIENTED_EDGE ( 'NONE', *, *, #2962, .F. ) ;
#1887 = EDGE_CURVE ( 'NONE', #2225, #2197, #3930, .T. ) ;
#1888 = CARTESIAN_POINT ( 'NONE',  ( 1.599999999999999645, 1.700000000000000178, 1.249999999999999778 ) ) ;
#1889 = LINE ( 'NONE', #442, #534 ) ;
#1890 = ORIENTED_EDGE ( 'NONE', *, *, #93, .F. ) ;
#1891 = ORIENTED_EDGE ( 'NONE', *, *, #52, .F. ) ;
#1892 = FACE_OUTER_BOUND ( 'NONE', #1195, .T. ) ;
#1893 = VERTEX_POINT ( 'NONE', #2615 ) ;
#1894 = CARTESIAN_POINT ( 'NONE',  ( -1.499999999999999778, 0.4499999999999999001, 0.5999999999999993117 ) ) ;
#1895 = ADVANCED_FACE ( 'NONE', ( #1205 ), #3906, .T. ) ;
#1896 = LINE ( 'NONE', #907, #1904 ) ;
#1897 = ORIENTED_EDGE ( 'NONE', *, *, #3695, .T. ) ;
#1898 = SURFACE_STYLE_FILL_AREA ( #1583 ) ;
#1899 = ORIENTED_EDGE ( 'NONE', *, *, #304, .F. ) ;
#1900 = DIRECTION ( 'NONE',  ( -1.032573497605241978E-16, 0.000000000000000000, -1.000000000000000000 ) ) ;
#1901 = LINE ( 'NONE', #3931, #3326 ) ;
#1902 = ORIENTED_EDGE ( 'NONE', *, *, #728, .F. ) ;
#1903 = AXIS2_PLACEMENT_3D ( 'NONE', #198, #2154, #3747 ) ;
#1904 = VECTOR ( 'NONE', #2816, 1000.000000000000000 ) ;
#1905 = CARTESIAN_POINT ( 'NONE',  ( 1.499999999999999778, 0.4499999999999999001, 0.5999999999999996447 ) ) ;
#1906 = ORIENTED_EDGE ( 'NONE', *, *, #2753, .T. ) ;
#1907 = FILL_AREA_STYLE_COLOUR ( '', #503 ) ;
#1908 = ORIENTED_EDGE ( 'NONE', *, *, #1763, .F. ) ;
#1909 = CARTESIAN_POINT ( 'NONE',  ( 1.400000000000000133, 0.6999999999999999556, 1.050000000000000266 ) ) ;
#1910 = ORIENTED_EDGE ( 'NONE', *, *, #2495, .F. ) ;
#1911 = PLANE ( 'NONE',  #2419 ) ;
#1912 = CARTESIAN_POINT ( 'NONE',  ( -0.5999999999999996447, 0.4499999999999999001, -0.4999999999999994449 ) ) ;
#1913 = CARTESIAN_POINT ( 'NONE',  ( 1.599999999999999645, 0.000000000000000000, 1.249999999999999778 ) ) ;
#1914 = VECTOR ( 'NONE', #2185, 1000.000000000000000 ) ;
#1915 = EDGE_LOOP ( 'NONE', ( #43, #2416, #1723, #2914 ) ) ;
#1916 = AXIS2_PLACEMENT_3D ( 'NONE', #3135, #3459, #3753 ) ;
#1917 = VERTEX_POINT ( 'NONE', #2930 ) ;
#1918 = DIRECTION ( 'NONE',  ( -1.000000000000000000, 0.000000000000000000, -0.000000000000000000 ) ) ;
#1919 = COLOUR_RGB ( '',1.000000000000000000, 0.8117647058823529438, 0.5019607843137254832 ) ;
#1920 = DIRECTION ( 'NONE',  ( 0.000000000000000000, -0.000000000000000000, -1.000000000000000000 ) ) ;
#1921 = ORIENTED_EDGE ( 'NONE', *, *, #461, .T. ) ;
#1922 = CARTESIAN_POINT ( 'NONE',  ( 0.5250000000000084599, 0.6999999999999999556, -0.5250000000000027978 ) ) ;
#1923 = DIRECTION ( 'NONE',  ( 1.858632295689437187E-15, 0.000000000000000000, -1.000000000000000000 ) ) ;
#1924 = VECTOR ( 'NONE', #2033, 1000.000000000000000 ) ;
#1925 = ORIENTED_EDGE ( 'NONE', *, *, #2067, .T. ) ;
#1926 = ORIENTED_EDGE ( 'NONE', *, *, #1647, .F. ) ;
#1927 = PLANE ( 'NONE',  #826 ) ;
#1928 = EDGE_CURVE ( 'NONE', #2818, #402, #1066, .T. ) ;
#1929 = LINE ( 'NONE', #1529, #3216 ) ;
#1930 = VERTEX_POINT ( 'NONE', #2959 ) ;
#1931 = ORIENTED_EDGE ( 'NONE', *, *, #1083, .F. ) ;
#1932 = DIRECTION ( 'NONE',  ( 0.000000000000000000, 1.000000000000000000, -0.000000000000000000 ) ) ;
#1933 = ADVANCED_FACE ( 'NONE', ( #3827 ), #437, .T. ) ;
#1934 = EDGE_CURVE ( 'NONE', #3385, #4093, #1120, .T. ) ;
#1935 = CARTESIAN_POINT ( 'NONE',  ( 1.599999999999999645, 0.4499999999999999001, 1.249999999999999778 ) ) ;
#1936 = CARTESIAN_POINT ( 'NONE',  ( 0.000000000000000000, 0.000000000000000000, 0.000000000000000000 ) ) ;
#1937 = ORIENTED_EDGE ( 'NONE', *, *, #516, .F. ) ;
#1938 = FACE_OUTER_BOUND ( 'NONE', #2196, .T. ) ;
#1939 = DIRECTION ( 'NONE',  ( 0.000000000000000000, 1.000000000000000000, 0.000000000000000000 ) ) ;
#1940 = CARTESIAN_POINT ( 'NONE',  ( 1.600000000000000533, 0.6999999999999999556, -1.125000000000000444 ) ) ;
#1941 = DIRECTION ( 'NONE',  ( 1.204669080539455309E-15, -0.000000000000000000, -1.000000000000000000 ) ) ;
#1942 = AXIS2_PLACEMENT_3D ( 'NONE', #2165, #4114, #1920 ) ;
#1943 = LINE ( 'NONE', #886, #1914 ) ;
#1944 = EDGE_CURVE ( 'NONE', #783, #2923, #2530, .T. ) ;
#1945 = VERTEX_POINT ( 'NONE', #1062 ) ;
#1946 = CARTESIAN_POINT ( 'NONE',  ( -1.599999999999999867, 0.6999999999999999556, 0.5500000000000003775 ) ) ;
#1947 = VECTOR ( 'NONE', #271, 1000.000000000000000 ) ;
#1948 = DIRECTION ( 'NONE',  ( 0.000000000000000000, 0.000000000000000000, -1.000000000000000000 ) ) ;
#1949 = DIRECTION ( 'NONE',  ( 0.7071067811865436870, 0.000000000000000000, 0.7071067811865513475 ) ) ;
#1950 = AXIS2_PLACEMENT_3D ( 'NONE', #2806, #2484, #850 ) ;
#1951 = CONTEXT_DEPENDENT_SHAPE_REPRESENTATION ( #222, #1368 ) ;
#1952 = ORIENTED_EDGE ( 'NONE', *, *, #639, .T. ) ;
#1953 = FACE_OUTER_BOUND ( 'NONE', #80, .T. ) ;
#1954 = DIRECTION ( 'NONE',  ( -0.000000000000000000, -0.000000000000000000, -1.000000000000000000 ) ) ;
#1955 = LINE ( 'NONE', #233, #501 ) ;
#1956 = AXIS2_PLACEMENT_3D ( 'NONE', #380, #3828, #718 ) ;
#1957 = VERTEX_POINT ( 'NONE', #3424 ) ;
#1958 = CIRCLE ( 'NONE', #4112, 0.04999999999999991257 ) ;
#1959 = AXIS2_PLACEMENT_3D ( 'NONE', #2072, #2637, #2391 ) ;
#1960 = VECTOR ( 'NONE', #1396, 1000.000000000000000 ) ;
#1961 = DIRECTION ( 'NONE',  ( -0.000000000000000000, -1.000000000000000000, -0.000000000000000000 ) ) ;
#1962 = DIRECTION ( 'NONE',  ( 0.000000000000000000, 0.000000000000000000, 1.000000000000000000 ) ) ;
#1963 = ORIENTED_EDGE ( 'NONE', *, *, #1810, .T. ) ;
#1964 = CARTESIAN_POINT ( 'NONE',  ( 0.8999999999999995781, 0.000000000000000000, -0.4999999999999994449 ) ) ;
#1965 = VECTOR ( 'NONE', #2582, 1000.000000000000000 ) ;
#1966 = CARTESIAN_POINT ( 'NONE',  ( 1.475000000000000533, 0.000000000000000000, 1.249999999999999778 ) ) ;
#1967 = DIRECTION ( 'NONE',  ( 0.000000000000000000, -1.000000000000000000, 0.000000000000000000 ) ) ;
#1968 = CARTESIAN_POINT ( 'NONE',  ( 1.499999999999999556, 0.4500000000000000111, 1.076794919243112325 ) ) ;
#1969 = EDGE_CURVE ( 'NONE', #685, #1713, #1140, .T. ) ;
#1970 = EDGE_CURVE ( 'NONE', #702, #2866, #2458, .T. ) ;
#1971 = VERTEX_POINT ( 'NONE', #4100 ) ;
#1972 = CARTESIAN_POINT ( 'NONE',  ( 1.400000000000000577, 0.000000000000000000, -0.4999999999999994449 ) ) ;
#1973 = LINE ( 'NONE', #2343, #3249 ) ;
#1974 = CARTESIAN_POINT ( 'NONE',  ( 1.426794919243112192, 0.4500000000000000111, -1.149999999999999245 ) ) ;
#1975 = PRODUCT ( 'ECS-327ATQMV-AS-TR', 'ECS-327ATQMV-AS-TR', '', ( #1559 ) ) ;
#1976 = VERTEX_POINT ( 'NONE', #2513 ) ;
#1977 = CYLINDRICAL_SURFACE ( 'NONE', #2880, 0.2000000000000000944 ) ;
#1978 = EDGE_CURVE ( 'NONE', #2733, #1427, #1078, .T. ) ;
#1979 = DIRECTION ( 'NONE',  ( 0.000000000000000000, 0.000000000000000000, -1.000000000000000000 ) ) ;
#1980 = ORIENTED_EDGE ( 'NONE', *, *, #2947, .F. ) ;
#1981 = CARTESIAN_POINT ( 'NONE',  ( 1.599999999999999867, 0.000000000000000000, -0.5500000000000003775 ) ) ;
#1982 = CARTESIAN_POINT ( 'NONE',  ( -1.599999999999999867, 0.6999999999999999556, 0.2500000000000004996 ) ) ;
#1983 = EDGE_LOOP ( 'NONE', ( #2245, #1555, #3578, #3160 ) ) ;
#1984 = LINE ( 'NONE', #605, #3409 ) ;
#1985 = SURFACE_STYLE_USAGE ( .BOTH. , #1012 ) ;
#1986 = DIRECTION ( 'NONE',  ( 1.000000000000000000, 0.000000000000000000, -0.000000000000000000 ) ) ;
#1987 = ORIENTED_EDGE ( 'NONE', *, *, #2396, .T. ) ;
#1988 = CARTESIAN_POINT ( 'NONE',  ( -1.400000000000001021, 1.000000000000000000, 1.050000000000000488 ) ) ;
#1989 = CARTESIAN_POINT ( 'NONE',  ( 1.400000000000000355, 0.9000000000000000222, -1.050000000000000266 ) ) ;
#1990 = ORIENTED_EDGE ( 'NONE', *, *, #3579, .F. ) ;
#1991 = PLANE ( 'NONE',  #2009 ) ;
#1992 = LINE ( 'NONE', #3149, #609 ) ;
#1993 = CARTESIAN_POINT ( 'NONE',  ( 1.399999999999999467, 0.000000000000000000, -1.249999999999999778 ) ) ;
#1994 = AXIS2_PLACEMENT_3D ( 'NONE', #263, #2759, #177 ) ;
#1995 =( NAMED_UNIT ( * ) SI_UNIT ( $, .STERADIAN. ) SOLID_ANGLE_UNIT ( ) );
#1996 = DIRECTION ( 'NONE',  ( 0.000000000000000000, -1.000000000000000000, 0.000000000000000000 ) ) ;
#1997 = EDGE_CURVE ( 'NONE', #689, #2483, #2479, .T. ) ;
#1998 = ORIENTED_EDGE ( 'NONE', *, *, #1199, .F. ) ;
#1999 = EDGE_LOOP ( 'NONE', ( #1317, #3669, #1729, #3940 ) ) ;
#2000 = PLANE ( 'NONE',  #2764 ) ;
#2001 = EDGE_LOOP ( 'NONE', ( #3445, #2180, #4033, #1388, #4125, #340, #1260, #1840 ) ) ;
#2002 = ADVANCED_FACE ( 'NONE', ( #3899 ), #256, .F. ) ;
#2003 = DIRECTION ( 'NONE',  ( 0.000000000000000000, -1.000000000000000000, 0.000000000000000000 ) ) ;
#2004 = ORIENTED_EDGE ( 'NONE', *, *, #1800, .T. ) ;
#2005 = VECTOR ( 'NONE', #1511, 1000.000000000000000 ) ;
#2006 = CARTESIAN_POINT ( 'NONE',  ( 1.450000000000000400, 5.640054944640261247, 1.050000000000000488 ) ) ;
#2007 = EDGE_LOOP ( 'NONE', ( #1362, #1890, #1290, #3918 ) ) ;
#2008 = CARTESIAN_POINT ( 'NONE',  ( -0.5999999999999996447, 0.4500000000000000111, -0.4999999999999994449 ) ) ;
#2009 = AXIS2_PLACEMENT_3D ( 'NONE', #2289, #2604, #1052 ) ;
#2010 = ORIENTED_EDGE ( 'NONE', *, *, #2460, .F. ) ;
#2011 = CARTESIAN_POINT ( 'NONE',  ( 1.599999999999999867, 0.6999999999999999556, 0.5500000000000003775 ) ) ;
#2012 = ORIENTED_EDGE ( 'NONE', *, *, #2356, .T. ) ;
#2013 = ADVANCED_FACE ( 'NONE', ( #3847 ), #1809, .T. ) ;
#2014 = DIRECTION ( 'NONE',  ( 1.000000000000000000, 0.000000000000000000, 2.622662881087936885E-16 ) ) ;
#2015 = PLANE ( 'NONE',  #2809 ) ;
#2016 = EDGE_LOOP ( 'NONE', ( #1553, #1696, #3060, #3859, #3867, #3965, #615, #1156, #757, #713 ) ) ;
#2017 = VECTOR ( 'NONE', #2168, 1000.000000000000000 ) ;
#2018 = ITEM_DEFINED_TRANSFORMATION ( 'NONE', 'NONE', #483,  #3654 ) ;
#2019 = EDGE_CURVE ( 'NONE', #137, #86, #1104, .T. ) ;
#2020 = CARTESIAN_POINT ( 'NONE',  ( -1.400000000000000133, 1.700000000000000178, -0.4999999999999994449 ) ) ;
#2021 = DIRECTION ( 'NONE',  ( 0.000000000000000000, -1.000000000000000000, 0.000000000000000000 ) ) ;
#2022 = DIRECTION ( 'NONE',  ( -1.000000000000000000, 0.000000000000000000, 0.000000000000000000 ) ) ;
#2023 = ORIENTED_EDGE ( 'NONE', *, *, #1969, .F. ) ;
#2024 = EDGE_CURVE ( 'NONE', #5, #35, #2514, .T. ) ;
#2025 = VERTEX_POINT ( 'NONE', #3136 ) ;
#2026 = CARTESIAN_POINT ( 'NONE',  ( -1.400000000000000133, 0.000000000000000000, -0.4999999999999994449 ) ) ;
#2027 = VECTOR ( 'NONE', #2394, 1000.000000000000000 ) ;
#2028 = DIRECTION ( 'NONE',  ( 0.7071067811865489050, 0.000000000000000000, -0.7071067811865462405 ) ) ;
#2029 = VERTEX_POINT ( 'NONE', #3755 ) ;
#2030 = CARTESIAN_POINT ( 'NONE',  ( 1.426794919243112192, 0.000000000000000000, -1.149999999999999245 ) ) ;
#2031 = ORIENTED_EDGE ( 'NONE', *, *, #839, .T. ) ;
#2032 = SHAPE_REPRESENTATION_RELATIONSHIP ( 'NONE' , 'NONE' ,  #2317, #2940 ) ;
#2033 = DIRECTION ( 'NONE',  ( -0.7071067811865474617, 0.000000000000000000, -0.7071067811865476838 ) ) ;
#2034 = ORIENTED_EDGE ( 'NONE', *, *, #1969, .T. ) ;
#2035 = ORIENTED_EDGE ( 'NONE', *, *, #3968, .T. ) ;
#2036 = CIRCLE ( 'NONE', #3963, 0.1999999999999998723 ) ;
#2037 = CARTESIAN_POINT ( 'NONE',  ( -1.400000000000000355, 0.000000000000000000, 0.4999999999999994449 ) ) ;
#2038 = DIRECTION ( 'NONE',  ( 0.000000000000000000, -1.000000000000000000, 0.000000000000000000 ) ) ;
#2039 = ORIENTED_EDGE ( 'NONE', *, *, #2439, .T. ) ;
#2040 = DIRECTION ( 'NONE',  ( 0.000000000000000000, 0.000000000000000000, -1.000000000000000000 ) ) ;
#2041 = EDGE_CURVE ( 'NONE', #1347, #590, #2492, .T. ) ;
#2042 = ORIENTED_EDGE ( 'NONE', *, *, #249, .T. ) ;
#2043 = VECTOR ( 'NONE', #193, 1000.000000000000000 ) ;
#2044 = DIRECTION ( 'NONE',  ( 0.000000000000000000, -1.000000000000000000, 0.000000000000000000 ) ) ;
#2045 = CARTESIAN_POINT ( 'NONE',  ( -1.399999999999999689, 0.9000000000000000222, 1.150000000000000355 ) ) ;
#2046 = ORIENTED_EDGE ( 'NONE', *, *, #1687, .F. ) ;
#2047 = ADVANCED_FACE ( 'NONE', ( #3907 ), #2838, .T. ) ;
#2048 = AXIS2_PLACEMENT_3D ( 'NONE', #2474, #3739, #4062 ) ;
#2049 = ORIENTED_EDGE ( 'NONE', *, *, #98, .F. ) ;
#2050 = DIRECTION ( 'NONE',  ( 2.622662881087937378E-16, 0.000000000000000000, 1.000000000000000000 ) ) ;
#2051 = VECTOR ( 'NONE', #3184, 1000.000000000000000 ) ;
#2052 = DIRECTION ( 'NONE',  ( 1.000000000000000000, 0.000000000000000000, 0.000000000000000000 ) ) ;
#2053 = ORIENTED_EDGE ( 'NONE', *, *, #2857, .T. ) ;
#2054 = CARTESIAN_POINT ( 'NONE',  ( 1.599999999999999645, 0.4499999999999999001, -1.049999999999999822 ) ) ;
#2055 = ORIENTED_EDGE ( 'NONE', *, *, #2991, .T. ) ;
#2056 = VECTOR ( 'NONE', #578, 1000.000000000000000 ) ;
#2057 = CARTESIAN_POINT ( 'NONE',  ( -0.5250000000000084599, 0.6999999999999999556, -0.5250000000000027978 ) ) ;
#2058 = ORIENTED_EDGE ( 'NONE', *, *, #2785, .F. ) ;
#2059 = AXIS2_PLACEMENT_3D ( 'NONE', #2371, #2075, #3873 ) ;
#2060 = CARTESIAN_POINT ( 'NONE',  ( 1.399999999999999689, 0.4500000000000000111, -1.249999999999999778 ) ) ;
#2061 = EDGE_CURVE ( 'NONE', #1917, #3391, #1159, .T. ) ;
#2062 = LINE ( 'NONE', #3369, #2043 ) ;
#2063 = DIRECTION ( 'NONE',  ( -5.004010026856177117E-16, 0.000000000000000000, 1.000000000000000000 ) ) ;
#2064 = CLOSED_SHELL ( 'NONE', ( #2454, #414, #3653, #1307, #1008, #3621, #1759, #3667, #2352, #1389, #3549, #2936 ) ) ;
#2065 = ADVANCED_FACE ( 'NONE', ( #1340 ), #4029, .T. ) ;
#2066 = DIRECTION ( 'NONE',  ( 0.000000000000000000, -1.000000000000000000, 0.000000000000000000 ) ) ;
#2067 = EDGE_CURVE ( 'NONE', #3128, #3372, #4059, .T. ) ;
#2068 = EDGE_LOOP ( 'NONE', ( #2228, #1832, #1761, #2256, #1447, #4083, #3219, #2832, #2734, #1333, #3161, #1421, #2802, #629, #49, #2214, #769, #1402, #2139, #3120, #3554, #2170, #4070, #3546, #465, #36, #799, #1750, #3148, #1767, #1408, #2049, #3633, #2933, #657, #2157, #3598, #2010, #1963, #836, #2893, #3522, #2859, #853, #1547, #662, #1603, #183, #608 ) ) ;
#2069 = LINE ( 'NONE', #3713, #704 ) ;
#2070 = CARTESIAN_POINT ( 'NONE',  ( -1.426794919243111970, 0.4500000000000000111, 1.149999999999999245 ) ) ;
#2071 = EDGE_CURVE ( 'NONE', #1743, #702, #2729, .T. ) ;
#2072 = CARTESIAN_POINT ( 'NONE',  ( -1.599999999999999645, 1.700000000000000178, 1.249999999999999778 ) ) ;
#2073 = VERTEX_POINT ( 'NONE', #2632 ) ;
#2074 = ORIENTED_EDGE ( 'NONE', *, *, #37, .F. ) ;
#2075 = DIRECTION ( 'NONE',  ( -1.000000000000000000, 0.000000000000000000, -0.000000000000000000 ) ) ;
#2076 = LINE ( 'NONE', #3089, #2086 ) ;
#2077 = CARTESIAN_POINT ( 'NONE',  ( 1.600000000000000533, 0.6999999999999999556, 0.000000000000000000 ) ) ;
#2078 = EDGE_CURVE ( 'NONE', #3655, #4082, #4084, .T. ) ;
#2079 = ORIENTED_EDGE ( 'NONE', *, *, #579, .T. ) ;
#2080 = ADVANCED_FACE ( 'NONE', ( #4044 ), #3027, .F. ) ;
#2081 = DIRECTION ( 'NONE',  ( -0.000000000000000000, -1.000000000000000000, -0.000000000000000000 ) ) ;
#2082 = ORIENTED_EDGE ( 'NONE', *, *, #2115, .F. ) ;
#2083 = EDGE_CURVE ( 'NONE', #1874, #1347, #4071, .T. ) ;
#2084 = VERTEX_POINT ( 'NONE', #768 ) ;
#2085 = ORIENTED_EDGE ( 'NONE', *, *, #3404, .F. ) ;
#2086 = VECTOR ( 'NONE', #1542, 1000.000000000000000 ) ;
#2087 = DIRECTION ( 'NONE',  ( -0.000000000000000000, 1.000000000000000000, -0.000000000000000000 ) ) ;
#2088 = ORIENTED_EDGE ( 'NONE', *, *, #2505, .F. ) ;
#2089 = FILL_AREA_STYLE ('',( #1753 ) ) ;
#2090 = CARTESIAN_POINT ( 'NONE',  ( -0.5999999999999996447, 0.000000000000000000, -0.4999999999999994449 ) ) ;
#2091 = ORIENTED_EDGE ( 'NONE', *, *, #1106, .T. ) ;
#2092 = DIRECTION ( 'NONE',  ( 0.000000000000000000, 0.000000000000000000, -1.000000000000000000 ) ) ;
#2093 = CARTESIAN_POINT ( 'NONE',  ( -1.474999999999999867, 0.4499999999999999001, -1.249999999999999778 ) ) ;
#2094 = DIRECTION ( 'NONE',  ( 0.000000000000000000, -1.000000000000000000, 0.000000000000000000 ) ) ;
#2095 = VERTEX_POINT ( 'NONE', #156 ) ;
#2096 = AXIS2_PLACEMENT_3D ( 'NONE', #182, #1152, #1477 ) ;
#2097 = ADVANCED_FACE ( 'NONE', ( #2621 ), #2360, .F. ) ;
#2098 = VERTEX_POINT ( 'NONE', #2332 ) ;
#2099 =( LENGTH_UNIT ( ) NAMED_UNIT ( * ) SI_UNIT ( .MILLI., .METRE. ) );
#2100 = VECTOR ( 'NONE', #3670, 1000.000000000000000 ) ;
#2101 = CARTESIAN_POINT ( 'NONE',  ( -1.399999999999999689, 0.9000000000000000222, -1.150000000000000355 ) ) ;
#2102 = EDGE_LOOP ( 'NONE', ( #2194, #159, #890, #1577, #191, #383, #2407, #2313, #396, #856 ) ) ;
#2103 = ORIENTED_EDGE ( 'NONE', *, *, #767, .F. ) ;
#2104 = VECTOR ( 'NONE', #1923, 1000.000000000000000 ) ;
#2105 =( GEOMETRIC_REPRESENTATION_CONTEXT ( 3 ) GLOBAL_UNCERTAINTY_ASSIGNED_CONTEXT ( ( #2284 ) ) GLOBAL_UNIT_ASSIGNED_CONTEXT ( ( #2099, #1792, #3717 ) ) REPRESENTATION_CONTEXT ( 'NONE', 'WORKASPACE' ) );
#2106 = ORIENTED_EDGE ( 'NONE', *, *, #2539, .F. ) ;
#2107 = CARTESIAN_POINT ( 'NONE',  ( 1.539999999999999591, 0.6999999999999999556, -0.3100000000000004419 ) ) ;
#2108 = EDGE_CURVE ( 'NONE', #1003, #2095, #1241, .T. ) ;
#2109 = CARTESIAN_POINT ( 'NONE',  ( 1.400000000000000355, 0.000000000000000000, 0.4999999999999994449 ) ) ;
#2110 = ORIENTED_EDGE ( 'NONE', *, *, #231, .T. ) ;
#2111 = VECTOR ( 'NONE', #3415, 1000.000000000000114 ) ;
#2112 = CARTESIAN_POINT ( 'NONE',  ( -1.399999999999999689, 0.9000000000000000222, 1.050000000000000266 ) ) ;
#2113 = VERTEX_POINT ( 'NONE', #2660 ) ;
#2114 = CARTESIAN_POINT ( 'NONE',  ( 1.450000000000000400, 1.000000000000000000, 1.050000000000000488 ) ) ;
#2115 = EDGE_CURVE ( 'NONE', #1784, #281, #2629, .T. ) ;
#2116 = DIRECTION ( 'NONE',  ( 0.000000000000000000, 1.000000000000000000, -0.000000000000000000 ) ) ;
#2117 = ORIENTED_EDGE ( 'NONE', *, *, #1697, .T. ) ;
#2118 = DIRECTION ( 'NONE',  ( 1.000000000000000000, 0.000000000000000000, -2.622662881087937378E-16 ) ) ;
#2119 = DIRECTION ( 'NONE',  ( 0.000000000000000000, 0.000000000000000000, 1.000000000000000000 ) ) ;
#2120 = ORIENTED_EDGE ( 'NONE', *, *, #3394, .F. ) ;
#2121 = EDGE_CURVE ( 'NONE', #1760, #1865, #2596, .T. ) ;
#2122 = ORIENTED_EDGE ( 'NONE', *, *, #1089, .F. ) ;
#2123 = DIRECTION ( 'NONE',  ( -1.000000000000000000, -0.000000000000000000, -0.000000000000000000 ) ) ;
#2124 = LINE ( 'NONE', #1240, #752 ) ;
#2125 = DIRECTION ( 'NONE',  ( 0.000000000000000000, -1.000000000000000000, 0.000000000000000000 ) ) ;
#2126 = VERTEX_POINT ( 'NONE', #2946 ) ;
#2127 = AXIS2_PLACEMENT_3D ( 'NONE', #1060, #1651, #464 ) ;
#2128 = DIRECTION ( 'NONE',  ( 0.000000000000000000, -0.000000000000000000, 1.000000000000000000 ) ) ;
#2129 = CARTESIAN_POINT ( 'NONE',  ( 1.400000000000000577, 1.000000000000000000, -1.100000000000000533 ) ) ;
#2130 = EDGE_CURVE ( 'NONE', #2323, #2733, #2717, .T. ) ;
#2131 = EDGE_LOOP ( 'NONE', ( #434, #1755, #1278, #418 ) ) ;
#2132 = VECTOR ( 'NONE', #1941, 1000.000000000000000 ) ;
#2133 = ORIENTED_EDGE ( 'NONE', *, *, #1616, .F. ) ;
#2134 = CARTESIAN_POINT ( 'NONE',  ( -1.599999999999999645, 1.700000000000000178, -1.049999999999999822 ) ) ;
#2135 = DIRECTION ( 'NONE',  ( -0.000000000000000000, -1.000000000000000000, -0.000000000000000000 ) ) ;
#2136 = AXIS2_PLACEMENT_3D ( 'NONE', #1349, #1732, #3028 ) ;
#2137 = CARTESIAN_POINT ( 'NONE',  ( -1.399999999999999467, 1.700000000000000178, -1.249999999999999778 ) ) ;
#2138 = ORIENTED_EDGE ( 'NONE', *, *, #571, .F. ) ;
#2139 = ORIENTED_EDGE ( 'NONE', *, *, #2295, .F. ) ;
#2140 = DIRECTION ( 'NONE',  ( 0.000000000000000000, -1.000000000000000000, 0.000000000000000000 ) ) ;
#2141 = DIRECTION ( 'NONE',  ( -0.000000000000000000, -1.000000000000000000, -0.000000000000000000 ) ) ;
#2142 = CARTESIAN_POINT ( 'NONE',  ( 1.599999999999999645, 0.4500000000000000111, -1.049999999999999822 ) ) ;
#2143 = ORIENTED_EDGE ( 'NONE', *, *, #3042, .T. ) ;
#2144 = AXIS2_PLACEMENT_3D ( 'NONE', #2919, #3337, #790 ) ;
#2145 = DIRECTION ( 'NONE',  ( -0.000000000000000000, 1.000000000000000000, -0.000000000000000000 ) ) ;
#2146 = ORIENTED_EDGE ( 'NONE', *, *, #3881, .F. ) ;
#2147 = AXIS2_PLACEMENT_3D ( 'NONE', #2747, #1435, #3388 ) ;
#2148 = ORIENTED_EDGE ( 'NONE', *, *, #2161, .F. ) ;
#2149 = DIRECTION ( 'NONE',  ( -0.000000000000000000, -1.000000000000000000, -0.000000000000000000 ) ) ;
#2150 = DIRECTION ( 'NONE',  ( 0.000000000000000000, -1.000000000000000000, 0.000000000000000000 ) ) ;
#2151 = EDGE_LOOP ( 'NONE', ( #3083, #940, #1733, #142 ) ) ;
#2152 = PLANE ( 'NONE',  #1950 ) ;
#2153 = EDGE_CURVE ( 'NONE', #2213, #3128, #2636, .T. ) ;
#2154 = DIRECTION ( 'NONE',  ( 0.000000000000000000, -1.000000000000000000, 0.000000000000000000 ) ) ;
#2155 = DIRECTION ( 'NONE',  ( 0.000000000000000000, 0.000000000000000000, 1.000000000000000000 ) ) ;
#2156 = ORIENTED_EDGE ( 'NONE', *, *, #2740, .F. ) ;
#2157 = ORIENTED_EDGE ( 'NONE', *, *, #4072, .F. ) ;
#2158 = FILL_AREA_STYLE_COLOUR ( '', #2617 ) ;
#2159 = MANIFOLD_SOLID_BREP ( 'Pin[2]', #2064 ) ;
#2160 = EDGE_LOOP ( 'NONE', ( #1428, #3507, #3183, #805, #1908, #2146, #7, #1899, #2827, #3139, #3214, #3526, #3190, #766, #26, #754, #2234, #1815, #861, #1805, #3276, #3582, #15, #2707 ) ) ;
#2161 = EDGE_CURVE ( 'NONE', #3737, #3372, #3993, .T. ) ;
#2162 = CARTESIAN_POINT ( 'NONE',  ( 1.499999999999999778, 0.4500000000000000111, 0.5999999999999996447 ) ) ;
#2163 = EDGE_LOOP ( 'NONE', ( #1626, #1043, #3703, #273 ) ) ;
#2164 = CARTESIAN_POINT ( 'NONE',  ( 1.499999999999999778, 0.4500000000000000111, -0.5999999999999992006 ) ) ;
#2165 = CARTESIAN_POINT ( 'NONE',  ( 1.599999999999999645, 0.4500000000000000111, -1.249999999999999778 ) ) ;
#2166 = ORIENTED_EDGE ( 'NONE', *, *, #2261, .T. ) ;
#2167 = PLANE ( 'NONE',  #2048 ) ;
#2168 = DIRECTION ( 'NONE',  ( 0.000000000000000000, 0.000000000000000000, -1.000000000000000000 ) ) ;
#2169 = EDGE_CURVE ( 'NONE', #343, #2223, #1301, .T. ) ;
#2170 = ORIENTED_EDGE ( 'NONE', *, *, #531, .F. ) ;
#2171 = LINE ( 'NONE', #1734, #3583 ) ;
#2172 = ORIENTED_EDGE ( 'NONE', *, *, #3221, .F. ) ;
#2173 = CARTESIAN_POINT ( 'NONE',  ( 1.499999999999999778, 0.000000000000000000, 0.5999999999999996447 ) ) ;
#2174 = MECHANICAL_DESIGN_GEOMETRIC_PRESENTATION_REPRESENTATION (  '', ( #254 ), #3837 ) ;
#2175 = ORIENTED_EDGE ( 'NONE', *, *, #531, .T. ) ;
#2176 = FACE_OUTER_BOUND ( 'NONE', #1237, .T. ) ;
#2177 = EDGE_CURVE ( 'NONE', #1229, #1318, #2614, .T. ) ;
#2178 = CARTESIAN_POINT ( 'NONE',  ( 1.400000000000000577, 0.4500000000000000111, -0.4999999999999994449 ) ) ;
#2179 = DIRECTION ( 'NONE',  ( -1.000000000000000000, 0.000000000000000000, -0.000000000000000000 ) ) ;
#2180 = ORIENTED_EDGE ( 'NONE', *, *, #294, .F. ) ;
#2181 = EDGE_LOOP ( 'NONE', ( #3338, #818, #1510, #2035 ) ) ;
#2182 = AXIS2_PLACEMENT_3D ( 'NONE', #1550, #287, #902 ) ;
#2183 = CARTESIAN_POINT ( 'NONE',  ( 1.599999999999999645, 0.000000000000000000, 1.249999999999999778 ) ) ;
#2184 = FACE_OUTER_BOUND ( 'NONE', #157, .T. ) ;
#2185 = DIRECTION ( 'NONE',  ( 0.000000000000000000, 0.000000000000000000, 1.000000000000000000 ) ) ;
#2186 = DIRECTION ( 'NONE',  ( 0.000000000000000000, 0.000000000000000000, -1.000000000000000000 ) ) ;
#2187 = CARTESIAN_POINT ( 'NONE',  ( 1.499999999999999778, 0.4500000000000000111, -0.5999999999999992006 ) ) ;
#2188 = EDGE_LOOP ( 'NONE', ( #2031, #3897, #44, #2905 ) ) ;
#2189 = EDGE_LOOP ( 'NONE', ( #603, #1481, #123, #2482 ) ) ;
#2190 = VECTOR ( 'NONE', #133, 999.9999999999998863 ) ;
#2191 = DIRECTION ( 'NONE',  ( 1.000000000000000000, -0.000000000000000000, -0.000000000000000000 ) ) ;
#2192 = CARTESIAN_POINT ( 'NONE',  ( 1.599999999999999867, 0.000000000000000000, -0.5500000000000003775 ) ) ;
#2193 = DIRECTION ( 'NONE',  ( -5.004010026856177117E-16, 0.000000000000000000, 1.000000000000000000 ) ) ;
#2194 = ORIENTED_EDGE ( 'NONE', *, *, #3830, .T. ) ;
#2195 = AXIS2_PLACEMENT_3D ( 'NONE', #2769, #1566, #1918 ) ;
#2196 = EDGE_LOOP ( 'NONE', ( #717, #3435, #624, #3197 ) ) ;
#2197 = VERTEX_POINT ( 'NONE', #3084 ) ;
#2198 = EDGE_CURVE ( 'NONE', #2963, #2506, #1257, .T. ) ;
#2199 = FACE_OUTER_BOUND ( 'NONE', #2320, .T. ) ;
#2200 = ORIENTED_EDGE ( 'NONE', *, *, #1499, .F. ) ;
#2201 = VECTOR ( 'NONE', #3033, 999.9999999999998863 ) ;
#2202 = EDGE_CURVE ( 'NONE', #1849, #4093, #2645, .T. ) ;
#2203 = CARTESIAN_POINT ( 'NONE',  ( 1.399999999999999467, 1.700000000000000178, -1.249999999999999778 ) ) ;
#2204 = ORIENTED_EDGE ( 'NONE', *, *, #1001, .F. ) ;
#2205 = CARTESIAN_POINT ( 'NONE',  ( -1.599999999999999645, 0.6999999999999999556, 0.000000000000000000 ) ) ;
#2206 = ORIENTED_EDGE ( 'NONE', *, *, #773, .F. ) ;
#2207 = CARTESIAN_POINT ( 'NONE',  ( -0.5999999999999996447, 0.000000000000000000, 0.4999999999999994449 ) ) ;
#2208 = LINE ( 'NONE', #1704, #3629 ) ;
#2209 = APPLICATION_CONTEXT ( 'automotive_design' ) ;
#2210 = EDGE_CURVE ( 'NONE', #2866, #1971, #2735, .T. ) ;
#2211 = CARTESIAN_POINT ( 'NONE',  ( -1.599999999999999867, 0.000000000000000000, 0.5500000000000003775 ) ) ;
#2212 = DIRECTION ( 'NONE',  ( 0.000000000000000000, -1.000000000000000000, 0.000000000000000000 ) ) ;
#2213 = VERTEX_POINT ( 'NONE', #2400 ) ;
#2214 = ORIENTED_EDGE ( 'NONE', *, *, #681, .F. ) ;
#2215 = CIRCLE ( 'NONE', #1384, 0.2000000000000000944 ) ;
#2216 = CARTESIAN_POINT ( 'NONE',  ( 0.6000000000000003109, 0.4500000000000000111, -1.149999999999999245 ) ) ;
#2217 = CARTESIAN_POINT ( 'NONE',  ( -1.400000000000001021, 0.9000000000000000222, 1.100000000000000311 ) ) ;
#2218 = EDGE_CURVE ( 'NONE', #356, #1415, #1334, .T. ) ;
#2219 = ORIENTED_EDGE ( 'NONE', *, *, #3159, .T. ) ;
#2220 = CARTESIAN_POINT ( 'NONE',  ( -1.400000000000000133, 0.000000000000000000, -0.4999999999999993339 ) ) ;
#2221 = VECTOR ( 'NONE', #2924, 1000.000000000000000 ) ;
#2222 = DIRECTION ( 'NONE',  ( 0.000000000000000000, 0.000000000000000000, -1.000000000000000000 ) ) ;
#2223 = VERTEX_POINT ( 'NONE', #1139 ) ;
#2224 = AXIS2_PLACEMENT_3D ( 'NONE', #3109, #3752, #696 ) ;
#2225 = VERTEX_POINT ( 'NONE', #2129 ) ;
#2226 = CARTESIAN_POINT ( 'NONE',  ( 1.400000000000000577, 5.640054944640261247, 1.050000000000000488 ) ) ;
#2227 = LINE ( 'NONE', #3841, #3596 ) ;
#2228 = ORIENTED_EDGE ( 'NONE', *, *, #2790, .T. ) ;
#2229 = FACE_OUTER_BOUND ( 'NONE', #844, .T. ) ;
#2230 = ORIENTED_EDGE ( 'NONE', *, *, #1822, .T. ) ;
#2231 = STYLED_ITEM ( 'NONE', ( #2805 ), #2298 ) ;
#2232 = PLANE ( 'NONE',  #3300 ) ;
#2233 = LINE ( 'NONE', #1327, #3602 ) ;
#2234 = ORIENTED_EDGE ( 'NONE', *, *, #2083, .F. ) ;
#2235 = ADVANCED_FACE ( 'NONE', ( #2686 ), #3398, .F. ) ;
#2236 = CARTESIAN_POINT ( 'NONE',  ( 0.000000000000000000, 0.6999999999999999556, -1.250000000000000222 ) ) ;
#2237 = LINE ( 'NONE', #2417, #793 ) ;
#2238 =( LENGTH_UNIT ( ) NAMED_UNIT ( * ) SI_UNIT ( .MILLI., .METRE. ) );
#2239 = DIRECTION ( 'NONE',  ( 0.000000000000000000, 0.000000000000000000, -1.000000000000000000 ) ) ;
#2240 = VERTEX_POINT ( 'NONE', #1203 ) ;
#2241 = CARTESIAN_POINT ( 'NONE',  ( -1.400000000000000355, 0.4499999999999999001, 0.4999999999999995559 ) ) ;
#2242 = ORIENTED_EDGE ( 'NONE', *, *, #1554, .F. ) ;
#2243 = AXIS2_PLACEMENT_3D ( 'NONE', #1679, #3301, #1059 ) ;
#2244 = CARTESIAN_POINT ( 'NONE',  ( -1.426794919243111970, 0.000000000000000000, 1.149999999999999245 ) ) ;
#2245 = ORIENTED_EDGE ( 'NONE', *, *, #1370, .T. ) ;
#2246 = EDGE_CURVE ( 'NONE', #2808, #2542, #4014, .T. ) ;
#2247 = ADVANCED_FACE ( 'NONE', ( #1226 ), #1836, .T. ) ;
#2248 = DIRECTION ( 'NONE',  ( -0.000000000000000000, -1.000000000000000000, -0.000000000000000000 ) ) ;
#2249 = ORIENTED_EDGE ( 'NONE', *, *, #2642, .T. ) ;
#2250 = LINE ( 'NONE', #490, #3567 ) ;
#2251 = EDGE_CURVE ( 'NONE', #3628, #4057, #1308, .T. ) ;
#2252 = VERTEX_POINT ( 'NONE', #2376 ) ;
#2253 = CARTESIAN_POINT ( 'NONE',  ( -1.499999999999999556, 0.4500000000000000111, -0.5999999999999995337 ) ) ;
#2254 = EDGE_CURVE ( 'NONE', #1048, #2743, #4053, .T. ) ;
#2255 = LINE ( 'NONE', #2847, #868 ) ;
#2256 = ORIENTED_EDGE ( 'NONE', *, *, #2938, .T. ) ;
#2257 = ORIENTED_EDGE ( 'NONE', *, *, #2130, .T. ) ;
#2258 = DIRECTION ( 'NONE',  ( 1.000000000000000000, 0.000000000000000000, 5.245325762175874757E-16 ) ) ;
#2259 = ADVANCED_FACE ( 'NONE', ( #3980 ), #1522, .F. ) ;
#2260 = VECTOR ( 'NONE', #62, 1000.000000000000000 ) ;
#2261 = EDGE_CURVE ( 'NONE', #2262, #3904, #4067, .T. ) ;
#2262 = VERTEX_POINT ( 'NONE', #2702 ) ;
#2263 = CIRCLE ( 'NONE', #656, 0.1249999999999994588 ) ;
#2264 = DIRECTION ( 'NONE',  ( 1.000000000000000000, 0.000000000000000000, 0.000000000000000000 ) ) ;
#2265 = CARTESIAN_POINT ( 'NONE',  ( 1.400000000000000355, 0.4500000000000000111, 0.4999999999999994449 ) ) ;
#2266 = PLANE ( 'NONE',  #3167 ) ;
#2267 = ORIENTED_EDGE ( 'NONE', *, *, #722, .T. ) ;
#2268 = CARTESIAN_POINT ( 'NONE',  ( -1.599999999999999645, 0.000000000000000000, -1.049999999999999822 ) ) ;
#2269 = VECTOR ( 'NONE', #994, 1000.000000000000000 ) ;
#2270 = VERTEX_POINT ( 'NONE', #807 ) ;
#2271 = EDGE_CURVE ( 'NONE', #281, #595, #1328, .T. ) ;
#2272 = CARTESIAN_POINT ( 'NONE',  ( 1.500000000000000000, 0.4500000000000000111, -1.076794919243111881 ) ) ;
#2273 = ORIENTED_EDGE ( 'NONE', *, *, #3589, .F. ) ;
#2274 =( GEOMETRIC_REPRESENTATION_CONTEXT ( 3 ) GLOBAL_UNCERTAINTY_ASSIGNED_CONTEXT ( ( #660 ) ) GLOBAL_UNIT_ASSIGNED_CONTEXT ( ( #2967, #1718, #2403 ) ) REPRESENTATION_CONTEXT ( 'NONE', 'WORKASPACE' ) );
#2275 = LINE ( 'NONE', #2691, #3666 ) ;
#2276 = ORIENTED_EDGE ( 'NONE', *, *, #2115, .T. ) ;
#2277 = PLANE ( 'NONE',  #3327 ) ;
#2278 = ADVANCED_FACE ( 'NONE', ( #4008 ), #4024, .F. ) ;
#2279 = DIRECTION ( 'NONE',  ( 0.000000000000000000, 1.000000000000000000, -0.000000000000000000 ) ) ;
#2280 = CARTESIAN_POINT ( 'NONE',  ( -1.499999999999999778, 0.000000000000000000, 0.5999999999999993117 ) ) ;
#2281 = FACE_OUTER_BOUND ( 'NONE', #3516, .T. ) ;
#2282 = AXIS2_PLACEMENT_3D ( 'NONE', #3948, #1097, #1666 ) ;
#2283 = CARTESIAN_POINT ( 'NONE',  ( -1.499999999999999556, 0.000000000000000000, -0.5999999999999995337 ) ) ;
#2284 = UNCERTAINTY_MEASURE_WITH_UNIT (LENGTH_MEASURE( 1.000000000000000082E-05 ), #2099, 'distance_accuracy_value', 'NONE');
#2285 = EDGE_LOOP ( 'NONE', ( #2397, #2779, #1441, #2929 ) ) ;
#2286 = CARTESIAN_POINT ( 'NONE',  ( 1.399999999999999467, 0.000000000000000000, 1.249999999999999778 ) ) ;
#2287 = DIRECTION ( 'NONE',  ( 0.000000000000000000, 0.000000000000000000, 1.000000000000000000 ) ) ;
#2288 = CARTESIAN_POINT ( 'NONE',  ( -1.399999999999999689, 0.9000000000000000222, 1.150000000000000355 ) ) ;
#2289 = CARTESIAN_POINT ( 'NONE',  ( -1.599999999999999645, 1.700000000000000178, 1.049999999999999822 ) ) ;
#2290 = CARTESIAN_POINT ( 'NONE',  ( 1.539999999999999591, 0.6999999999999999556, -0.4899999999999995470 ) ) ;
#2291 = CARTESIAN_POINT ( 'NONE',  ( 1.399999999999999467, 0.4499999999999999001, 1.249999999999999778 ) ) ;
#2292 = ORIENTED_EDGE ( 'NONE', *, *, #2849, .T. ) ;
#2293 = AXIS2_PLACEMENT_3D ( 'NONE', #167, #580, #2723 ) ;
#2294 = CIRCLE ( 'NONE', #1578, 0.1249999999999996808 ) ;
#2295 = EDGE_CURVE ( 'NONE', #1742, #4056, #1286, .T. ) ;
#2296 = CARTESIAN_POINT ( 'NONE',  ( 1.400000000000000577, 0.000000000000000000, 0.4999999999999995559 ) ) ;
#2297 = EDGE_LOOP ( 'NONE', ( #2085, #542, #707, #408 ) ) ;
#2298 = MANIFOLD_SOLID_BREP ( 'Cap', #617 ) ;
#2299 = EDGE_CURVE ( 'NONE', #2743, #511, #1495, .T. ) ;
#2300 = VERTEX_POINT ( 'NONE', #744 ) ;
#2301 = DIRECTION ( 'NONE',  ( 1.000000000000000000, 0.000000000000000000, 0.000000000000000000 ) ) ;
#2302 = DIRECTION ( 'NONE',  ( 0.000000000000000000, 0.000000000000000000, 1.000000000000000000 ) ) ;
#2303 = VECTOR ( 'NONE', #749, 1000.000000000000000 ) ;
#2304 = VERTEX_POINT ( 'NONE', #1692 ) ;
#2305 = CARTESIAN_POINT ( 'NONE',  ( 1.600000000000000533, 0.6999999999999999556, 0.000000000000000000 ) ) ;
#2306 = ADVANCED_FACE ( 'NONE', ( #2763 ), #4105, .T. ) ;
#2307 = DIRECTION ( 'NONE',  ( 0.000000000000000000, 0.000000000000000000, -1.000000000000000000 ) ) ;
#2308 = CARTESIAN_POINT ( 'NONE',  ( -1.499999999999999556, 0.4500000000000000111, -0.5999999999999995337 ) ) ;
#2309 = FACE_OUTER_BOUND ( 'NONE', #544, .T. ) ;
#2310 = CARTESIAN_POINT ( 'NONE',  ( -1.539999999999999591, 0.000000000000000000, -0.4899999999999995470 ) ) ;
#2311 = AXIS2_PLACEMENT_3D ( 'NONE', #3874, #2902, #3565 ) ;
#2312 = DIRECTION ( 'NONE',  ( -0.000000000000000000, -1.000000000000000000, -0.000000000000000000 ) ) ;
#2313 = ORIENTED_EDGE ( 'NONE', *, *, #1970, .T. ) ;
#2314 = CARTESIAN_POINT ( 'NONE',  ( -1.426794919243111970, 0.000000000000000000, 1.149999999999999245 ) ) ;
#2315 = EDGE_CURVE ( 'NONE', #3259, #21, #1436, .T. ) ;
#2316 = LINE ( 'NONE', #1174, #2348 ) ;
#2317 = SHAPE_REPRESENTATION ( 'ECS-327ATQMV-AS-TR_ECS-327ATQMV-AS-TR', ( #3654 ), #584 ) ;
#2318 = DIRECTION ( 'NONE',  ( 0.000000000000000000, -0.000000000000000000, -1.000000000000000000 ) ) ;
#2319 = CARTESIAN_POINT ( 'NONE',  ( 1.599999999999999645, 1.700000000000000178, 1.049999999999999822 ) ) ;
#2320 = EDGE_LOOP ( 'NONE', ( #3406, #2573, #2694, #440 ) ) ;
#2321 = CARTESIAN_POINT ( 'NONE',  ( 1.599999999999999645, 0.000000000000000000, -1.049999999999999822 ) ) ;
#2322 = MANIFOLD_SOLID_BREP ( 'Substrate', #557 ) ;
#2323 = VERTEX_POINT ( 'NONE', #349 ) ;
#2324 = CARTESIAN_POINT ( 'NONE',  ( 1.500000000000000444, 0.6999999999999999556, 1.050000000000000266 ) ) ;
#2325 = CARTESIAN_POINT ( 'NONE',  ( -1.400000000000000133, 0.000000000000000000, -0.4999999999999994449 ) ) ;
#2326 = VECTOR ( 'NONE', #1869, 1000.000000000000000 ) ;
#2327 = AXIS2_PLACEMENT_3D ( 'NONE', #1820, #2094, #2667 ) ;
#2328 = FILL_AREA_STYLE_COLOUR ( '', #4111 ) ;
#2329 = ORIENTED_EDGE ( 'NONE', *, *, #1446, .T. ) ;
#2330 = PLANE ( 'NONE',  #163 ) ;
#2331 = VECTOR ( 'NONE', #1949, 1000.000000000000000 ) ;
#2332 = CARTESIAN_POINT ( 'NONE',  ( 0.5999999999999999778, 0.000000000000000000, 1.149999999999999245 ) ) ;
#2333 = DIRECTION ( 'NONE',  ( 0.000000000000000000, 0.000000000000000000, -1.000000000000000000 ) ) ;
#2334 = VECTOR ( 'NONE', #384, 1000.000000000000000 ) ;
#2335 = EDGE_CURVE ( 'NONE', #2761, #4099, #1390, .T. ) ;
#2336 = CARTESIAN_POINT ( 'NONE',  ( -0.5999999999999996447, 0.4500000000000000111, -0.4999999999999994449 ) ) ;
#2337 = ORIENTED_EDGE ( 'NONE', *, *, #4119, .F. ) ;
#2338 = CARTESIAN_POINT ( 'NONE',  ( -1.399999999999999467, 1.700000000000000178, 1.249999999999999778 ) ) ;
#2339 = LINE ( 'NONE', #306, #3705 ) ;
#2340 = ADVANCED_FACE ( 'NONE', ( #1443 ), #2798, .T. ) ;
#2341 = EDGE_CURVE ( 'NONE', #2853, #2985, #2874, .T. ) ;
#2342 = FACE_OUTER_BOUND ( 'NONE', #1752, .T. ) ;
#2343 = CARTESIAN_POINT ( 'NONE',  ( 1.399999999999999689, 1.700000000000000178, 1.249999999999999778 ) ) ;
#2344 = ORIENTED_EDGE ( 'NONE', *, *, #1135, .F. ) ;
#2345 = FACE_OUTER_BOUND ( 'NONE', #2797, .T. ) ;
#2346 = CARTESIAN_POINT ( 'NONE',  ( -1.399999999999999467, 0.4500000000000000111, -1.249999999999999778 ) ) ;
#2347 = EDGE_CURVE ( 'NONE', #2957, #2560, #4126, .T. ) ;
#2348 = VECTOR ( 'NONE', #956, 1000.000000000000000 ) ;
#2349 = ORIENTED_EDGE ( 'NONE', *, *, #674, .F. ) ;
#2350 = CARTESIAN_POINT ( 'NONE',  ( -1.599999999999999645, 0.000000000000000000, 1.249999999999999778 ) ) ;
#2351 = PRODUCT ( 'ECS-327ATQMV-AS-TR_ECS-327ATQMV-AS-TR', 'ECS-327ATQMV-AS-TR_ECS-327ATQMV-AS-TR', '', ( #961 ) ) ;
#2352 = ADVANCED_FACE ( 'NONE', ( #2839 ), #50, .T. ) ;
#2353 = LINE ( 'NONE', #13, #954 ) ;
#2354 = DIRECTION ( 'NONE',  ( 1.000000000000000000, 0.000000000000000000, 0.000000000000000000 ) ) ;
#2355 = VECTOR ( 'NONE', #2063, 1000.000000000000000 ) ;
#2356 = EDGE_CURVE ( 'NONE', #4091, #697, #58, .T. ) ;
#2357 = VERTEX_POINT ( 'NONE', #3119 ) ;
#2358 = CARTESIAN_POINT ( 'NONE',  ( -1.539999999999999591, 0.6999999999999999556, 0.3100000000000004419 ) ) ;
#2359 = LINE ( 'NONE', #1993, #2378 ) ;
#2360 = PLANE ( 'NONE',  #2282 ) ;
#2361 = AXIS2_PLACEMENT_3D ( 'NONE', #738, #977, #2908 ) ;
#2362 = DIRECTION ( 'NONE',  ( -0.000000000000000000, 1.000000000000000000, -0.000000000000000000 ) ) ;
#2363 = FACE_OUTER_BOUND ( 'NONE', #3542, .T. ) ;
#2364 = EDGE_CURVE ( 'NONE', #392, #3475, #9, .T. ) ;
#2365 = DIRECTION ( 'NONE',  ( 0.000000000000000000, -1.000000000000000000, 0.000000000000000000 ) ) ;
#2366 = VERTEX_POINT ( 'NONE', #3765 ) ;
#2367 = CARTESIAN_POINT ( 'NONE',  ( 1.450000000000000622, 1.000000000000000000, -1.050000000000000266 ) ) ;
#2368 = VECTOR ( 'NONE', #3798, 1000.000000000000000 ) ;
#2369 = CIRCLE ( 'NONE', #3123, 0.1999999999999998723 ) ;
#2370 = MECHANICAL_DESIGN_GEOMETRIC_PRESENTATION_REPRESENTATION (  '', ( #1329 ), #693 ) ;
#2371 = CARTESIAN_POINT ( 'NONE',  ( 1.539999999999999591, 0.000000000000000000, 0.4899999999999995470 ) ) ;
#2372 = CARTESIAN_POINT ( 'NONE',  ( 1.499999999999999778, 1.700000000000000178, -0.5999999999999992006 ) ) ;
#2373 = VERTEX_POINT ( 'NONE', #2220 ) ;
#2374 = ADVANCED_FACE ( 'NONE', ( #2781 ), #2167, .F. ) ;
#2375 = VECTOR ( 'NONE', #1238, 1000.000000000000000 ) ;
#2376 = CARTESIAN_POINT ( 'NONE',  ( -1.400000000000001021, 1.000000000000000000, -1.100000000000000311 ) ) ;
#2377 = ORIENTED_EDGE ( 'NONE', *, *, #1565, .F. ) ;
#2378 = VECTOR ( 'NONE', #2576, 1000.000000000000000 ) ;
#2379 = EDGE_CURVE ( 'NONE', #532, #4028, #1464, .T. ) ;
#2380 = FILL_AREA_STYLE_COLOUR ( '', #3939 ) ;
#2381 = VECTOR ( 'NONE', #2789, 1000.000000000000000 ) ;
#2382 = ORIENTED_EDGE ( 'NONE', *, *, #1262, .F. ) ;
#2383 = CARTESIAN_POINT ( 'NONE',  ( 1.500000000000000444, 0.9000000000000000222, -1.050000000000000266 ) ) ;
#2384 = ADVANCED_FACE ( 'NONE', ( #1411 ), #3146, .T. ) ;
#2385 = LINE ( 'NONE', #946, #2392 ) ;
#2386 = DIRECTION ( 'NONE',  ( -0.000000000000000000, -0.000000000000000000, 1.000000000000000000 ) ) ;
#2387 = EDGE_CURVE ( 'NONE', #1790, #1881, #67, .T. ) ;
#2388 = LINE ( 'NONE', #180, #3751 ) ;
#2389 = EDGE_CURVE ( 'NONE', #2928, #3779, #87, .T. ) ;
#2390 = ORIENTED_EDGE ( 'NONE', *, *, #2495, .T. ) ;
#2391 = DIRECTION ( 'NONE',  ( 0.000000000000000000, 0.000000000000000000, -1.000000000000000000 ) ) ;
#2392 = VECTOR ( 'NONE', #2881, 1000.000000000000000 ) ;
#2393 = VECTOR ( 'NONE', #787, 1000.000000000000000 ) ;
#2394 = DIRECTION ( 'NONE',  ( -1.000000000000000000, -0.000000000000000000, 2.622662881087937378E-16 ) ) ;
#2395 = CARTESIAN_POINT ( 'NONE',  ( 1.599999999999999645, 0.4500000000000000111, -1.249999999999999778 ) ) ;
#2396 = EDGE_CURVE ( 'NONE', #3126, #760, #74, .T. ) ;
#2397 = ORIENTED_EDGE ( 'NONE', *, *, #1702, .F. ) ;
#2398 = CIRCLE ( 'NONE', #3760, 0.1000000000000002554 ) ;
#2399 = VECTOR ( 'NONE', #1429, 1000.000000000000000 ) ;
#2400 = CARTESIAN_POINT ( 'NONE',  ( -1.450000000000001066, 1.000000000000000000, 1.050000000000000488 ) ) ;
#2401 = EDGE_LOOP ( 'NONE', ( #2527, #2079, #1036, #3462 ) ) ;
#2402 = VECTOR ( 'NONE', #278, 1000.000000000000000 ) ;
#2403 =( NAMED_UNIT ( * ) SI_UNIT ( $, .STERADIAN. ) SOLID_ANGLE_UNIT ( ) );
#2404 = VERTEX_POINT ( 'NONE', #3489 ) ;
#2405 = VECTOR ( 'NONE', #2791, 1000.000000000000000 ) ;
#2406 = PLANE ( 'NONE',  #277 ) ;
#2407 = ORIENTED_EDGE ( 'NONE', *, *, #2071, .T. ) ;
#2408 = AXIS2_PLACEMENT_3D ( 'NONE', #2731, #2704, #3021 ) ;
#2409 = DIRECTION ( 'NONE',  ( -0.7071067811865476838, 0.000000000000000000, 0.7071067811865474617 ) ) ;
#2410 = FACE_OUTER_BOUND ( 'NONE', #1325, .T. ) ;
#2411 = DIRECTION ( 'NONE',  ( 0.000000000000000000, 1.000000000000000000, -0.000000000000000000 ) ) ;
#2412 = VERTEX_POINT ( 'NONE', #2336 ) ;
#2413 = CARTESIAN_POINT ( 'NONE',  ( 1.499999999999999778, 0.000000000000000000, 0.5999999999999996447 ) ) ;
#2414 = FACE_OUTER_BOUND ( 'NONE', #1148, .T. ) ;
#2415 = CARTESIAN_POINT ( 'NONE',  ( -1.499999999999999778, 0.9000000000000000222, 1.050000000000000266 ) ) ;
#2416 = ORIENTED_EDGE ( 'NONE', *, *, #3864, .T. ) ;
#2417 = CARTESIAN_POINT ( 'NONE',  ( 1.400000000000000577, 0.000000000000000000, -0.4999999999999994449 ) ) ;
#2418 = EDGE_LOOP ( 'NONE', ( #4039, #1297, #2110, #2618 ) ) ;
#2419 = AXIS2_PLACEMENT_3D ( 'NONE', #837, #3661, #1778 ) ;
#2420 = CIRCLE ( 'NONE', #3622, 0.1249999999999994588 ) ;
#2421 = CARTESIAN_POINT ( 'NONE',  ( 0.5999999999999996447, 1.700000000000000178, -0.7999999999999994893 ) ) ;
#2422 = DIRECTION ( 'NONE',  ( 0.7071067811865449082, -0.000000000000000000, 0.7071067811865502373 ) ) ;
#2423 = UNCERTAINTY_MEASURE_WITH_UNIT (LENGTH_MEASURE( 1.000000000000000082E-05 ), #1373, 'distance_accuracy_value', 'NONE');
#2424 = ORIENTED_EDGE ( 'NONE', *, *, #3738, .F. ) ;
#2425 = LINE ( 'NONE', #3994, #2432 ) ;
#2426 = ORIENTED_EDGE ( 'NONE', *, *, #934, .T. ) ;
#2427 = DIRECTION ( 'NONE',  ( 0.000000000000000000, -1.000000000000000000, 0.000000000000000000 ) ) ;
#2428 = LINE ( 'NONE', #2286, #1022 ) ;
#2429 = DIRECTION ( 'NONE',  ( 0.7071067811865460184, 0.000000000000000000, -0.7071067811865490160 ) ) ;
#2430 = AXIS2_PLACEMENT_3D ( 'NONE', #4060, #1028, #2318 ) ;
#2431 = ORIENTED_EDGE ( 'NONE', *, *, #363, .T. ) ;
#2432 = VECTOR ( 'NONE', #541, 1000.000000000000000 ) ;
#2433 = SURFACE_SIDE_STYLE ('',( #3964 ) ) ;
#2434 = EDGE_LOOP ( 'NONE', ( #1737, #3285, #3104, #2337 ) ) ;
#2435 = EDGE_CURVE ( 'NONE', #1433, #550, #2848, .T. ) ;
#2436 = CARTESIAN_POINT ( 'NONE',  ( -1.539999999999999591, 0.000000000000000000, -0.4899999999999995470 ) ) ;
#2437 = LINE ( 'NONE', #3082, #3770 ) ;
#2438 = CARTESIAN_POINT ( 'NONE',  ( 1.599999999999999645, 0.000000000000000000, -1.249999999999999778 ) ) ;
#2439 = EDGE_CURVE ( 'NONE', #1618, #4049, #82, .T. ) ;
#2440 = ORIENTED_EDGE ( 'NONE', *, *, #3864, .F. ) ;
#2441 = DIRECTION ( 'NONE',  ( -0.7071067811865489050, 0.000000000000000000, 0.7071067811865462405 ) ) ;
#2442 = LINE ( 'NONE', #2310, #2448 ) ;
#2443 = ORIENTED_EDGE ( 'NONE', *, *, #810, .F. ) ;
#2444 = EDGE_CURVE ( 'NONE', #3927, #411, #1476, .T. ) ;
#2445 = CARTESIAN_POINT ( 'NONE',  ( 1.475000000000000089, 0.4499999999999999001, 1.249999999999999778 ) ) ;
#2446 = VECTOR ( 'NONE', #929, 1000.000000000000000 ) ;
#2447 = DIRECTION ( 'NONE',  ( -0.000000000000000000, 1.000000000000000000, -0.000000000000000000 ) ) ;
#2448 = VECTOR ( 'NONE', #700, 1000.000000000000000 ) ;
#2449 = ORIENTED_EDGE ( 'NONE', *, *, #2061, .T. ) ;
#2450 = LINE ( 'NONE', #758, #3943 ) ;
#2451 = EDGE_CURVE ( 'NONE', #760, #530, #236, .T. ) ;
#2452 = DIRECTION ( 'NONE',  ( 0.000000000000000000, 0.000000000000000000, -1.000000000000000000 ) ) ;
#2453 = DIRECTION ( 'NONE',  ( -0.000000000000000000, 0.000000000000000000, 1.000000000000000000 ) ) ;
#2454 = ADVANCED_FACE ( 'NONE', ( #1598 ), #2266, .T. ) ;
#2455 = VECTOR ( 'NONE', #59, 1000.000000000000000 ) ;
#2456 = CARTESIAN_POINT ( 'NONE',  ( -1.399999999999999689, 0.9000000000000000222, 1.050000000000000266 ) ) ;
#2457 = DIRECTION ( 'NONE',  ( 0.000000000000000000, 0.000000000000000000, 1.000000000000000000 ) ) ;
#2458 = LINE ( 'NONE', #3158, #2536 ) ;
#2459 = DIRECTION ( 'NONE',  ( 0.7071067811865494601, 0.000000000000000000, 0.7071067811865455743 ) ) ;
#2460 = EDGE_CURVE ( 'NONE', #3041, #1147, #2958, .T. ) ;
#2461 = DIRECTION ( 'NONE',  ( 0.000000000000000000, 0.000000000000000000, 1.000000000000000000 ) ) ;
#2462 = LINE ( 'NONE', #2977, #1050 ) ;
#2463 = DIRECTION ( 'NONE',  ( 1.000000000000000000, -0.000000000000000000, 0.000000000000000000 ) ) ;
#2464 = DIRECTION ( 'NONE',  ( -0.000000000000000000, 1.000000000000000000, -0.000000000000000000 ) ) ;
#2465 = VECTOR ( 'NONE', #1866, 1000.000000000000000 ) ;
#2466 = DIRECTION ( 'NONE',  ( 0.000000000000000000, -1.000000000000000000, 0.000000000000000000 ) ) ;
#2467 =( GEOMETRIC_REPRESENTATION_CONTEXT ( 3 ) GLOBAL_UNCERTAINTY_ASSIGNED_CONTEXT ( ( #1721 ) ) GLOBAL_UNIT_ASSIGNED_CONTEXT ( ( #3609, #3913, #1496 ) ) REPRESENTATION_CONTEXT ( 'NONE', 'WORKASPACE' ) );
#2468 = DIRECTION ( 'NONE',  ( 0.000000000000000000, 0.000000000000000000, -1.000000000000000000 ) ) ;
#2469 = CIRCLE ( 'NONE', #3437, 0.2000000000000000944 ) ;
#2470 = MANIFOLD_SOLID_BREP ( 'Pin[1]', #317 ) ;
#2471 = CARTESIAN_POINT ( 'NONE',  ( -1.599999999999999645, 0.4500000000000000111, 1.125000000000000000 ) ) ;
#2472 = PLANE ( 'NONE',  #1942 ) ;
#2473 = VECTOR ( 'NONE', #1136, 1000.000000000000000 ) ;
#2474 = CARTESIAN_POINT ( 'NONE',  ( -1.426794919243111970, 0.4500000000000000111, -1.149999999999999689 ) ) ;
#2475 = AXIS2_PLACEMENT_3D ( 'NONE', #1797, #2427, #2756 ) ;
#2476 = CARTESIAN_POINT ( 'NONE',  ( 1.426794919243111970, 0.4500000000000000111, 1.149999999999999689 ) ) ;
#2477 = VECTOR ( 'NONE', #3154, 1000.000000000000000 ) ;
#2478 = ORIENTED_EDGE ( 'NONE', *, *, #2982, .T. ) ;
#2479 = LINE ( 'NONE', #612, #3872 ) ;
#2480 = DIRECTION ( 'NONE',  ( -0.000000000000000000, 1.000000000000000000, -0.000000000000000000 ) ) ;
#2481 = FACE_OUTER_BOUND ( 'NONE', #729, .T. ) ;
#2482 = ORIENTED_EDGE ( 'NONE', *, *, #4088, .T. ) ;
#2483 = VERTEX_POINT ( 'NONE', #61 ) ;
#2484 = DIRECTION ( 'NONE',  ( -0.000000000000000000, 1.000000000000000000, 0.000000000000000000 ) ) ;
#2485 = AXIS2_PLACEMENT_3D ( 'NONE', #1187, #1593, #4085 ) ;
#2486 = DIRECTION ( 'NONE',  ( 0.000000000000000000, 0.000000000000000000, -1.000000000000000000 ) ) ;
#2487 = CARTESIAN_POINT ( 'NONE',  ( -0.9249999999999973799, 0.6999999999999999556, -0.9250000000000005995 ) ) ;
#2488 = VECTOR ( 'NONE', #1954, 1000.000000000000000 ) ;
#2489 = ORIENTED_EDGE ( 'NONE', *, *, #898, .T. ) ;
#2490 = CARTESIAN_POINT ( 'NONE',  ( 1.399999999999999689, 0.4499999999999999001, -1.249999999999999778 ) ) ;
#2491 = CARTESIAN_POINT ( 'NONE',  ( -1.499999999999999778, 0.4499999999999999001, 1.076794919243112103 ) ) ;
#2492 = LINE ( 'NONE', #910, #2543 ) ;
#2493 = DIRECTION ( 'NONE',  ( 0.000000000000000000, -1.000000000000000000, 0.000000000000000000 ) ) ;
#2494 = CARTESIAN_POINT ( 'NONE',  ( -1.474999999999999645, 0.6999999999999999556, 1.249999999999999778 ) ) ;
#2495 = EDGE_CURVE ( 'NONE', #2126, #781, #1557, .T. ) ;
#2496 = SHAPE_REPRESENTATION ( 'ECS-327ATQMV-AS-TR', ( #638, #483 ), #1213 ) ;
#2497 = VERTEX_POINT ( 'NONE', #937 ) ;
#2498 = CARTESIAN_POINT ( 'NONE',  ( 1.599999999999999645, 0.4500000000000000111, 1.249999999999999778 ) ) ;
#2499 = CARTESIAN_POINT ( 'NONE',  ( 1.499999999999999778, 0.000000000000000000, 0.5999999999999996447 ) ) ;
#2500 = VECTOR ( 'NONE', #237, 1000.000000000000000 ) ;
#2501 = DIRECTION ( 'NONE',  ( 0.000000000000000000, -1.000000000000000000, 0.000000000000000000 ) ) ;
#2502 = ADVANCED_FACE ( 'NONE', ( #1620 ), #138, .T. ) ;
#2503 = DIRECTION ( 'NONE',  ( -5.245325762175874757E-16, 0.000000000000000000, 1.000000000000000000 ) ) ;
#2504 = VECTOR ( 'NONE', #1371, 1000.000000000000000 ) ;
#2505 = EDGE_CURVE ( 'NONE', #1713, #3291, #150, .T. ) ;
#2506 = VERTEX_POINT ( 'NONE', #298 ) ;
#2507 = LINE ( 'NONE', #813, #2548 ) ;
#2508 = DIRECTION ( 'NONE',  ( -1.000000000000000000, 0.000000000000000000, 0.000000000000000000 ) ) ;
#2509 = PRESENTATION_LAYER_ASSIGNMENT (  '', '', ( #254 ) ) ;
#2510 = LINE ( 'NONE', #2008, #3844 ) ;
#2511 = ORIENTED_EDGE ( 'NONE', *, *, #2840, .F. ) ;
#2512 = EDGE_CURVE ( 'NONE', #3391, #3450, #160, .T. ) ;
#2513 = CARTESIAN_POINT ( 'NONE',  ( -1.539999999999999591, 0.000000000000000000, -0.4899999999999995470 ) ) ;
#2514 = LINE ( 'NONE', #151, #3880 ) ;
#2515 = CARTESIAN_POINT ( 'NONE',  ( 1.599999999999999645, 0.4500000000000000111, 1.249999999999999778 ) ) ;
#2516 = VECTOR ( 'NONE', #376, 1000.000000000000000 ) ;
#2517 = ORIENTED_EDGE ( 'NONE', *, *, #891, .T. ) ;
#2518 = AXIS2_PLACEMENT_3D ( 'NONE', #3001, #3292, #791 ) ;
#2519 = CARTESIAN_POINT ( 'NONE',  ( -1.400000000000001021, 1.000000000000000000, 1.100000000000000311 ) ) ;
#2520 =( NAMED_UNIT ( * ) SI_UNIT ( $, .STERADIAN. ) SOLID_ANGLE_UNIT ( ) );
#2521 = CARTESIAN_POINT ( 'NONE',  ( -1.474999999999999645, 0.6999999999999999556, -1.250000000000000222 ) ) ;
#2522 = CARTESIAN_POINT ( 'NONE',  ( -1.400000000000000355, 0.4500000000000000111, 0.4999999999999994449 ) ) ;
#2523 = CARTESIAN_POINT ( 'NONE',  ( 1.599999999999999645, 0.000000000000000000, -1.249999999999999778 ) ) ;
#2524 = DIRECTION ( 'NONE',  ( 0.7071067811865462405, 0.000000000000000000, -0.7071067811865489050 ) ) ;
#2525 = LINE ( 'NONE', #2937, #2533 ) ;
#2526 = ORIENTED_EDGE ( 'NONE', *, *, #1186, .T. ) ;
#2527 = ORIENTED_EDGE ( 'NONE', *, *, #3281, .F. ) ;
#2528 = CARTESIAN_POINT ( 'NONE',  ( 1.599999999999999867, 0.6999999999999999556, -0.2500000000000004996 ) ) ;
#2529 = DIRECTION ( 'NONE',  ( 0.000000000000000000, 0.000000000000000000, 1.000000000000000000 ) ) ;
#2530 = LINE ( 'NONE', #3101, #3892 ) ;
#2531 = DIRECTION ( 'NONE',  ( 0.000000000000000000, -1.000000000000000000, 0.000000000000000000 ) ) ;
#2532 = AXIS2_PLACEMENT_3D ( 'NONE', #2205, #3454, #1552 ) ;
#2533 = VECTOR ( 'NONE', #1630, 1000.000000000000227 ) ;
#2534 = ORIENTED_EDGE ( 'NONE', *, *, #45, .T. ) ;
#2535 = ORIENTED_EDGE ( 'NONE', *, *, #2379, .T. ) ;
#2536 = VECTOR ( 'NONE', #3778, 1000.000000000000000 ) ;
#2537 = CARTESIAN_POINT ( 'NONE',  ( 1.426794919243112192, 1.700000000000000178, -1.149999999999999245 ) ) ;
#2538 = ADVANCED_FACE ( 'NONE', ( #166 ), #179, .F. ) ;
#2539 = EDGE_CURVE ( 'NONE', #2871, #1162, #143, .T. ) ;
#2540 = CARTESIAN_POINT ( 'NONE',  ( -1.539999999999999591, 0.000000000000000000, -0.3100000000000002753 ) ) ;
#2541 = LINE ( 'NONE', #1981, #3903 ) ;
#2542 = VERTEX_POINT ( 'NONE', #1239 ) ;
#2543 = VECTOR ( 'NONE', #512, 1000.000000000000000 ) ;
#2544 = VECTOR ( 'NONE', #20, 1000.000000000000000 ) ;
#2545 = ORIENTED_EDGE ( 'NONE', *, *, #3575, .F. ) ;
#2546 = VERTEX_POINT ( 'NONE', #4079 ) ;
#2547 = DIRECTION ( 'NONE',  ( 1.000000000000000000, 0.000000000000000000, 0.000000000000000000 ) ) ;
#2548 = VECTOR ( 'NONE', #3405, 1000.000000000000000 ) ;
#2549 = CARTESIAN_POINT ( 'NONE',  ( -1.599999999999999645, 0.000000000000000000, -0.000000000000000000 ) ) ;
#2550 = EDGE_CURVE ( 'NONE', #212, #333, #2999, .T. ) ;
#2551 = CARTESIAN_POINT ( 'NONE',  ( 1.600000000000000533, 0.000000000000000000, 0.000000000000000000 ) ) ;
#2552 = CARTESIAN_POINT ( 'NONE',  ( 1.499999999999999778, 1.700000000000000178, -0.5999999999999992006 ) ) ;
#2553 = VECTOR ( 'NONE', #2302, 1000.000000000000000 ) ;
#2554 = VERTEX_POINT ( 'NONE', #583 ) ;
#2555 = DIRECTION ( 'NONE',  ( -0.000000000000000000, -1.000000000000000000, -0.000000000000000000 ) ) ;
#2556 = CARTESIAN_POINT ( 'NONE',  ( -1.400000000000000133, 0.000000000000000000, -0.4999999999999994449 ) ) ;
#2557 = VECTOR ( 'NONE', #3681, 1000.000000000000000 ) ;
#2558 = DIRECTION ( 'NONE',  ( 0.000000000000000000, 0.000000000000000000, -1.000000000000000000 ) ) ;
#2559 = LINE ( 'NONE', #2862, #3926 ) ;
#2560 = VERTEX_POINT ( 'NONE', #1863 ) ;
#2561 = ORIENTED_EDGE ( 'NONE', *, *, #579, .F. ) ;
#2562 = VECTOR ( 'NONE', #3600, 1000.000000000000000 ) ;
#2563 = AXIS2_PLACEMENT_3D ( 'NONE', #661, #2301, #1574 ) ;
#2564 = CARTESIAN_POINT ( 'NONE',  ( 1.599999999999999645, 0.4500000000000000111, -1.049999999999999822 ) ) ;
#2565 = CARTESIAN_POINT ( 'NONE',  ( -1.426794919243111970, 1.700000000000000178, -1.149999999999999689 ) ) ;
#2566 = VECTOR ( 'NONE', #1009, 1000.000000000000000 ) ;
#2567 = EDGE_LOOP ( 'NONE', ( #165, #2934, #2640, #4103, #2684, #528, #3124, #808, #1533, #1254 ) ) ;
#2568 = ORIENTED_EDGE ( 'NONE', *, *, #2121, .T. ) ;
#2569 = LINE ( 'NONE', #2676, #1212 ) ;
#2570 = AXIS2_PLACEMENT_3D ( 'NONE', #3508, #641, #2258 ) ;
#2571 = VECTOR ( 'NONE', #1684, 1000.000000000000000 ) ;
#2572 = DIRECTION ( 'NONE',  ( -0.000000000000000000, -1.000000000000000000, -0.000000000000000000 ) ) ;
#2573 = ORIENTED_EDGE ( 'NONE', *, *, #3648, .T. ) ;
#2574 =( LENGTH_UNIT ( ) NAMED_UNIT ( * ) SI_UNIT ( .MILLI., .METRE. ) );
#2575 = FACE_OUTER_BOUND ( 'NONE', #3359, .T. ) ;
#2576 = DIRECTION ( 'NONE',  ( 1.000000000000000000, 0.000000000000000000, 0.000000000000000000 ) ) ;
#2577 = DIRECTION ( 'NONE',  ( 0.000000000000000000, 0.000000000000000000, 1.000000000000000000 ) ) ;
#2578 = CARTESIAN_POINT ( 'NONE',  ( -1.599999999999999645, 0.6999999999999999556, 0.000000000000000000 ) ) ;
#2579 = VECTOR ( 'NONE', #925, 1000.000000000000000 ) ;
#2580 = VERTEX_POINT ( 'NONE', #3722 ) ;
#2581 = AXIS2_PLACEMENT_3D ( 'NONE', #3618, #1701, #725 ) ;
#2582 = DIRECTION ( 'NONE',  ( -1.000000000000000000, -0.000000000000000000, -0.000000000000000000 ) ) ;
#2583 = PLANE ( 'NONE',  #1103 ) ;
#2584 = LINE ( 'NONE', #533, #2562 ) ;
#2585 = ADVANCED_FACE ( 'NONE', ( #2966 ), #2152, .F. ) ;
#2586 = ORIENTED_EDGE ( 'NONE', *, *, #2932, .F. ) ;
#2587 = ORIENTED_EDGE ( 'NONE', *, *, #1343, .F. ) ;
#2588 = VECTOR ( 'NONE', #559, 1000.000000000000000 ) ;
#2589 = EDGE_CURVE ( 'NONE', #689, #519, #2944, .T. ) ;
#2590 = CARTESIAN_POINT ( 'NONE',  ( -1.499999999999999778, 0.000000000000000000, 0.5999999999999993117 ) ) ;
#2591 = DIRECTION ( 'NONE',  ( 0.000000000000000000, 0.000000000000000000, 1.000000000000000000 ) ) ;
#2592 = EDGE_CURVE ( 'NONE', #2818, #3344, #1649, .T. ) ;
#2593 = VECTOR ( 'NONE', #1315, 1000.000000000000000 ) ;
#2594 = ORIENTED_EDGE ( 'NONE', *, *, #2997, .F. ) ;
#2595 = VERTEX_POINT ( 'NONE', #2777 ) ;
#2596 = LINE ( 'NONE', #2974, #2679 ) ;
#2597 = DIRECTION ( 'NONE',  ( 0.000000000000000000, 0.000000000000000000, -1.000000000000000000 ) ) ;
#2598 = SURFACE_STYLE_USAGE ( .BOTH. , #386 ) ;
#2599 = LINE ( 'NONE', #2624, #2593 ) ;
#2600 = EDGE_CURVE ( 'NONE', #3268, #841, #192, .T. ) ;
#2601 = EDGE_LOOP ( 'NONE', ( #3951, #1926, #110, #3485 ) ) ;
#2602 = DIRECTION ( 'NONE',  ( -1.000000000000000000, 0.000000000000000000, -0.000000000000000000 ) ) ;
#2603 = EDGE_LOOP ( 'NONE', ( #986, #491, #2440, #117, #3209, #2377, #1580, #2907, #1835, #2382 ) ) ;
#2604 = DIRECTION ( 'NONE',  ( -1.000000000000000000, 0.000000000000000000, 0.000000000000000000 ) ) ;
#2605 = COLOUR_RGB ( '',1.000000000000000000, 0.8117647058823529438, 0.5019607843137254832 ) ;
#2606 = CARTESIAN_POINT ( 'NONE',  ( 1.599999999999999645, 0.4500000000000000111, 1.249999999999999778 ) ) ;
#2607 = CARTESIAN_POINT ( 'NONE',  ( 1.599999999999999645, 0.4499999999999999001, -1.249999999999999778 ) ) ;
#2608 = CARTESIAN_POINT ( 'NONE',  ( 1.599999999999999645, 1.700000000000000178, 1.249999999999999778 ) ) ;
#2609 = VERTEX_POINT ( 'NONE', #894 ) ;
#2610 = EDGE_LOOP ( 'NONE', ( #2713, #843, #3644, #398 ) ) ;
#2611 = EDGE_CURVE ( 'NONE', #3344, #3572, #1581, .T. ) ;
#2612 = CARTESIAN_POINT ( 'NONE',  ( -1.426794919243111970, 1.700000000000000178, 1.149999999999999245 ) ) ;
#2613 = CARTESIAN_POINT ( 'NONE',  ( 1.400000000000000577, 1.000000000000000000, -1.050000000000000266 ) ) ;
#2614 = LINE ( 'NONE', #2114, #1357 ) ;
#2615 = CARTESIAN_POINT ( 'NONE',  ( 1.400000000000000133, 0.6999999999999999556, 1.150000000000000355 ) ) ;
#2616 = DIRECTION ( 'NONE',  ( 0.000000000000000000, 0.000000000000000000, 1.000000000000000000 ) ) ;
#2617 = COLOUR_RGB ( '',1.000000000000000000, 0.8117647058823529438, 0.5019607843137254832 ) ;
#2618 = ORIENTED_EDGE ( 'NONE', *, *, #3682, .F. ) ;
#2619 = AXIS2_PLACEMENT_3D ( 'NONE', #4087, #2501, #272 ) ;
#2620 = EDGE_LOOP ( 'NONE', ( #2349, #1503, #186, #1980 ) ) ;
#2621 = FACE_OUTER_BOUND ( 'NONE', #3886, .T. ) ;
#2622 = DIRECTION ( 'NONE',  ( 0.000000000000000000, -1.000000000000000000, 0.000000000000000000 ) ) ;
#2623 = ADVANCED_FACE ( 'NONE', ( #1605 ), #1572, .F. ) ;
#2624 = CARTESIAN_POINT ( 'NONE',  ( -1.400000000000000133, 0.4500000000000000111, -0.4999999999999994449 ) ) ;
#2625 = VECTOR ( 'NONE', #2463, 1000.000000000000000 ) ;
#2626 = ORIENTED_EDGE ( 'NONE', *, *, #1708, .T. ) ;
#2627 = ORIENTED_EDGE ( 'NONE', *, *, #3281, .T. ) ;
#2628 = AXIS2_PLACEMENT_3D ( 'NONE', #2917, #482, #1986 ) ;
#2629 = CIRCLE ( 'NONE', #1117, 0.2000000000000000944 ) ;
#2630 =( NAMED_UNIT ( * ) PLANE_ANGLE_UNIT ( ) SI_UNIT ( $, .RADIAN. ) );
#2631 = DIRECTION ( 'NONE',  ( 1.000000000000000000, 0.000000000000000000, 2.622662881087936885E-16 ) ) ;
#2632 = CARTESIAN_POINT ( 'NONE',  ( -1.599999999999999867, 0.000000000000000000, 0.2500000000000004996 ) ) ;
#2633 = ORIENTED_EDGE ( 'NONE', *, *, #953, .F. ) ;
#2634 = PLANE ( 'NONE',  #310 ) ;
#2635 = EDGE_LOOP ( 'NONE', ( #710, #3088, #2627, #1283 ) ) ;
#2636 = CIRCLE ( 'NONE', #3749, 0.04999999999999991257 ) ;
#2637 = DIRECTION ( 'NONE',  ( 0.000000000000000000, -1.000000000000000000, 0.000000000000000000 ) ) ;
#2638 = EDGE_CURVE ( 'NONE', #2943, #2304, #219, .T. ) ;
#2639 = CYLINDRICAL_SURFACE ( 'NONE', #2224, 0.2000000000000000944 ) ;
#2640 = ORIENTED_EDGE ( 'NONE', *, *, #476, .F. ) ;
#2641 = ORIENTED_EDGE ( 'NONE', *, *, #1418, .F. ) ;
#2642 = EDGE_CURVE ( 'NONE', #2985, #1945, #229, .T. ) ;
#2643 = DIRECTION ( 'NONE',  ( -0.7071067811865455743, -0.000000000000000000, 0.7071067811865493491 ) ) ;
#2644 = CARTESIAN_POINT ( 'NONE',  ( -1.499999999999999556, 0.000000000000000000, -0.5999999999999995337 ) ) ;
#2645 = LINE ( 'NONE', #3055, #1232 ) ;
#2646 = ADVANCED_FACE ( 'NONE', ( #125 ), #2952, .F. ) ;
#2647 = VECTOR ( 'NONE', #3456, 1000.000000000000000 ) ;
#2648 = EDGE_CURVE ( 'NONE', #2928, #689, #1591, .T. ) ;
#2649 = ORIENTED_EDGE ( 'NONE', *, *, #2611, .F. ) ;
#2650 = EDGE_LOOP ( 'NONE', ( #341, #441, #3062, #1640 ) ) ;
#2651 = VECTOR ( 'NONE', #1444, 1000.000000000000000 ) ;
#2652 = CARTESIAN_POINT ( 'NONE',  ( -1.399999999999999689, 0.9000000000000000222, -1.150000000000000355 ) ) ;
#2653 = SURFACE_STYLE_USAGE ( .BOTH. , #122 ) ;
#2654 = LINE ( 'NONE', #3076, #4003 ) ;
#2655 = VERTEX_POINT ( 'NONE', #244 ) ;
#2656 = ORIENTED_EDGE ( 'NONE', *, *, #2589, .F. ) ;
#2657 = CARTESIAN_POINT ( 'NONE',  ( 1.599999999999999645, 0.4500000000000000111, 1.249999999999999778 ) ) ;
#2658 = EDGE_CURVE ( 'NONE', #2252, #3325, #252, .T. ) ;
#2659 = DIRECTION ( 'NONE',  ( 0.000000000000000000, -0.000000000000000000, -1.000000000000000000 ) ) ;
#2660 = CARTESIAN_POINT ( 'NONE',  ( 1.400000000000000577, 0.4500000000000000111, -0.4999999999999994449 ) ) ;
#2661 = LINE ( 'NONE', #3658, #2754 ) ;
#2662 = ORIENTED_EDGE ( 'NONE', *, *, #1887, .F. ) ;
#2663 = ORIENTED_EDGE ( 'NONE', *, *, #554, .F. ) ;
#2664 = DIRECTION ( 'NONE',  ( -0.000000000000000000, -0.000000000000000000, 1.000000000000000000 ) ) ;
#2665 = PRODUCT_RELATED_PRODUCT_CATEGORY ( 'part', '', ( #1975 ) ) ;
#2666 = CARTESIAN_POINT ( 'NONE',  ( 1.499999999999999778, 0.000000000000000000, -0.5999999999999992006 ) ) ;
#2667 = DIRECTION ( 'NONE',  ( 0.000000000000000000, 0.000000000000000000, -1.000000000000000000 ) ) ;
#2668 = EDGE_CURVE ( 'NONE', #3362, #2025, #3015, .T. ) ;
#2669 = LINE ( 'NONE', #1642, #2719 ) ;
#2670 = ORIENTED_EDGE ( 'NONE', *, *, #1934, .T. ) ;
#2671 = ORIENTED_EDGE ( 'NONE', *, *, #126, .T. ) ;
#2672 = DIRECTION ( 'NONE',  ( 0.000000000000000000, -1.000000000000000000, 0.000000000000000000 ) ) ;
#2673 = DIRECTION ( 'NONE',  ( 0.000000000000000000, 1.000000000000000000, -0.000000000000000000 ) ) ;
#2674 = VECTOR ( 'NONE', #2386, 1000.000000000000000 ) ;
#2675 = AXIS2_PLACEMENT_3D ( 'NONE', #1004, #737, #3305 ) ;
#2676 = CARTESIAN_POINT ( 'NONE',  ( 1.599999999999999645, 0.4500000000000000111, -1.049999999999999822 ) ) ;
#2677 = ORIENTED_EDGE ( 'NONE', *, *, #991, .T. ) ;
#2678 = ORIENTED_EDGE ( 'NONE', *, *, #1616, .T. ) ;
#2679 = VECTOR ( 'NONE', #2014, 1000.000000000000000 ) ;
#2680 = CARTESIAN_POINT ( 'NONE',  ( 1.400000000000000577, 0.000000000000000000, -0.4999999999999994449 ) ) ;
#2681 = AXIS2_PLACEMENT_3D ( 'NONE', #1847, #597, #3707 ) ;
#2682 = ADVANCED_FACE ( 'NONE', ( #1641 ), #3558, .T. ) ;
#2683 = PLANE ( 'NONE',  #777 ) ;
#2684 = ORIENTED_EDGE ( 'NONE', *, *, #2251, .F. ) ;
#2685 = AXIS2_PLACEMENT_3D ( 'NONE', #1382, #1932, #3832 ) ;
#2686 = FACE_OUTER_BOUND ( 'NONE', #3198, .T. ) ;
#2687 = CARTESIAN_POINT ( 'NONE',  ( -1.599999999999999645, 0.000000000000000000, -0.000000000000000000 ) ) ;
#2688 = DIRECTION ( 'NONE',  ( 0.000000000000000000, -1.000000000000000000, 0.000000000000000000 ) ) ;
#2689 = ORIENTED_EDGE ( 'NONE', *, *, #1877, .F. ) ;
#2690 = EDGE_CURVE ( 'NONE', #530, #1917, #2888, .T. ) ;
#2691 = CARTESIAN_POINT ( 'NONE',  ( -0.5250000000000056843, 0.6999999999999999556, 0.5250000000000019096 ) ) ;
#2692 = LINE ( 'NONE', #3678, #1304 ) ;
#2693 = VERTEX_POINT ( 'NONE', #1037 ) ;
#2694 = ORIENTED_EDGE ( 'NONE', *, *, #978, .F. ) ;
#2695 = CARTESIAN_POINT ( 'NONE',  ( -1.599999999999999645, 0.4500000000000000111, -1.249999999999999778 ) ) ;
#2696 = DIRECTION ( 'NONE',  ( 0.000000000000000000, -1.000000000000000000, 0.000000000000000000 ) ) ;
#2697 = VECTOR ( 'NONE', #3962, 1000.000000000000000 ) ;
#2698 = VECTOR ( 'NONE', #765, 1000.000000000000000 ) ;
#2699 = EDGE_CURVE ( 'NONE', #2733, #3979, #1519, .T. ) ;
#2700 = ORIENTED_EDGE ( 'NONE', *, *, #1047, .T. ) ;
#2701 = ORIENTED_EDGE ( 'NONE', *, *, #939, .T. ) ;
#2702 = CARTESIAN_POINT ( 'NONE',  ( -1.599999999999999867, 0.6999999999999999556, -0.2500000000000004996 ) ) ;
#2703 = VECTOR ( 'NONE', #172, 1000.000000000000000 ) ;
#2704 = DIRECTION ( 'NONE',  ( 0.000000000000000000, -1.000000000000000000, 0.000000000000000000 ) ) ;
#2705 = LINE ( 'NONE', #3309, #1281 ) ;
#2706 = ORIENTED_EDGE ( 'NONE', *, *, #1877, .T. ) ;
#2707 = ORIENTED_EDGE ( 'NONE', *, *, #2589, .T. ) ;
#2708 = EDGE_CURVE ( 'NONE', #2957, #336, #1092, .T. ) ;
#2709 = DIRECTION ( 'NONE',  ( -0.000000000000000000, -1.000000000000000000, -0.000000000000000000 ) ) ;
#2710 = ADVANCED_FACE ( 'NONE', ( #1154 ), #409, .T. ) ;
#2711 = DIRECTION ( 'NONE',  ( 0.000000000000000000, 1.000000000000000000, 0.000000000000000000 ) ) ;
#2712 = LINE ( 'NONE', #3991, #4055 ) ;
#2713 = ORIENTED_EDGE ( 'NONE', *, *, #3533, .F. ) ;
#2714 = AXIS2_PLACEMENT_3D ( 'NONE', #3902, #3626, #1948 ) ;
#2715 = VERTEX_POINT ( 'NONE', #3908 ) ;
#2716 = EDGE_CURVE ( 'NONE', #3014, #3466, #1216, .T. ) ;
#2717 = CIRCLE ( 'NONE', #494, 0.1000000000000002554 ) ;
#2718 = DIRECTION ( 'NONE',  ( 1.000000000000000000, 0.000000000000000000, -0.000000000000000000 ) ) ;
#2719 = VECTOR ( 'NONE', #2890, 1000.000000000000000 ) ;
#2720 = ORIENTED_EDGE ( 'NONE', *, *, #2460, .T. ) ;
#2721 = ORIENTED_EDGE ( 'NONE', *, *, #1810, .F. ) ;
#2722 = AXIS2_PLACEMENT_3D ( 'NONE', #2183, #2784, #885 ) ;
#2723 = DIRECTION ( 'NONE',  ( 0.000000000000000000, 0.000000000000000000, -1.000000000000000000 ) ) ;
#2724 = PLANE ( 'NONE',  #1063 ) ;
#2725 = VECTOR ( 'NONE', #2140, 1000.000000000000000 ) ;
#2726 = ADVANCED_FACE ( 'NONE', ( #2481 ), #1927, .T. ) ;
#2727 = CIRCLE ( 'NONE', #69, 0.2000000000000000944 ) ;
#2728 = ORIENTED_EDGE ( 'NONE', *, *, #573, .T. ) ;
#2729 = CIRCLE ( 'NONE', #2915, 0.2000000000000000944 ) ;
#2730 = EDGE_CURVE ( 'NONE', #595, #2412, #2510, .T. ) ;
#2731 = CARTESIAN_POINT ( 'NONE',  ( 1.599999999999999645, 0.000000000000000000, 1.249999999999999778 ) ) ;
#2732 = LINE ( 'NONE', #2207, #1359 ) ;
#2733 = VERTEX_POINT ( 'NONE', #691 ) ;
#2734 = ORIENTED_EDGE ( 'NONE', *, *, #759, .F. ) ;
#2735 = LINE ( 'NONE', #3986, #3961 ) ;
#2736 = UNCERTAINTY_MEASURE_WITH_UNIT (LENGTH_MEASURE( 1.000000000000000082E-05 ), #2574, 'distance_accuracy_value', 'NONE');
#2737 = DIRECTION ( 'NONE',  ( 0.7071067811865474617, 0.000000000000000000, 0.7071067811865476838 ) ) ;
#2738 = DIRECTION ( 'NONE',  ( 0.000000000000000000, 0.000000000000000000, -1.000000000000000000 ) ) ;
#2739 = VECTOR ( 'NONE', #1961, 1000.000000000000000 ) ;
#2740 = EDGE_CURVE ( 'NONE', #2412, #1056, #2599, .T. ) ;
#2741 = ORIENTED_EDGE ( 'NONE', *, *, #3096, .F. ) ;
#2742 = DIRECTION ( 'NONE',  ( 0.000000000000000000, -1.000000000000000000, 0.000000000000000000 ) ) ;
#2743 = VERTEX_POINT ( 'NONE', #2325 ) ;
#2744 = CARTESIAN_POINT ( 'NONE',  ( 1.599999999999999645, 0.000000000000000000, -1.249999999999999778 ) ) ;
#2745 = EDGE_CURVE ( 'NONE', #2366, #532, #2525, .T. ) ;
#2746 = DIRECTION ( 'NONE',  ( 0.000000000000000000, -1.000000000000000000, 0.000000000000000000 ) ) ;
#2747 = CARTESIAN_POINT ( 'NONE',  ( -1.599999999999999645, 0.4500000000000000111, 1.249999999999999778 ) ) ;
#2748 = ORIENTED_EDGE ( 'NONE', *, *, #3695, .F. ) ;
#2749 = ORIENTED_EDGE ( 'NONE', *, *, #2857, .F. ) ;
#2750 = CARTESIAN_POINT ( 'NONE',  ( -1.399999999999999689, 0.6999999999999999556, -1.150000000000000355 ) ) ;
#2751 = DIRECTION ( 'NONE',  ( 0.000000000000000000, 0.000000000000000000, 1.000000000000000000 ) ) ;
#2752 = VECTOR ( 'NONE', #3179, 1000.000000000000000 ) ;
#2753 = EDGE_CURVE ( 'NONE', #2197, #3325, #1161, .T. ) ;
#2754 = VECTOR ( 'NONE', #1118, 1000.000000000000000 ) ;
#2755 = ORIENTED_EDGE ( 'NONE', *, *, #2812, .F. ) ;
#2756 = DIRECTION ( 'NONE',  ( 0.000000000000000000, -0.000000000000000000, -1.000000000000000000 ) ) ;
#2757 = EDGE_CURVE ( 'NONE', #3619, #2073, #3896, .T. ) ;
#2758 = CARTESIAN_POINT ( 'NONE',  ( 1.599999999999999645, 0.000000000000000000, 1.249999999999999778 ) ) ;
#2759 = DIRECTION ( 'NONE',  ( -0.000000000000000000, -1.000000000000000000, -0.000000000000000000 ) ) ;
#2760 = LINE ( 'NONE', #2142, #109 ) ;
#2761 = VERTEX_POINT ( 'NONE', #3282 ) ;
#2762 = CARTESIAN_POINT ( 'NONE',  ( -1.599999999999999645, 1.700000000000000178, -1.249999999999999778 ) ) ;
#2763 = FACE_OUTER_BOUND ( 'NONE', #825, .T. ) ;
#2764 = AXIS2_PLACEMENT_3D ( 'NONE', #2319, #89, #1387 ) ;
#2765 = CARTESIAN_POINT ( 'NONE',  ( 1.539999999999999591, 0.000000000000000000, 0.3100000000000004419 ) ) ;
#2766 = DIRECTION ( 'NONE',  ( 0.000000000000000000, 0.000000000000000000, -1.000000000000000000 ) ) ;
#2767 = EDGE_CURVE ( 'NONE', #2693, #3990, #1144, .T. ) ;
#2768 = LINE ( 'NONE', #3709, #2850 ) ;
#2769 = CARTESIAN_POINT ( 'NONE',  ( -1.400000000000001021, 5.640054944640261247, 1.100000000000000311 ) ) ;
#2770 = ORIENTED_EDGE ( 'NONE', *, *, #2202, .F. ) ;
#2771 = CARTESIAN_POINT ( 'NONE',  ( 1.599999999999999645, 0.4500000000000000111, -1.249999999999999778 ) ) ;
#2772 = AXIS2_PLACEMENT_3D ( 'NONE', #1168, #830, #1833 ) ;
#2773 = VECTOR ( 'NONE', #1537, 1000.000000000000000 ) ;
#2774 = ORIENTED_EDGE ( 'NONE', *, *, #2668, .T. ) ;
#2775 = CARTESIAN_POINT ( 'NONE',  ( -1.426794919243111970, 0.000000000000000000, 1.149999999999999245 ) ) ;
#2776 = DIRECTION ( 'NONE',  ( 0.7071067811865449082, -0.000000000000000000, 0.7071067811865502373 ) ) ;
#2777 = CARTESIAN_POINT ( 'NONE',  ( 1.450000000000000400, 0.9000000000000000222, 1.050000000000000488 ) ) ;
#2778 = LINE ( 'NONE', #1506, #2773 ) ;
#2779 = ORIENTED_EDGE ( 'NONE', *, *, #1691, .T. ) ;
#2780 = DIRECTION ( 'NONE',  ( -0.000000000000000000, -1.000000000000000000, -0.000000000000000000 ) ) ;
#2781 = FACE_OUTER_BOUND ( 'NONE', #2007, .T. ) ;
#2782 = AXIS2_PLACEMENT_3D ( 'NONE', #1351, #1077, #2239 ) ;
#2783 = CARTESIAN_POINT ( 'NONE',  ( -1.599999999999999645, 0.000000000000000000, -1.249999999999999778 ) ) ;
#2784 = DIRECTION ( 'NONE',  ( -0.000000000000000000, 1.000000000000000000, -0.000000000000000000 ) ) ;
#2785 = EDGE_CURVE ( 'NONE', #633, #697, #1224, .T. ) ;
#2786 = DIRECTION ( 'NONE',  ( -0.000000000000000000, 1.000000000000000000, -0.000000000000000000 ) ) ;
#2787 = LINE ( 'NONE', #2796, #1445 ) ;
#2788 = ORIENTED_EDGE ( 'NONE', *, *, #2512, .F. ) ;
#2789 = DIRECTION ( 'NONE',  ( -5.004010026856175145E-16, -0.000000000000000000, -1.000000000000000000 ) ) ;
#2790 = EDGE_CURVE ( 'NONE', #1661, #3108, #1130, .T. ) ;
#2791 = DIRECTION ( 'NONE',  ( -0.000000000000000000, -1.000000000000000000, -0.000000000000000000 ) ) ;
#2792 = ADVANCED_FACE ( 'NONE', ( #1123 ), #3917, .T. ) ;
#2793 = EDGE_CURVE ( 'NONE', #3655, #3876, #1137, .T. ) ;
#2794 = DIRECTION ( 'NONE',  ( 0.000000000000000000, 0.000000000000000000, -1.000000000000000000 ) ) ;
#2795 = ORIENTED_EDGE ( 'NONE', *, *, #3675, .F. ) ;
#2796 = CARTESIAN_POINT ( 'NONE',  ( 1.599999999999999867, 0.000000000000000000, -0.2500000000000004996 ) ) ;
#2797 = EDGE_LOOP ( 'NONE', ( #1541, #1201, #1517, #3611 ) ) ;
#2798 = PLANE ( 'NONE',  #2829 ) ;
#2799 = DIRECTION ( 'NONE',  ( 1.000000000000000000, 0.000000000000000000, 5.245325762175874757E-16 ) ) ;
#2800 = LINE ( 'NONE', #3057, #33 ) ;
#2801 = ORIENTED_EDGE ( 'NONE', *, *, #3116, .F. ) ;
#2802 = ORIENTED_EDGE ( 'NONE', *, *, #1007, .F. ) ;
#2803 = EDGE_CURVE ( 'NONE', #3479, #1661, #2541, .T. ) ;
#2804 = CARTESIAN_POINT ( 'NONE',  ( 0.8999999999999995781, 0.4500000000000000111, -0.4999999999999994449 ) ) ;
#2805 = PRESENTATION_STYLE_ASSIGNMENT (( #1985 ) ) ;
#2806 = CARTESIAN_POINT ( 'NONE',  ( -1.599999999999999645, 0.4500000000000000111, -1.249999999999999778 ) ) ;
#2807 = VECTOR ( 'NONE', #1276, 1000.000000000000000 ) ;
#2808 = VERTEX_POINT ( 'NONE', #4123 ) ;
#2809 = AXIS2_PLACEMENT_3D ( 'NONE', #2920, #81, #745 ) ;
#2810 = DIRECTION ( 'NONE',  ( -1.000000000000000000, 0.000000000000000000, -0.000000000000000000 ) ) ;
#2811 = VERTEX_POINT ( 'NONE', #2540 ) ;
#2812 = EDGE_CURVE ( 'NONE', #372, #2715, #1098, .T. ) ;
#2813 = VECTOR ( 'NONE', #983, 1000.000000000000000 ) ;
#2814 = DIRECTION ( 'NONE',  ( -0.000000000000000000, 1.000000000000000000, 0.000000000000000000 ) ) ;
#2815 = CARTESIAN_POINT ( 'NONE',  ( -1.474999999999999645, 0.6999999999999999556, 1.249999999999999778 ) ) ;
#2816 = DIRECTION ( 'NONE',  ( -0.000000000000000000, -1.000000000000000000, -0.000000000000000000 ) ) ;
#2817 = FACE_OUTER_BOUND ( 'NONE', #811, .T. ) ;
#2818 = VERTEX_POINT ( 'NONE', #951 ) ;
#2819 = DIRECTION ( 'NONE',  ( 0.000000000000000000, 0.000000000000000000, -1.000000000000000000 ) ) ;
#2820 = AXIS2_PLACEMENT_3D ( 'NONE', #2909, #715, #1602 ) ;
#2821 = CARTESIAN_POINT ( 'NONE',  ( 1.399999999999999689, 1.700000000000000178, -1.249999999999999778 ) ) ;
#2822 = VECTOR ( 'NONE', #3442, 1000.000000000000000 ) ;
#2823 = LINE ( 'NONE', #3762, #2865 ) ;
#2824 = DIRECTION ( 'NONE',  ( 0.000000000000000000, -1.000000000000000000, 0.000000000000000000 ) ) ;
#2825 = ORIENTED_EDGE ( 'NONE', *, *, #83, .F. ) ;
#2826 = CARTESIAN_POINT ( 'NONE',  ( -1.539999999999999591, 0.000000000000000000, 0.4899999999999995470 ) ) ;
#2827 = ORIENTED_EDGE ( 'NONE', *, *, #1186, .F. ) ;
#2828 = CARTESIAN_POINT ( 'NONE',  ( 1.400000000000000577, 1.700000000000000178, -0.4999999999999994449 ) ) ;
#2829 = AXIS2_PLACEMENT_3D ( 'NONE', #1279, #3796, #872 ) ;
#2830 = PLANE ( 'NONE',  #611 ) ;
#2831 = VECTOR ( 'NONE', #3950, 1000.000000000000000 ) ;
#2832 = ORIENTED_EDGE ( 'NONE', *, *, #2989, .F. ) ;
#2833 = CARTESIAN_POINT ( 'NONE',  ( -1.599999999999999645, 0.000000000000000000, 1.249999999999999778 ) ) ;
#2834 = VECTOR ( 'NONE', #2531, 1000.000000000000000 ) ;
#2835 = DIRECTION ( 'NONE',  ( -0.7071067811865489050, 0.000000000000000000, -0.7071067811865462405 ) ) ;
#2836 = VECTOR ( 'NONE', #3199, 1000.000000000000000 ) ;
#2837 = EDGE_CURVE ( 'NONE', #2943, #2404, #1169, .T. ) ;
#2838 = PLANE ( 'NONE',  #2968 ) ;
#2839 = FACE_OUTER_BOUND ( 'NONE', #2620, .T. ) ;
#2840 = EDGE_CURVE ( 'NONE', #25, #4129, #2559, .T. ) ;
#2841 = ADVANCED_FACE ( 'NONE', ( #1179 ), #3775, .F. ) ;
#2842 = CARTESIAN_POINT ( 'NONE',  ( -1.400000000000001021, 1.000000000000000000, -1.100000000000000533 ) ) ;
#2843 = DIRECTION ( 'NONE',  ( 0.000000000000000000, 0.000000000000000000, 1.000000000000000000 ) ) ;
#2844 = FACE_OUTER_BOUND ( 'NONE', #3441, .T. ) ;
#2845 = CARTESIAN_POINT ( 'NONE',  ( 0.5999999999999996447, 0.4499999999999999001, 0.4999999999999994449 ) ) ;
#2846 = CARTESIAN_POINT ( 'NONE',  ( 1.599999999999999645, 0.4500000000000000111, 1.249999999999999778 ) ) ;
#2847 = CARTESIAN_POINT ( 'NONE',  ( -1.426794919243111970, 0.4500000000000000111, -1.149999999999999689 ) ) ;
#2848 = CIRCLE ( 'NONE', #643, 0.2000000000000000944 ) ;
#2849 = EDGE_CURVE ( 'NONE', #3108, #2912, #1194, .T. ) ;
#2850 = VECTOR ( 'NONE', #1885, 999.9999999999998863 ) ;
#2851 = CARTESIAN_POINT ( 'NONE',  ( -1.599999999999999645, 0.000000000000000000, 1.249999999999999778 ) ) ;
#2852 = DIRECTION ( 'NONE',  ( -0.000000000000000000, 1.000000000000000000, -0.000000000000000000 ) ) ;
#2853 = VERTEX_POINT ( 'NONE', #3826 ) ;
#2854 = CARTESIAN_POINT ( 'NONE',  ( -1.400000000000000355, 0.4500000000000000111, 0.4999999999999994449 ) ) ;
#2855 = VECTOR ( 'NONE', #3204, 1000.000000000000000 ) ;
#2856 = CARTESIAN_POINT ( 'NONE',  ( 1.400000000000000355, 0.4500000000000000111, 0.4999999999999994449 ) ) ;
#2857 = EDGE_CURVE ( 'NONE', #129, #4091, #1112, .T. ) ;
#2858 = FACE_OUTER_BOUND ( 'NONE', #116, .T. ) ;
#2859 = ORIENTED_EDGE ( 'NONE', *, *, #4077, .F. ) ;
#2860 = CARTESIAN_POINT ( 'NONE',  ( 1.599999999999999867, 0.000000000000000000, 0.5500000000000003775 ) ) ;
#2861 = VECTOR ( 'NONE', #2950, 1000.000000000000000 ) ;
#2862 = CARTESIAN_POINT ( 'NONE',  ( 0.5999999999999996447, 0.4499999999999999001, -0.7999999999999994893 ) ) ;
#2863 = AXIS2_PLACEMENT_3D ( 'NONE', #2006, #3188, #18 ) ;
#2864 = EDGE_CURVE ( 'NONE', #4069, #590, #3933, .T. ) ;
#2865 = VECTOR ( 'NONE', #1155, 1000.000000000000000 ) ;
#2866 = VERTEX_POINT ( 'NONE', #1287 ) ;
#2867 = VECTOR ( 'NONE', #3169, 1000.000000000000000 ) ;
#2868 = CARTESIAN_POINT ( 'NONE',  ( 0.5999999999999996447, 0.000000000000000000, 0.4999999999999994449 ) ) ;
#2869 = DIRECTION ( 'NONE',  ( 0.000000000000000000, 0.000000000000000000, -1.000000000000000000 ) ) ;
#2870 = FACE_OUTER_BOUND ( 'NONE', #326, .T. ) ;
#2871 = VERTEX_POINT ( 'NONE', #3247 ) ;
#2872 = CARTESIAN_POINT ( 'NONE',  ( -1.499999999999999778, 0.6999999999999999556, 1.050000000000000266 ) ) ;
#2873 = DIRECTION ( 'NONE',  ( 1.000000000000000000, 0.000000000000000000, 4.547876366663551375E-16 ) ) ;
#2874 = LINE ( 'NONE', #2854, #2822 ) ;
#2875 = AXIS2_PLACEMENT_3D ( 'NONE', #3348, #4017, #883 ) ;
#2876 = LINE ( 'NONE', #4086, #1461 ) ;
#2877 = CARTESIAN_POINT ( 'NONE',  ( 1.599999999999999645, 0.4499999999999999001, -1.125000000000000222 ) ) ;
#2878 = CARTESIAN_POINT ( 'NONE',  ( 0.5999999999999999778, 0.4500000000000000111, 1.149999999999999245 ) ) ;
#2879 = ORIENTED_EDGE ( 'NONE', *, *, #1393, .F. ) ;
#2880 = AXIS2_PLACEMENT_3D ( 'NONE', #2771, #873, #920 ) ;
#2881 = DIRECTION ( 'NONE',  ( -1.000000000000000000, 0.000000000000000000, 0.000000000000000000 ) ) ;
#2882 = LINE ( 'NONE', #2868, #2836 ) ;
#2883 = EDGE_LOOP ( 'NONE', ( #1093, #1113, #1906, #535 ) ) ;
#2884 = ORIENTED_EDGE ( 'NONE', *, *, #2198, .T. ) ;
#2885 = DIRECTION ( 'NONE',  ( -1.000000000000000000, 0.000000000000000000, -2.622662881087937378E-16 ) ) ;
#2886 = VECTOR ( 'NONE', #3144, 1000.000000000000000 ) ;
#2887 = ORIENTED_EDGE ( 'NONE', *, *, #820, .T. ) ;
#2888 = LINE ( 'NONE', #1023, #2899 ) ;
#2889 = CARTESIAN_POINT ( 'NONE',  ( -1.539999999999999591, 0.000000000000000000, -0.3100000000000004419 ) ) ;
#2890 = DIRECTION ( 'NONE',  ( 0.000000000000000000, -0.000000000000000000, -1.000000000000000000 ) ) ;
#2891 = CARTESIAN_POINT ( 'NONE',  ( 0.000000000000000000, 0.000000000000000000, 0.000000000000000000 ) ) ;
#2892 = LINE ( 'NONE', #185, #95 ) ;
#2893 = ORIENTED_EDGE ( 'NONE', *, *, #2903, .F. ) ;
#2894 = DIRECTION ( 'NONE',  ( 0.000000000000000000, -1.000000000000000000, 0.000000000000000000 ) ) ;
#2895 = EDGE_CURVE ( 'NONE', #4027, #3724, #3858, .T. ) ;
#2896 = DIRECTION ( 'NONE',  ( 0.000000000000000000, 0.000000000000000000, 1.000000000000000000 ) ) ;
#2897 = ORIENTED_EDGE ( 'NONE', *, *, #798, .T. ) ;
#2898 = DIRECTION ( 'NONE',  ( -1.000000000000000000, 0.000000000000000000, -5.245325762175874757E-16 ) ) ;
#2899 = VECTOR ( 'NONE', #1354, 1000.000000000000000 ) ;
#2900 = FACE_OUTER_BOUND ( 'NONE', #3494, .T. ) ;
#2901 = FILL_AREA_STYLE_COLOUR ( '', #1919 ) ;
#2902 = DIRECTION ( 'NONE',  ( 0.000000000000000000, -1.000000000000000000, 0.000000000000000000 ) ) ;
#2903 = EDGE_CURVE ( 'NONE', #1791, #3869, #3849, .T. ) ;
#2904 = ORIENTED_EDGE ( 'NONE', *, *, #476, .T. ) ;
#2905 = ORIENTED_EDGE ( 'NONE', *, *, #347, .T. ) ;
#2906 = AXIS2_PLACEMENT_3D ( 'NONE', #1686, #1067, #2965 ) ;
#2907 = ORIENTED_EDGE ( 'NONE', *, *, #820, .F. ) ;
#2908 = DIRECTION ( 'NONE',  ( 0.000000000000000000, -0.000000000000000000, -1.000000000000000000 ) ) ;
#2909 = CARTESIAN_POINT ( 'NONE',  ( 0.000000000000000000, 0.000000000000000000, 0.000000000000000000 ) ) ;
#2910 = MANIFOLD_SOLID_BREP ( 'Housing', #3314 ) ;
#2911 = LINE ( 'NONE', #2077, #155 ) ;
#2912 = VERTEX_POINT ( 'NONE', #2107 ) ;
#2913 = DIRECTION ( 'NONE',  ( 0.000000000000000000, 0.000000000000000000, -1.000000000000000000 ) ) ;
#2914 = ORIENTED_EDGE ( 'NONE', *, *, #4015, .F. ) ;
#2915 = AXIS2_PLACEMENT_3D ( 'NONE', #1377, #1695, #2040 ) ;
#2916 = VECTOR ( 'NONE', #543, 1000.000000000000000 ) ;
#2917 = CARTESIAN_POINT ( 'NONE',  ( -1.400000000000000133, 0.4500000000000000111, -0.4999999999999994449 ) ) ;
#2918 = ADVANCED_FACE ( 'NONE', ( #3829 ), #1227, .F. ) ;
#2919 = CARTESIAN_POINT ( 'NONE',  ( -1.599999999999999645, 0.6999999999999999556, 1.249999999999999778 ) ) ;
#2920 = CARTESIAN_POINT ( 'NONE',  ( -1.599999999999999867, 0.000000000000000000, -0.5500000000000003775 ) ) ;
#2921 = DIRECTION ( 'NONE',  ( 0.000000000000000000, 1.000000000000000000, -0.000000000000000000 ) ) ;
#2922 = CARTESIAN_POINT ( 'NONE',  ( -1.599999999999999645, 0.000000000000000000, -1.249999999999999778 ) ) ;
#2923 = VERTEX_POINT ( 'NONE', #1069 ) ;
#2924 = DIRECTION ( 'NONE',  ( 0.000000000000000000, -1.000000000000000000, 0.000000000000000000 ) ) ;
#2925 = LINE ( 'NONE', #4038, #135 ) ;
#2926 = AXIS2_PLACEMENT_3D ( 'NONE', #1460, #1196, #3036 ) ;
#2927 = DIRECTION ( 'NONE',  ( 1.000000000000000000, 0.000000000000000000, -2.622662881087937378E-16 ) ) ;
#2928 = VERTEX_POINT ( 'NONE', #857 ) ;
#2929 = ORIENTED_EDGE ( 'NONE', *, *, #3201, .F. ) ;
#2930 = CARTESIAN_POINT ( 'NONE',  ( 1.599999999999999645, 0.000000000000000000, -1.125000000000000222 ) ) ;
#2931 = CARTESIAN_POINT ( 'NONE',  ( -1.426794919243111970, 0.4500000000000000111, -1.149999999999999689 ) ) ;
#2932 = EDGE_CURVE ( 'NONE', #2113, #831, #2661, .T. ) ;
#2933 = ORIENTED_EDGE ( 'NONE', *, *, #3925, .F. ) ;
#2934 = ORIENTED_EDGE ( 'NONE', *, *, #2108, .F. ) ;
#2935 = DIRECTION ( 'NONE',  ( -1.000000000000000000, -0.000000000000000000, -5.245325762175874757E-16 ) ) ;
#2936 = ADVANCED_FACE ( 'NONE', ( #3996 ), #2683, .T. ) ;
#2937 = CARTESIAN_POINT ( 'NONE',  ( 1.400000000000000577, 0.4499999999999999001, -0.4999999999999994449 ) ) ;
#2938 = EDGE_CURVE ( 'NONE', #2928, #1930, #2692, .T. ) ;
#2939 = DIRECTION ( 'NONE',  ( 1.000000000000000000, 0.000000000000000000, 0.000000000000000000 ) ) ;
#2940 = ADVANCED_BREP_SHAPE_REPRESENTATION ( '', ( #2322, #2298, #2470, #2159, #779, #2976, #2910, #3654 ), #584 ) ;
#2941 = VECTOR ( 'NONE', #2696, 1000.000000000000000 ) ;
#2942 = CARTESIAN_POINT ( 'NONE',  ( -1.399999999999999689, 0.9000000000000000222, -1.050000000000000266 ) ) ;
#2943 = VERTEX_POINT ( 'NONE', #1424 ) ;
#2944 = LINE ( 'NONE', #224, #206 ) ;
#2945 = CARTESIAN_POINT ( 'NONE',  ( -1.400000000000000133, 0.4499999999999999001, -0.4999999999999994449 ) ) ;
#2946 = CARTESIAN_POINT ( 'NONE',  ( 0.5999999999999996447, 0.000000000000000000, 0.4999999999999994449 ) ) ;
#2947 = EDGE_CURVE ( 'NONE', #471, #3470, #1294, .T. ) ;
#2948 = CARTESIAN_POINT ( 'NONE',  ( 0.5999999999999996447, 1.700000000000000178, -0.7999999999999994893 ) ) ;
#2949 = DIRECTION ( 'NONE',  ( 0.000000000000000000, -1.000000000000000000, 0.000000000000000000 ) ) ;
#2950 = DIRECTION ( 'NONE',  ( -0.000000000000000000, -1.000000000000000000, -0.000000000000000000 ) ) ;
#2951 = DIRECTION ( 'NONE',  ( 0.000000000000000000, 1.000000000000000000, -0.000000000000000000 ) ) ;
#2952 = CYLINDRICAL_SURFACE ( 'NONE', #4094, 0.1249999999999996808 ) ;
#2953 = EDGE_CURVE ( 'NONE', #3979, #645, #1244, .T. ) ;
#2954 = VECTOR ( 'NONE', #2751, 1000.000000000000000 ) ;
#2955 = DIRECTION ( 'NONE',  ( 0.7071067811865452413, 0.000000000000000000, 0.7071067811865497932 ) ) ;
#2956 = DIRECTION ( 'NONE',  ( 0.7071067811865462405, 0.000000000000000000, 0.7071067811865489050 ) ) ;
#2957 = VERTEX_POINT ( 'NONE', #2060 ) ;
#2958 = CIRCLE ( 'NONE', #152, 0.2000000000000000944 ) ;
#2959 = CARTESIAN_POINT ( 'NONE',  ( 1.539999999999999591, 0.000000000000000000, 0.3100000000000002753 ) ) ;
#2960 = MECHANICAL_DESIGN_GEOMETRIC_PRESENTATION_REPRESENTATION (  '', ( #3555 ), #959 ) ;
#2961 = CYLINDRICAL_SURFACE ( 'NONE', #3115, 0.1000000000000002554 ) ;
#2962 = EDGE_CURVE ( 'NONE', #532, #536, #4068, .T. ) ;
#2963 = VERTEX_POINT ( 'NONE', #3967 ) ;
#2964 = ORIENTED_EDGE ( 'NONE', *, *, #3915, .T. ) ;
#2965 = DIRECTION ( 'NONE',  ( 1.000000000000000000, 0.000000000000000000, -0.000000000000000000 ) ) ;
#2966 = FACE_OUTER_BOUND ( 'NONE', #3541, .T. ) ;
#2967 =( LENGTH_UNIT ( ) NAMED_UNIT ( * ) SI_UNIT ( .MILLI., .METRE. ) );
#2968 = AXIS2_PLACEMENT_3D ( 'NONE', #2203, #2486, #2810 ) ;
#2969 = VECTOR ( 'NONE', #607, 1000.000000000000000 ) ;
#2970 = FILL_AREA_STYLE ('',( #3252 ) ) ;
#2971 = ORIENTED_EDGE ( 'NONE', *, *, #2299, .T. ) ;
#2972 = DIRECTION ( 'NONE',  ( 1.000000000000000000, -0.000000000000000000, 5.004010026856177117E-16 ) ) ;
#2973 = ADVANCED_FACE ( 'NONE', ( #1365 ), #1142, .T. ) ;
#2974 = CARTESIAN_POINT ( 'NONE',  ( -1.426794919243111970, 0.000000000000000000, -1.149999999999999689 ) ) ;
#2975 = CARTESIAN_POINT ( 'NONE',  ( -1.599999999999999867, 0.000000000000000000, 0.2500000000000004996 ) ) ;
#2976 = MANIFOLD_SOLID_BREP ( 'Pin[4]', #3304 ) ;
#2977 = CARTESIAN_POINT ( 'NONE',  ( -1.399999999999999689, 0.6999999999999999556, 1.150000000000000355 ) ) ;
#2978 = ORIENTED_EDGE ( 'NONE', *, *, #2505, .T. ) ;
#2979 = DIRECTION ( 'NONE',  ( -4.547876366663551375E-16, 0.000000000000000000, 1.000000000000000000 ) ) ;
#2980 = AXIS2_PLACEMENT_3D ( 'NONE', #2744, #3061, #2092 ) ;
#2981 = LINE ( 'NONE', #878, #3002 ) ;
#2982 = EDGE_CURVE ( 'NONE', #3372, #3476, #2712, .T. ) ;
#2983 = CARTESIAN_POINT ( 'NONE',  ( 1.499999999999999778, 0.000000000000000000, 0.5999999999999996447 ) ) ;
#2984 = CARTESIAN_POINT ( 'NONE',  ( -1.399999999999999467, 0.000000000000000000, -1.249999999999999778 ) ) ;
#2985 = VERTEX_POINT ( 'NONE', #4022 ) ;
#2986 = EDGE_LOOP ( 'NONE', ( #2012, #2058, #2206, #2587, #4041, #3240, #4013, #2053 ) ) ;
#2987 = VECTOR ( 'NONE', #3756, 1000.000000000000000 ) ;
#2988 = CARTESIAN_POINT ( 'NONE',  ( 1.400000000000000577, 5.640054944640261247, -1.100000000000000533 ) ) ;
#2989 = EDGE_CURVE ( 'NONE', #148, #1255, #4109, .T. ) ;
#2990 = VECTOR ( 'NONE', #39, 1000.000000000000000 ) ;
#2991 = EDGE_CURVE ( 'NONE', #3128, #2357, #1350, .T. ) ;
#2992 = VERTEX_POINT ( 'NONE', #538 ) ;
#2993 = DIRECTION ( 'NONE',  ( -0.000000000000000000, -0.000000000000000000, 1.000000000000000000 ) ) ;
#2994 = VECTOR ( 'NONE', #2212, 1000.000000000000000 ) ;
#2995 = VECTOR ( 'NONE', #2125, 1000.000000000000000 ) ;
#2996 = ORIENTED_EDGE ( 'NONE', *, *, #3544, .F. ) ;
#2997 = EDGE_CURVE ( 'NONE', #1957, #2546, #2654, .T. ) ;
#2998 = VERTEX_POINT ( 'NONE', #203 ) ;
#2999 = LINE ( 'NONE', #268, #1534 ) ;
#3000 = CARTESIAN_POINT ( 'NONE',  ( 0.8999999999999995781, 1.700000000000000178, -0.4999999999999994449 ) ) ;
#3001 = CARTESIAN_POINT ( 'NONE',  ( -1.599999999999999645, 0.000000000000000000, -1.249999999999999778 ) ) ;
#3002 = VECTOR ( 'NONE', #1134, 1000.000000000000000 ) ;
#3003 = ORIENTED_EDGE ( 'NONE', *, *, #3396, .F. ) ;
#3004 = CARTESIAN_POINT ( 'NONE',  ( -1.399999999999999689, 0.6999999999999999556, 1.050000000000000266 ) ) ;
#3005 = ORIENTED_EDGE ( 'NONE', *, *, #4119, .T. ) ;
#3006 = VECTOR ( 'NONE', #3736, 1000.000000000000000 ) ;
#3007 = EDGE_CURVE ( 'NONE', #2655, #1027, #2705, .T. ) ;
#3008 = ORIENTED_EDGE ( 'NONE', *, *, #3506, .T. ) ;
#3009 = ADVANCED_FACE ( 'NONE', ( #3977 ), #1871, .F. ) ;
#3010 = VECTOR ( 'NONE', #2150, 1000.000000000000000 ) ;
#3011 = DIRECTION ( 'NONE',  ( 0.000000000000000000, 0.000000000000000000, 1.000000000000000000 ) ) ;
#3012 = CARTESIAN_POINT ( 'NONE',  ( 1.539999999999999591, 0.000000000000000000, 0.3100000000000004419 ) ) ;
#3013 = ORIENTED_EDGE ( 'NONE', *, *, #1106, .F. ) ;
#3014 = VERTEX_POINT ( 'NONE', #1905 ) ;
#3015 = LINE ( 'NONE', #2291, #246 ) ;
#3016 = LINE ( 'NONE', #3125, #1646 ) ;
#3017 = ORIENTED_EDGE ( 'NONE', *, *, #903, .F. ) ;
#3018 = EDGE_LOOP ( 'NONE', ( #507, #3716, #295, #1799 ) ) ;
#3019 = ADVANCED_FACE ( 'NONE', ( #4064 ), #2639, .F. ) ;
#3020 =( GEOMETRIC_REPRESENTATION_CONTEXT ( 3 ) GLOBAL_UNCERTAINTY_ASSIGNED_CONTEXT ( ( #448 ) ) GLOBAL_UNIT_ASSIGNED_CONTEXT ( ( #3916, #3580, #1345 ) ) REPRESENTATION_CONTEXT ( 'NONE', 'WORKASPACE' ) );
#3021 = DIRECTION ( 'NONE',  ( 0.000000000000000000, 0.000000000000000000, 1.000000000000000000 ) ) ;
#3022 = LINE ( 'NONE', #2878, #1545 ) ;
#3023 = ORIENTED_EDGE ( 'NONE', *, *, #3656, .F. ) ;
#3024 = PRESENTATION_STYLE_ASSIGNMENT (( #701 ) ) ;
#3025 = DIRECTION ( 'NONE',  ( 0.000000000000000000, 0.000000000000000000, 1.000000000000000000 ) ) ;
#3026 = EDGE_LOOP ( 'NONE', ( #3030, #4020, #2267, #3147 ) ) ;
#3027 = PLANE ( 'NONE',  #875 ) ;
#3028 = DIRECTION ( 'NONE',  ( -0.7071067811865449082, 0.000000000000000000, -0.7071067811865501263 ) ) ;
#3029 = AXIS2_PLACEMENT_3D ( 'NONE', #2695, #68, #3011 ) ;
#3030 = ORIENTED_EDGE ( 'NONE', *, *, #3413, .F. ) ;
#3031 = CARTESIAN_POINT ( 'NONE',  ( 1.499999999999999778, 0.000000000000000000, -0.5999999999999992006 ) ) ;
#3032 = EDGE_LOOP ( 'NONE', ( #980, #2774, #3754, #1672 ) ) ;
#3033 = DIRECTION ( 'NONE',  ( -0.7071067811865489050, 0.000000000000000000, -0.7071067811865462405 ) ) ;
#3034 = VECTOR ( 'NONE', #3520, 1000.000000000000000 ) ;
#3035 = FACE_OUTER_BOUND ( 'NONE', #425, .T. ) ;
#3036 = DIRECTION ( 'NONE',  ( 0.000000000000000000, 0.000000000000000000, 1.000000000000000000 ) ) ;
#3037 = DIRECTION ( 'NONE',  ( -0.000000000000000000, 1.000000000000000000, -0.000000000000000000 ) ) ;
#3038 = UNCERTAINTY_MEASURE_WITH_UNIT (LENGTH_MEASURE( 1.000000000000000082E-05 ), #3200, 'distance_accuracy_value', 'NONE');
#3039 = APPLICATION_PROTOCOL_DEFINITION ( 'draft international standard', 'automotive_design', 1998, #1293 ) ;
#3040 = CIRCLE ( 'NONE', #3530, 0.2000000000000000944 ) ;
#3041 = VERTEX_POINT ( 'NONE', #987 ) ;
#3042 = EDGE_CURVE ( 'NONE', #1427, #1225, #1259, .T. ) ;
#3043 = LINE ( 'NONE', #556, #2995 ) ;
#3044 = EDGE_LOOP ( 'NONE', ( #1189, #1803, #2138, #462 ) ) ;
#3045 = CYLINDRICAL_SURFACE ( 'NONE', #2782, 0.04999999999999969746 ) ;
#3046 = ORIENTED_EDGE ( 'NONE', *, *, #3483, .T. ) ;
#3047 = CARTESIAN_POINT ( 'NONE',  ( 1.400000000000000577, 0.4499999999999999001, -0.4999999999999994449 ) ) ;
#3048 = CARTESIAN_POINT ( 'NONE',  ( 1.599999999999999645, 0.4500000000000000111, 1.249999999999999778 ) ) ;
#3049 = VECTOR ( 'NONE', #194, 1000.000000000000000 ) ;
#3050 = CARTESIAN_POINT ( 'NONE',  ( -1.499999999999999778, 0.000000000000000000, 1.076794919243112103 ) ) ;
#3051 = VERTEX_POINT ( 'NONE', #4051 ) ;
#3052 = ORIENTED_EDGE ( 'NONE', *, *, #1484, .T. ) ;
#3053 = VECTOR ( 'NONE', #625, 1000.000000000000000 ) ;
#3054 = ADVANCED_FACE ( 'NONE', ( #4096 ), #3728, .T. ) ;
#3055 = CARTESIAN_POINT ( 'NONE',  ( -1.499999999999999556, 0.4500000000000000111, -1.076794919243112325 ) ) ;
#3056 = AXIS2_PLACEMENT_3D ( 'NONE', #3911, #1804, #204 ) ;
#3057 = CARTESIAN_POINT ( 'NONE',  ( -1.399999999999999689, 0.9000000000000000222, -1.150000000000000355 ) ) ;
#3058 = FACE_OUTER_BOUND ( 'NONE', #2001, .T. ) ;
#3059 = EDGE_CURVE ( 'NONE', #4056, #3065, #2732, .T. ) ;
#3060 = ORIENTED_EDGE ( 'NONE', *, *, #1087, .T. ) ;
#3061 = DIRECTION ( 'NONE',  ( 0.000000000000000000, -1.000000000000000000, 0.000000000000000000 ) ) ;
#3062 = ORIENTED_EDGE ( 'NONE', *, *, #546, .T. ) ;
#3063 = CARTESIAN_POINT ( 'NONE',  ( 1.450000000000000400, 5.640054944640261247, 1.050000000000000488 ) ) ;
#3064 = VECTOR ( 'NONE', #653, 1000.000000000000000 ) ;
#3065 = VERTEX_POINT ( 'NONE', #4130 ) ;
#3066 = FACE_OUTER_BOUND ( 'NONE', #2102, .T. ) ;
#3067 = DIRECTION ( 'NONE',  ( -0.000000000000000000, -1.000000000000000000, -0.000000000000000000 ) ) ;
#3068 = CARTESIAN_POINT ( 'NONE',  ( 0.5999999999999996447, 0.000000000000000000, 0.4999999999999994449 ) ) ;
#3069 = VERTEX_POINT ( 'NONE', #3430 ) ;
#3070 = ORIENTED_EDGE ( 'NONE', *, *, #2396, .F. ) ;
#3071 = LINE ( 'NONE', #161, #3081 ) ;
#3072 = VECTOR ( 'NONE', #3693, 1000.000000000000000 ) ;
#3073 = ORIENTED_EDGE ( 'NONE', *, *, #1548, .T. ) ;
#3074 = ORIENTED_EDGE ( 'NONE', *, *, #3096, .T. ) ;
#3075 = AXIS2_PLACEMENT_3D ( 'NONE', #2578, #269, #3517 ) ;
#3076 = CARTESIAN_POINT ( 'NONE',  ( 0.8999999999999995781, 0.4500000000000000111, -0.4999999999999994449 ) ) ;
#3077 = CARTESIAN_POINT ( 'NONE',  ( -1.474999999999999645, 0.000000000000000000, -1.249999999999999778 ) ) ;
#3078 = LINE ( 'NONE', #1546, #1715 ) ;
#3079 = DIRECTION ( 'NONE',  ( 0.000000000000000000, -1.000000000000000000, 0.000000000000000000 ) ) ;
#3080 = ORIENTED_EDGE ( 'NONE', *, *, #313, .T. ) ;
#3081 = VECTOR ( 'NONE', #524, 1000.000000000000000 ) ;
#3082 = CARTESIAN_POINT ( 'NONE',  ( -1.499999999999999778, 0.4500000000000000111, 0.5999999999999993117 ) ) ;
#3083 = ORIENTED_EDGE ( 'NONE', *, *, #4043, .F. ) ;
#3084 = CARTESIAN_POINT ( 'NONE',  ( 1.400000000000000577, 0.9000000000000000222, -1.100000000000000533 ) ) ;
#3085 = CARTESIAN_POINT ( 'NONE',  ( -1.499999999999999556, 0.000000000000000000, -0.5999999999999995337 ) ) ;
#3086 = VECTOR ( 'NONE', #3547, 1000.000000000000000 ) ;
#3087 = EDGE_CURVE ( 'NONE', #1874, #4082, #1372, .T. ) ;
#3088 = ORIENTED_EDGE ( 'NONE', *, *, #1295, .T. ) ;
#3089 = CARTESIAN_POINT ( 'NONE',  ( -1.599999999999999867, 0.000000000000000000, -0.2500000000000004996 ) ) ;
#3090 = VECTOR ( 'NONE', #29, 1000.000000000000000 ) ;
#3091 = ADVANCED_FACE ( 'NONE', ( #4047 ), #1292, .T. ) ;
#3092 = FACE_OUTER_BOUND ( 'NONE', #1034, .T. ) ;
#3093 = CARTESIAN_POINT ( 'NONE',  ( -1.539999999999999591, 0.000000000000000000, 0.4899999999999996581 ) ) ;
#3094 = DIRECTION ( 'NONE',  ( -0.000000000000000000, -1.000000000000000000, -0.000000000000000000 ) ) ;
#3095 = ORIENTED_EDGE ( 'NONE', *, *, #2019, .F. ) ;
#3096 = EDGE_CURVE ( 'NONE', #3619, #1462, #1311, .T. ) ;
#3097 = ORIENTED_EDGE ( 'NONE', *, *, #201, .T. ) ;
#3098 = VECTOR ( 'NONE', #673, 1000.000000000000000 ) ;
#3099 = ORIENTED_EDGE ( 'NONE', *, *, #3215, .T. ) ;
#3100 = DIRECTION ( 'NONE',  ( 0.000000000000000000, -1.000000000000000000, 0.000000000000000000 ) ) ;
#3101 = CARTESIAN_POINT ( 'NONE',  ( 1.599999999999999645, 1.700000000000000178, 1.049999999999999822 ) ) ;
#3102 = LINE ( 'NONE', #2590, #1693 ) ;
#3103 = CARTESIAN_POINT ( 'NONE',  ( 0.5999999999999996447, 0.000000000000000000, -0.7999999999999994893 ) ) ;
#3104 = ORIENTED_EDGE ( 'NONE', *, *, #3720, .T. ) ;
#3105 = FACE_OUTER_BOUND ( 'NONE', #1857, .T. ) ;
#3106 = EDGE_CURVE ( 'NONE', #1688, #447, #4032, .T. ) ;
#3107 = PRODUCT_DEFINITION_SHAPE ( 'NONE', 'NONE',  #3603 ) ;
#3108 = VERTEX_POINT ( 'NONE', #1233 ) ;
#3109 = CARTESIAN_POINT ( 'NONE',  ( -1.599999999999999645, 0.4500000000000000111, 1.249999999999999778 ) ) ;
#3110 = CARTESIAN_POINT ( 'NONE',  ( -1.499999999999999778, 1.700000000000000178, 0.5999999999999993117 ) ) ;
#3111 = CARTESIAN_POINT ( 'NONE',  ( -1.474999999999999645, 0.4500000000000000111, -1.249999999999999778 ) ) ;
#3112 = LINE ( 'NONE', #2101, #1747 ) ;
#3113 = PLANE ( 'NONE',  #3700 ) ;
#3114 = ORIENTED_EDGE ( 'NONE', *, *, #939, .F. ) ;
#3115 = AXIS2_PLACEMENT_3D ( 'NONE', #168, #3094, #1765 ) ;
#3116 = EDGE_CURVE ( 'NONE', #2223, #282, #3982, .T. ) ;
#3117 = CARTESIAN_POINT ( 'NONE',  ( -1.499999999999999556, 0.4500000000000000111, -0.5999999999999995337 ) ) ;
#3118 = DIRECTION ( 'NONE',  ( 1.000000000000000000, 0.000000000000000000, 0.000000000000000000 ) ) ;
#3119 = CARTESIAN_POINT ( 'NONE',  ( 1.400000000000000577, 1.000000000000000000, 1.100000000000000311 ) ) ;
#3120 = ORIENTED_EDGE ( 'NONE', *, *, #3923, .F. ) ;
#3121 = PLANE ( 'NONE',  #216 ) ;
#3122 = LINE ( 'NONE', #1536, #357 ) ;
#3123 = AXIS2_PLACEMENT_3D ( 'NONE', #4058, #1151, #3684 ) ;
#3124 = ORIENTED_EDGE ( 'NONE', *, *, #3449, .F. ) ;
#3125 = CARTESIAN_POINT ( 'NONE',  ( -1.426794919243111970, 0.4499999999999999001, -1.149999999999999689 ) ) ;
#3126 = VERTEX_POINT ( 'NONE', #2490 ) ;
#3127 = LINE ( 'NONE', #2164, #367 ) ;
#3128 = VERTEX_POINT ( 'NONE', #2519 ) ;
#3129 = CARTESIAN_POINT ( 'NONE',  ( 1.599999999999999645, 0.000000000000000000, -1.049999999999999822 ) ) ;
#3130 = VECTOR ( 'NONE', #1828, 1000.000000000000000 ) ;
#3131 = AXIS2_PLACEMENT_3D ( 'NONE', #2612, #2050, #2927 ) ;
#3132 = ORIENTED_EDGE ( 'NONE', *, *, #304, .T. ) ;
#3133 = DIRECTION ( 'NONE',  ( 0.000000000000000000, 1.000000000000000000, -0.000000000000000000 ) ) ;
#3134 = CARTESIAN_POINT ( 'NONE',  ( -1.399999999999999467, 0.000000000000000000, 1.249999999999999778 ) ) ;
#3135 = CARTESIAN_POINT ( 'NONE',  ( -1.599999999999999645, 0.000000000000000000, -1.249999999999999778 ) ) ;
#3136 = CARTESIAN_POINT ( 'NONE',  ( 1.399999999999999689, 0.4499999999999999001, 1.249999999999999778 ) ) ;
#3137 = ORIENTED_EDGE ( 'NONE', *, *, #1007, .T. ) ;
#3138 = EDGE_CURVE ( 'NONE', #97, #505, #4073, .T. ) ;
#3139 = ORIENTED_EDGE ( 'NONE', *, *, #1057, .F. ) ;
#3140 = CIRCLE ( 'NONE', #794, 0.2000000000000000944 ) ;
#3141 = ORIENTED_EDGE ( 'NONE', *, *, #953, .T. ) ;
#3142 = EDGE_CURVE ( 'NONE', #746, #1462, #2669, .T. ) ;
#3143 = CARTESIAN_POINT ( 'NONE',  ( 0.5999999999999996447, 0.4500000000000000111, 0.4999999999999994449 ) ) ;
#3144 = DIRECTION ( 'NONE',  ( 0.000000000000000000, 0.000000000000000000, -1.000000000000000000 ) ) ;
#3145 = CARTESIAN_POINT ( 'NONE',  ( -1.399999999999999689, 0.9000000000000000222, 1.150000000000000355 ) ) ;
#3146 = PLANE ( 'NONE',  #3612 ) ;
#3147 = ORIENTED_EDGE ( 'NONE', *, *, #1214, .F. ) ;
#3148 = ORIENTED_EDGE ( 'NONE', *, *, #184, .T. ) ;
#3149 = CARTESIAN_POINT ( 'NONE',  ( -1.399999999999999467, 0.000000000000000000, 1.249999999999999778 ) ) ;
#3150 = CIRCLE ( 'NONE', #173, 0.1999999999999998723 ) ;
#3151 = EDGE_CURVE ( 'NONE', #1874, #4069, #3988, .T. ) ;
#3152 = CARTESIAN_POINT ( 'NONE',  ( 1.426794919243112192, 0.000000000000000000, -1.149999999999999245 ) ) ;
#3153 = ORIENTED_EDGE ( 'NONE', *, *, #429, .T. ) ;
#3154 = DIRECTION ( 'NONE',  ( 0.000000000000000000, -1.000000000000000000, 0.000000000000000000 ) ) ;
#3155 = ORIENTED_EDGE ( 'NONE', *, *, #2648, .F. ) ;
#3156 = FACE_OUTER_BOUND ( 'NONE', #2297, .T. ) ;
#3157 = ORIENTED_EDGE ( 'NONE', *, *, #238, .F. ) ;
#3158 = CARTESIAN_POINT ( 'NONE',  ( -1.499999999999999778, 0.000000000000000000, 0.5999999999999993117 ) ) ;
#3159 = EDGE_CURVE ( 'NONE', #2225, #2252, #1252, .T. ) ;
#3160 = ORIENTED_EDGE ( 'NONE', *, *, #487, .T. ) ;
#3161 = ORIENTED_EDGE ( 'NONE', *, *, #3842, .F. ) ;
#3162 = CIRCLE ( 'NONE', #3386, 0.1000000000000000472 ) ;
#3163 = ORIENTED_EDGE ( 'NONE', *, *, #4015, .T. ) ;
#3164 = CARTESIAN_POINT ( 'NONE',  ( -1.499999999999999778, 0.000000000000000000, 0.5999999999999993117 ) ) ;
#3165 =( NAMED_UNIT ( * ) SI_UNIT ( $, .STERADIAN. ) SOLID_ANGLE_UNIT ( ) );
#3166 = PLANE ( 'NONE',  #562 ) ;
#3167 = AXIS2_PLACEMENT_3D ( 'NONE', #328, #1299, #1613 ) ;
#3168 = LINE ( 'NONE', #847, #3130 ) ;
#3169 = DIRECTION ( 'NONE',  ( -4.547876366663550389E-16, -0.000000000000000000, 1.000000000000000000 ) ) ;
#3170 = DIRECTION ( 'NONE',  ( 0.000000000000000000, 0.000000000000000000, -1.000000000000000000 ) ) ;
#3171 = DIRECTION ( 'NONE',  ( 0.000000000000000000, -1.000000000000000000, 0.000000000000000000 ) ) ;
#3172 = ORIENTED_EDGE ( 'NONE', *, *, #947, .T. ) ;
#3173 = ORIENTED_EDGE ( 'NONE', *, *, #1822, .F. ) ;
#3174 = LINE ( 'NONE', #3577, #412 ) ;
#3175 = ORIENTED_EDGE ( 'NONE', *, *, #804, .T. ) ;
#3176 = CARTESIAN_POINT ( 'NONE',  ( -0.5999999999999996447, 0.4500000000000000111, 0.4999999999999994449 ) ) ;
#3177 = DIRECTION ( 'NONE',  ( -0.000000000000000000, -0.000000000000000000, -1.000000000000000000 ) ) ;
#3178 = VECTOR ( 'NONE', #2935, 1000.000000000000000 ) ;
#3179 = DIRECTION ( 'NONE',  ( -0.000000000000000000, -1.000000000000000000, -0.000000000000000000 ) ) ;
#3180 = AXIS2_PLACEMENT_3D ( 'NONE', #815, #3258, #3861 ) ;
#3181 = ORIENTED_EDGE ( 'NONE', *, *, #2153, .T. ) ;
#3182 = ADVANCED_FACE ( 'NONE', ( #1344 ), #27, .F. ) ;
#3183 = ORIENTED_EDGE ( 'NONE', *, *, #521, .F. ) ;
#3184 = DIRECTION ( 'NONE',  ( -0.000000000000000000, -1.000000000000000000, -0.000000000000000000 ) ) ;
#3185 = LINE ( 'NONE', #574, #1751 ) ;
#3186 = ORIENTED_EDGE ( 'NONE', *, *, #1041, .T. ) ;
#3187 = LINE ( 'NONE', #1859, #362 ) ;
#3188 = DIRECTION ( 'NONE',  ( -1.000000000000000000, 0.000000000000000000, 0.000000000000000000 ) ) ;
#3189 = ORIENTED_EDGE ( 'NONE', *, *, #2730, .T. ) ;
#3190 = ORIENTED_EDGE ( 'NONE', *, *, #1310, .F. ) ;
#3191 = LINE ( 'NONE', #679, #3053 ) ;
#3192 = ORIENTED_EDGE ( 'NONE', *, *, #1291, .F. ) ;
#3193 = EDGE_CURVE ( 'NONE', #2025, #3389, #2727, .T. ) ;
#3194 = ORIENTED_EDGE ( 'NONE', *, *, #3493, .T. ) ;
#3195 = PLANE ( 'NONE',  #112 ) ;
#3196 = EDGE_CURVE ( 'NONE', #2992, #3936, #1450, .T. ) ;
#3197 = ORIENTED_EDGE ( 'NONE', *, *, #52, .T. ) ;
#3198 = EDGE_LOOP ( 'NONE', ( #1474, #2586, #1624, #3850 ) ) ;
#3199 = DIRECTION ( 'NONE',  ( -5.004010026856175145E-16, -0.000000000000000000, -1.000000000000000000 ) ) ;
#3200 =( LENGTH_UNIT ( ) NAMED_UNIT ( * ) SI_UNIT ( .MILLI., .METRE. ) );
#3201 = EDGE_CURVE ( 'NONE', #2554, #2126, #2882, .T. ) ;
#3202 = CARTESIAN_POINT ( 'NONE',  ( -0.5999999999999999778, 0.4500000000000000111, 1.149999999999999023 ) ) ;
#3203 = VECTOR ( 'NONE', #3671, 1000.000000000000000 ) ;
#3204 = DIRECTION ( 'NONE',  ( 0.000000000000000000, 0.000000000000000000, -1.000000000000000000 ) ) ;
#3205 = DIRECTION ( 'NONE',  ( 4.547876366663551375E-16, 0.000000000000000000, -1.000000000000000000 ) ) ;
#3206 = ORIENTED_EDGE ( 'NONE', *, *, #2611, .T. ) ;
#3207 = VERTEX_POINT ( 'NONE', #3509 ) ;
#3208 = FACE_OUTER_BOUND ( 'NONE', #1088, .T. ) ;
#3209 = ORIENTED_EDGE ( 'NONE', *, *, #2668, .F. ) ;
#3210 = CARTESIAN_POINT ( 'NONE',  ( 1.599999999999999645, 1.700000000000000178, -1.049999999999999822 ) ) ;
#3211 = DIRECTION ( 'NONE',  ( 1.000000000000000000, -0.000000000000000000, -0.000000000000000000 ) ) ;
#3212 = ORIENTED_EDGE ( 'NONE', *, *, #623, .F. ) ;
#3213 = CARTESIAN_POINT ( 'NONE',  ( 0.5999999999999999778, 0.4499999999999999001, 1.149999999999999245 ) ) ;
#3214 = ORIENTED_EDGE ( 'NONE', *, *, #2261, .F. ) ;
#3215 = EDGE_CURVE ( 'NONE', #1427, #645, #120, .T. ) ;
#3216 = VECTOR ( 'NONE', #762, 1000.000000000000000 ) ;
#3217 = ORIENTED_EDGE ( 'NONE', *, *, #1458, .F. ) ;
#3218 = DIRECTION ( 'NONE',  ( 2.622662881087937378E-16, 0.000000000000000000, -1.000000000000000000 ) ) ;
#3219 = ORIENTED_EDGE ( 'NONE', *, *, #761, .F. ) ;
#3220 = ORIENTED_EDGE ( 'NONE', *, *, #3196, .T. ) ;
#3221 = EDGE_CURVE ( 'NONE', #2073, #446, #46, .T. ) ;
#3222 = LINE ( 'NONE', #2436, #3265 ) ;
#3223 = ORIENTED_EDGE ( 'NONE', *, *, #2648, .T. ) ;
#3224 = PLANE ( 'NONE',  #2570 ) ;
#3225 = ORIENTED_EDGE ( 'NONE', *, *, #1404, .F. ) ;
#3226 = VECTOR ( 'NONE', #113, 1000.000000000000000 ) ;
#3227 = AXIS2_PLACEMENT_3D ( 'NONE', #2456, #1490, #3423 ) ;
#3228 = ORIENTED_EDGE ( 'NONE', *, *, #1944, .F. ) ;
#3229 = DIRECTION ( 'NONE',  ( -0.000000000000000000, 1.000000000000000000, -0.000000000000000000 ) ) ;
#3230 =( NAMED_UNIT ( * ) SI_UNIT ( $, .STERADIAN. ) SOLID_ANGLE_UNIT ( ) );
#3231 = LINE ( 'NONE', #1143, #3294 ) ;
#3232 = DIRECTION ( 'NONE',  ( 0.7071067811865436870, 0.000000000000000000, -0.7071067811865513475 ) ) ;
#3233 = EDGE_LOOP ( 'NONE', ( #1711, #2106, #3023, #404, #2561, #1648, #3114, #2023, #2133, #1248 ) ) ;
#3234 = ADVANCED_FACE ( 'NONE', ( #1515 ), #1783, .T. ) ;
#3235 = VERTEX_POINT ( 'NONE', #3643 ) ;
#3236 = VERTEX_POINT ( 'NONE', #2090 ) ;
#3237 = AXIS2_PLACEMENT_3D ( 'NONE', #4025, #207, #863 ) ;
#3238 = CIRCLE ( 'NONE', #4040, 0.1249999999999998890 ) ;
#3239 = ORIENTED_EDGE ( 'NONE', *, *, #3533, .T. ) ;
#3240 = ORIENTED_EDGE ( 'NONE', *, *, #3151, .T. ) ;
#3241 = EDGE_LOOP ( 'NONE', ( #3297, #3664, #1683, #2626 ) ) ;
#3242 = LINE ( 'NONE', #1629, #493 ) ;
#3243 = PLANE ( 'NONE',  #426 ) ;
#3244 = ORIENTED_EDGE ( 'NONE', *, *, #3518, .T. ) ;
#3245 = PRESENTATION_STYLE_ASSIGNMENT (( #292 ) ) ;
#3246 = AXIS2_PLACEMENT_3D ( 'NONE', #1655, #2003, #2616 ) ;
#3247 = CARTESIAN_POINT ( 'NONE',  ( -0.5999999999999996447, 0.4499999999999999001, -1.149999999999999467 ) ) ;
#3248 = EDGE_LOOP ( 'NONE', ( #3537, #3299, #196, #1952 ) ) ;
#3249 = VECTOR ( 'NONE', #2672, 1000.000000000000000 ) ;
#3250 = ORIENTED_EDGE ( 'NONE', *, *, #2246, .T. ) ;
#3251 = EDGE_CURVE ( 'NONE', #66, #3291, #1455, .T. ) ;
#3252 = FILL_AREA_STYLE_COLOUR ( '', #1397 ) ;
#3253 = LINE ( 'NONE', #1873, #3286 ) ;
#3254 = ORIENTED_EDGE ( 'NONE', *, *, #231, .F. ) ;
#3255 = DIRECTION ( 'NONE',  ( -1.000000000000000000, 0.000000000000000000, 0.000000000000000000 ) ) ;
#3256 = VECTOR ( 'NONE', #3835, 1000.000000000000000 ) ;
#3257 = ADVANCED_FACE ( 'NONE', ( #24 ), #3262, .F. ) ;
#3258 = DIRECTION ( 'NONE',  ( 0.000000000000000000, 1.000000000000000000, -0.000000000000000000 ) ) ;
#3259 = VERTEX_POINT ( 'NONE', #3316 ) ;
#3260 = LINE ( 'NONE', #2983, #506 ) ;
#3261 = ORIENTED_EDGE ( 'NONE', *, *, #2387, .F. ) ;
#3262 = PLANE ( 'NONE',  #2136 ) ;
#3263 = CARTESIAN_POINT ( 'NONE',  ( -1.599999999999999645, 0.6999999999999999556, 0.000000000000000000 ) ) ;
#3264 = EDGE_CURVE ( 'NONE', #1056, #3944, #1431, .T. ) ;
#3265 = VECTOR ( 'NONE', #2786, 1000.000000000000000 ) ;
#3266 = DIRECTION ( 'NONE',  ( -1.000000000000000000, -0.000000000000000000, 0.000000000000000000 ) ) ;
#3267 = PLANE ( 'NONE',  #3075 ) ;
#3268 = VERTEX_POINT ( 'NONE', #1454 ) ;
#3269 = ORIENTED_EDGE ( 'NONE', *, *, #3328, .T. ) ;
#3270 = LINE ( 'NONE', #3650, #1965 ) ;
#3271 = ORIENTED_EDGE ( 'NONE', *, *, #934, .F. ) ;
#3272 = DIRECTION ( 'NONE',  ( 0.000000000000000000, 0.000000000000000000, -1.000000000000000000 ) ) ;
#3273 = VECTOR ( 'NONE', #1208, 1000.000000000000000 ) ;
#3274 = ORIENTED_EDGE ( 'NONE', *, *, #106, .F. ) ;
#3275 = ADVANCED_FACE ( 'NONE', ( #1501 ), #1099, .F. ) ;
#3276 = ORIENTED_EDGE ( 'NONE', *, *, #225, .F. ) ;
#3277 = SURFACE_STYLE_FILL_AREA ( #801 ) ;
#3278 = ORIENTED_EDGE ( 'NONE', *, *, #126, .F. ) ;
#3279 = AXIS2_PLACEMENT_3D ( 'NONE', #680, #1331, #3651 ) ;
#3280 = CLOSED_SHELL ( 'NONE', ( #1376, #1933, #3929, #64, #2047, #2646, #3351, #3568, #1068, #2247, #1653, #1675, #3234 ) ) ;
#3281 = EDGE_CURVE ( 'NONE', #473, #4118, #75, .T. ) ;
#3282 = CARTESIAN_POINT ( 'NONE',  ( -1.426794919243111970, 0.000000000000000000, 1.149999999999999245 ) ) ;
#3283 = ORIENTED_EDGE ( 'NONE', *, *, #1393, .T. ) ;
#3284 = DIRECTION ( 'NONE',  ( 0.000000000000000000, 0.000000000000000000, -1.000000000000000000 ) ) ;
#3285 = ORIENTED_EDGE ( 'NONE', *, *, #1291, .T. ) ;
#3286 = VECTOR ( 'NONE', #2135, 1000.000000000000000 ) ;
#3287 = EDGE_LOOP ( 'NONE', ( #814, #2741, #1627, #3649 ) ) ;
#3288 = CARTESIAN_POINT ( 'NONE',  ( -1.499999999999999778, 0.4500000000000000111, 1.076794919243112103 ) ) ;
#3289 =( NAMED_UNIT ( * ) PLANE_ANGLE_UNIT ( ) SI_UNIT ( $, .RADIAN. ) );
#3290 = EDGE_LOOP ( 'NONE', ( #257, #1306, #1676, #235 ) ) ;
#3291 = VERTEX_POINT ( 'NONE', #3361 ) ;
#3292 = DIRECTION ( 'NONE',  ( 0.000000000000000000, -1.000000000000000000, 0.000000000000000000 ) ) ;
#3293 = DIRECTION ( 'NONE',  ( -0.000000000000000000, -1.000000000000000000, -0.000000000000000000 ) ) ;
#3294 = VECTOR ( 'NONE', #2993, 1000.000000000000000 ) ;
#3295 = DIRECTION ( 'NONE',  ( -0.000000000000000000, 1.000000000000000000, -0.000000000000000000 ) ) ;
#3296 = DIRECTION ( 'NONE',  ( 0.000000000000000000, 0.000000000000000000, -1.000000000000000000 ) ) ;
#3297 = ORIENTED_EDGE ( 'NONE', *, *, #3974, .T. ) ;
#3298 = ADVANCED_FACE ( 'NONE', ( #1406 ), #2634, .F. ) ;
#3299 = ORIENTED_EDGE ( 'NONE', *, *, #347, .F. ) ;
#3300 = AXIS2_PLACEMENT_3D ( 'NONE', #2515, #2814, #3781 ) ;
#3301 = DIRECTION ( 'NONE',  ( 0.000000000000000000, 1.000000000000000000, 0.000000000000000000 ) ) ;
#3302 = CARTESIAN_POINT ( 'NONE',  ( -1.539999999999999591, 0.000000000000000000, -0.3100000000000004419 ) ) ;
#3303 = DIRECTION ( 'NONE',  ( 0.000000000000000000, 0.000000000000000000, -1.000000000000000000 ) ) ;
#3304 = CLOSED_SHELL ( 'NONE', ( #3539, #90, #3054, #2340, #1727, #2973, #2623, #2013, #1273, #2726, #3852, #134 ) ) ;
#3305 = DIRECTION ( 'NONE',  ( -1.000000000000000000, 0.000000000000000000, -0.000000000000000000 ) ) ;
#3306 = FACE_OUTER_BOUND ( 'NONE', #1024, .T. ) ;
#3307 = CARTESIAN_POINT ( 'NONE',  ( 1.426794919243111970, 1.700000000000000178, 1.149999999999999689 ) ) ;
#3308 = ADVANCED_FACE ( 'NONE', ( #2900 ), #1018, .T. ) ;
#3309 = CARTESIAN_POINT ( 'NONE',  ( -1.599999999999999645, 0.4500000000000000111, -1.049999999999999822 ) ) ;
#3310 = VERTEX_POINT ( 'NONE', #3663 ) ;
#3311 = SURFACE_SIDE_STYLE ('',( #1483 ) ) ;
#3312 = FACE_OUTER_BOUND ( 'NONE', #2131, .T. ) ;
#3313 = DIRECTION ( 'NONE',  ( 5.004010026856177117E-16, 0.000000000000000000, -1.000000000000000000 ) ) ;
#3314 = CLOSED_SHELL ( 'NONE', ( #1031, #1356, #1410, #809, #4042, #4089, #780, #1895, #3298, #385, #1590, #3091, #1320, #2841, #1442, #1748, #290, #1556, #3019, #315, #430, #1422, #1709, #3708, #995, #2278, #2538, #40, #3257, #3182, #2097, #1617, #1880, #2235, #1339, #957, #789, #2259, #3365, #1569, #2002, #2374, #3789, #2918, #3, #690, #2585, #3336, #100, #3641, #1141, #451, #1080, #3942, #764, #1638, #3323, #2080, #703 ) ) ;
#3315 = EDGE_CURVE ( 'NONE', #841, #746, #1400, .T. ) ;
#3316 = CARTESIAN_POINT ( 'NONE',  ( -1.399999999999999467, 0.4499999999999999001, -1.249999999999999778 ) ) ;
#3317 = DIRECTION ( 'NONE',  ( -0.7071067811865490160, 0.000000000000000000, -0.7071067811865460184 ) ) ;
#3318 = LINE ( 'NONE', #3729, #1924 ) ;
#3319 = CARTESIAN_POINT ( 'NONE',  ( 1.599999999999999645, 0.4500000000000000111, 1.249999999999999778 ) ) ;
#3320 = ORIENTED_EDGE ( 'NONE', *, *, #586, .F. ) ;
#3321 = CARTESIAN_POINT ( 'NONE',  ( -1.499999999999999556, 0.4499999999999999001, -1.076794919243112325 ) ) ;
#3322 = DIRECTION ( 'NONE',  ( 1.000000000000000000, -0.000000000000000000, -0.000000000000000000 ) ) ;
#3323 = ADVANCED_FACE ( 'NONE', ( #2870 ), #3975, .F. ) ;
#3324 = DIRECTION ( 'NONE',  ( -0.000000000000000000, -1.000000000000000000, -0.000000000000000000 ) ) ;
#3325 = VERTEX_POINT ( 'NONE', #1124 ) ;
#3326 = VECTOR ( 'NONE', #776, 1000.000000000000000 ) ;
#3327 = AXIS2_PLACEMENT_3D ( 'NONE', #2833, #2622, #3477 ) ;
#3328 = EDGE_CURVE ( 'NONE', #3479, #1796, #70, .T. ) ;
#3329 = LINE ( 'NONE', #3110, #510 ) ;
#3330 = DIRECTION ( 'NONE',  ( 0.000000000000000000, -1.000000000000000000, 0.000000000000000000 ) ) ;
#3331 = DIRECTION ( 'NONE',  ( -1.000000000000000000, 0.000000000000000000, 0.000000000000000000 ) ) ;
#3332 = EDGE_LOOP ( 'NONE', ( #1017, #2887, #598, #3785 ) ) ;
#3333 = PRESENTATION_STYLE_ASSIGNMENT (( #1827 ) ) ;
#3334 = PRESENTATION_LAYER_ASSIGNMENT (  '', '', ( #1329 ) ) ;
#3335 = PLANE ( 'NONE',  #4050 ) ;
#3336 = ADVANCED_FACE ( 'NONE', ( #2817 ), #2015, .F. ) ;
#3337 = DIRECTION ( 'NONE',  ( 0.000000000000000000, 1.000000000000000000, -0.000000000000000000 ) ) ;
#3338 = ORIENTED_EDGE ( 'NONE', *, *, #2295, .T. ) ;
#3339 = VECTOR ( 'NONE', #3901, 1000.000000000000000 ) ;
#3340 = DIRECTION ( 'NONE',  ( 0.000000000000000000, 0.000000000000000000, -1.000000000000000000 ) ) ;
#3341 = DIRECTION ( 'NONE',  ( 0.000000000000000000, 0.000000000000000000, 1.000000000000000000 ) ) ;
#3342 = AXIS2_PLACEMENT_3D ( 'NONE', #406, #2248, #2558 ) ;
#3343 = ORIENTED_EDGE ( 'NONE', *, *, #4088, .F. ) ;
#3344 = VERTEX_POINT ( 'NONE', #915 ) ;
#3345 = PLANE ( 'NONE',  #1479 ) ;
#3346 = CARTESIAN_POINT ( 'NONE',  ( 1.539999999999999591, 0.000000000000000000, 0.4899999999999995470 ) ) ;
#3347 = ORIENTED_EDGE ( 'NONE', *, *, #2341, .T. ) ;
#3348 = CARTESIAN_POINT ( 'NONE',  ( 1.400000000000000577, 0.4500000000000000111, -0.4999999999999994449 ) ) ;
#3349 = ORIENTED_EDGE ( 'NONE', *, *, #2840, .T. ) ;
#3350 = EDGE_CURVE ( 'NONE', #1395, #3207, #2823, .T. ) ;
#3351 = ADVANCED_FACE ( 'NONE', ( #1486 ), #3735, .T. ) ;
#3352 = FILL_AREA_STYLE ('',( #2380 ) ) ;
#3353 = ORIENTED_EDGE ( 'NONE', *, *, #3597, .F. ) ;
#3354 = LINE ( 'NONE', #4034, #2017 ) ;
#3355 = CARTESIAN_POINT ( 'NONE',  ( -1.499999999999999556, 0.4500000000000000111, -1.076794919243112325 ) ) ;
#3356 = EDGE_CURVE ( 'NONE', #21, #1760, #2876, .T. ) ;
#3357 = CARTESIAN_POINT ( 'NONE',  ( -1.400000000000000133, 0.4500000000000000111, -0.4999999999999994449 ) ) ;
#3358 = DIRECTION ( 'NONE',  ( 1.000000000000000000, 0.000000000000000000, 0.000000000000000000 ) ) ;
#3359 = EDGE_LOOP ( 'NONE', ( #952, #1420, #111, #2801 ) ) ;
#3360 = LINE ( 'NONE', #2775, #2027 ) ;
#3361 = CARTESIAN_POINT ( 'NONE',  ( -1.599999999999999645, 0.000000000000000000, -1.049999999999999822 ) ) ;
#3362 = VERTEX_POINT ( 'NONE', #2445 ) ;
#3363 = CARTESIAN_POINT ( 'NONE',  ( -1.499999999999999778, 0.9000000000000000222, -1.050000000000000266 ) ) ;
#3364 = EDGE_CURVE ( 'NONE', #1865, #3069, #65, .T. ) ;
#3365 = ADVANCED_FACE ( 'NONE', ( #2844 ), #2472, .T. ) ;
#3366 = VERTEX_POINT ( 'NONE', #211 ) ;
#3367 = LINE ( 'NONE', #938, #3480 ) ;
#3368 = ORIENTED_EDGE ( 'NONE', *, *, #3364, .T. ) ;
#3369 = CARTESIAN_POINT ( 'NONE',  ( -1.599999999999999645, 0.4500000000000000111, -1.049999999999999822 ) ) ;
#3370 = CARTESIAN_POINT ( 'NONE',  ( 0.5999999999999996447, 1.700000000000000178, 0.4999999999999994449 ) ) ;
#3371 = PRESENTATION_LAYER_ASSIGNMENT (  '', '', ( #3555 ) ) ;
#3372 = VERTEX_POINT ( 'NONE', #2217 ) ;
#3373 = FACE_OUTER_BOUND ( 'NONE', #3401, .T. ) ;
#3374 = ORIENTED_EDGE ( 'NONE', *, *, #711, .F. ) ;
#3375 = AXIS2_PLACEMENT_3D ( 'NONE', #4045, #3937, #3303 ) ;
#3376 = FILL_AREA_STYLE ('',( #2158 ) ) ;
#3377 = ORIENTED_EDGE ( 'NONE', *, *, #1606, .T. ) ;
#3378 = DIRECTION ( 'NONE',  ( -0.000000000000000000, 1.000000000000000000, 0.000000000000000000 ) ) ;
#3379 = DIRECTION ( 'NONE',  ( 0.000000000000000000, -1.000000000000000000, 0.000000000000000000 ) ) ;
#3380 = EDGE_LOOP ( 'NONE', ( #1563, #2329, #2431, #1658 ) ) ;
#3381 = DIRECTION ( 'NONE',  ( -0.7071067811865462405, 0.000000000000000000, -0.7071067811865489050 ) ) ;
#3382 = EDGE_LOOP ( 'NONE', ( #4035, #1210, #2663, #457, #479, #3283 ) ) ;
#3383 = LINE ( 'NONE', #1514, #2100 ) ;
#3384 = CARTESIAN_POINT ( 'NONE',  ( -1.400000000000000355, 1.700000000000000178, 0.4999999999999994449 ) ) ;
#3385 = VERTEX_POINT ( 'NONE', #3085 ) ;
#3386 = AXIS2_PLACEMENT_3D ( 'NONE', #1102, #3976, #1127 ) ;
#3387 = CARTESIAN_POINT ( 'NONE',  ( 1.450000000000000622, 0.9000000000000000222, -1.050000000000000266 ) ) ;
#3388 = DIRECTION ( 'NONE',  ( 0.000000000000000000, 0.000000000000000000, -1.000000000000000000 ) ) ;
#3389 = VERTEX_POINT ( 'NONE', #576 ) ;
#3390 = FACE_OUTER_BOUND ( 'NONE', #3382, .T. ) ;
#3391 = VERTEX_POINT ( 'NONE', #870 ) ;
#3392 = CARTESIAN_POINT ( 'NONE',  ( -0.5999999999999996447, 0.000000000000000000, 0.4999999999999994449 ) ) ;
#3393 = DIRECTION ( 'NONE',  ( -0.000000000000000000, -1.000000000000000000, -0.000000000000000000 ) ) ;
#3394 = EDGE_CURVE ( 'NONE', #3953, #1796, #2760, .T. ) ;
#3395 = VERTEX_POINT ( 'NONE', #600 ) ;
#3396 = EDGE_CURVE ( 'NONE', #2113, #1957, #2778, .T. ) ;
#3397 = CARTESIAN_POINT ( 'NONE',  ( -1.499999999999999556, 0.000000000000000000, -0.5999999999999995337 ) ) ;
#3398 = PLANE ( 'NONE',  #2875 ) ;
#3399 = EDGE_LOOP ( 'NONE', ( #3659, #1766, #884, #1897 ) ) ;
#3400 = DIRECTION ( 'NONE',  ( -0.000000000000000000, -1.000000000000000000, -0.000000000000000000 ) ) ;
#3401 = EDGE_LOOP ( 'NONE', ( #2117, #3353, #621, #1131 ) ) ;
#3402 = DIRECTION ( 'NONE',  ( 0.000000000000000000, -1.000000000000000000, 0.000000000000000000 ) ) ;
#3403 = VECTOR ( 'NONE', #3420, 1000.000000000000000 ) ;
#3404 = EDGE_CURVE ( 'NONE', #2252, #3235, #85, .T. ) ;
#3405 = DIRECTION ( 'NONE',  ( -0.000000000000000000, -1.000000000000000000, -0.000000000000000000 ) ) ;
#3406 = ORIENTED_EDGE ( 'NONE', *, *, #3221, .T. ) ;
#3407 = CARTESIAN_POINT ( 'NONE',  ( 1.599999999999999867, 0.000000000000000000, 0.5500000000000003775 ) ) ;
#3408 = ORIENTED_EDGE ( 'NONE', *, *, #1065, .T. ) ;
#3409 = VECTOR ( 'NONE', #632, 1000.000000000000000 ) ;
#3410 = DIRECTION ( 'NONE',  ( -0.000000000000000000, -0.000000000000000000, 1.000000000000000000 ) ) ;
#3411 = PRODUCT_DEFINITION ( 'UNKNOWN', '', #1714, #1296 ) ;
#3412 = DIRECTION ( 'NONE',  ( 0.000000000000000000, 0.000000000000000000, 1.000000000000000000 ) ) ;
#3413 = EDGE_CURVE ( 'NONE', #2357, #1229, #54, .T. ) ;
#3414 = ORIENTED_EDGE ( 'NONE', *, *, #3443, .T. ) ;
#3415 = DIRECTION ( 'NONE',  ( -0.7071067811865450192, -0.000000000000000000, -0.7071067811865501263 ) ) ;
#3416 = ORIENTED_EDGE ( 'NONE', *, *, #4072, .T. ) ;
#3417 = LINE ( 'NONE', #2750, #3446 ) ;
#3418 = AXIS2_PLACEMENT_3D ( 'NONE', #2226, #3478, #3504 ) ;
#3419 = ORIENTED_EDGE ( 'NONE', *, *, #991, .F. ) ;
#3420 = DIRECTION ( 'NONE',  ( 1.858632295689437187E-15, 0.000000000000000000, -1.000000000000000000 ) ) ;
#3421 = DIRECTION ( 'NONE',  ( -0.000000000000000000, -1.000000000000000000, -0.000000000000000000 ) ) ;
#3422 = EDGE_LOOP ( 'NONE', ( #1312, #417, #3983, #131 ) ) ;
#3423 = DIRECTION ( 'NONE',  ( 0.000000000000000000, 0.000000000000000000, -1.000000000000000000 ) ) ;
#3424 = CARTESIAN_POINT ( 'NONE',  ( 0.8999999999999995781, 0.4500000000000000111, -0.4999999999999994449 ) ) ;
#3425 = CARTESIAN_POINT ( 'NONE',  ( -1.400000000000000133, 1.700000000000000178, -0.4999999999999994449 ) ) ;
#3426 = ORIENTED_EDGE ( 'NONE', *, *, #2439, .F. ) ;
#3427 = AXIS2_PLACEMENT_3D ( 'NONE', #1888, #945, #3498 ) ;
#3428 = CARTESIAN_POINT ( 'NONE',  ( 1.539999999999999591, 0.6999999999999999556, 0.000000000000000000 ) ) ;
#3429 = AXIS2_PLACEMENT_3D ( 'NONE', #4080, #2524, #1561 ) ;
#3430 = CARTESIAN_POINT ( 'NONE',  ( -0.5999999999999996447, 0.000000000000000000, -0.4999999999999994449 ) ) ;
#3431 = ORIENTED_EDGE ( 'NONE', *, *, #891, .F. ) ;
#3432 = DIRECTION ( 'NONE',  ( 0.000000000000000000, -1.000000000000000000, 0.000000000000000000 ) ) ;
#3433 = DIRECTION ( 'NONE',  ( 0.000000000000000000, 0.000000000000000000, -1.000000000000000000 ) ) ;
#3434 = CARTESIAN_POINT ( 'NONE',  ( 1.499999999999999556, 0.4500000000000000111, 1.076794919243112325 ) ) ;
#3435 = ORIENTED_EDGE ( 'NONE', *, *, #2638, .F. ) ;
#3436 = ORIENTED_EDGE ( 'NONE', *, *, #3350, .T. ) ;
#3437 = AXIS2_PLACEMENT_3D ( 'NONE', #1876, #2466, #3433 ) ;
#3438 = CARTESIAN_POINT ( 'NONE',  ( 1.400000000000000577, 0.9000000000000000222, -1.050000000000000266 ) ) ;
#3439 = CARTESIAN_POINT ( 'NONE',  ( -1.599999999999999645, 0.4499999999999999001, 1.249999999999999778 ) ) ;
#3440 = DIRECTION ( 'NONE',  ( 0.7071067811865436870, 0.000000000000000000, -0.7071067811865513475 ) ) ;
#3441 = EDGE_LOOP ( 'NONE', ( #2517, #3499, #2534, #470, #788, #2230, #1736, #3935, #3601, #732, #1781 ) ) ;
#3442 = DIRECTION ( 'NONE',  ( 1.000000000000000000, 0.000000000000000000, 0.000000000000000000 ) ) ;
#3443 = EDGE_CURVE ( 'NONE', #3779, #519, #2787, .T. ) ;
#3444 = CARTESIAN_POINT ( 'NONE',  ( 0.5999999999999996447, 0.000000000000000000, -0.7999999999999994893 ) ) ;
#3445 = ORIENTED_EDGE ( 'NONE', *, *, #399, .F. ) ;
#3446 = VECTOR ( 'NONE', #2123, 1000.000000000000000 ) ;
#3447 = ORIENTED_EDGE ( 'NONE', *, *, #249, .F. ) ;
#3448 = CARTESIAN_POINT ( 'NONE',  ( -1.450000000000001066, 5.640054944640261247, 1.050000000000000488 ) ) ;
#3449 = EDGE_CURVE ( 'NONE', #372, #1571, #101, .T. ) ;
#3450 = VERTEX_POINT ( 'NONE', #4061 ) ;
#3451 = LINE ( 'NONE', #3741, #2111 ) ;
#3452 = CARTESIAN_POINT ( 'NONE',  ( 1.500000000000000666, 0.9000000000000000222, 1.050000000000000266 ) ) ;
#3453 = ORIENTED_EDGE ( 'NONE', *, *, #1199, .T. ) ;
#3454 = DIRECTION ( 'NONE',  ( -1.000000000000000000, 0.000000000000000000, 0.000000000000000000 ) ) ;
#3455 = EDGE_CURVE ( 'NONE', #2912, #519, #2768, .T. ) ;
#3456 = DIRECTION ( 'NONE',  ( -1.000000000000000000, 0.000000000000000000, 0.000000000000000000 ) ) ;
#3457 = EDGE_LOOP ( 'NONE', ( #3419, #498, #1891, #1171, #1313, #3970, #1434, #2721 ) ) ;
#3458 = FACE_OUTER_BOUND ( 'NONE', #2189, .T. ) ;
#3459 = DIRECTION ( 'NONE',  ( 0.000000000000000000, -1.000000000000000000, 0.000000000000000000 ) ) ;
#3460 = DIRECTION ( 'NONE',  ( 0.7071067811865449082, -0.000000000000000000, 0.7071067811865502373 ) ) ;
#3461 = DIRECTION ( 'NONE',  ( 0.000000000000000000, 0.000000000000000000, -1.000000000000000000 ) ) ;
#3462 = ORIENTED_EDGE ( 'NONE', *, *, #3540, .F. ) ;
#3463 = PLANE ( 'NONE',  #3429 ) ;
#3464 = AXIS2_PLACEMENT_3D ( 'NONE', #581, #900, #1741 ) ;
#3465 = EDGE_CURVE ( 'NONE', #1782, #1743, #19, .T. ) ;
#3466 = VERTEX_POINT ( 'NONE', #2413 ) ;
#3467 = CARTESIAN_POINT ( 'NONE',  ( -1.499999999999999778, 0.9000000000000000222, 1.050000000000000266 ) ) ;
#3468 = DIRECTION ( 'NONE',  ( -0.000000000000000000, 1.000000000000000000, -0.000000000000000000 ) ) ;
#3469 = CARTESIAN_POINT ( 'NONE',  ( 1.599999999999999645, 1.700000000000000178, -1.249999999999999778 ) ) ;
#3470 = VERTEX_POINT ( 'NONE', #893 ) ;
#3471 = DIRECTION ( 'NONE',  ( 1.000000000000000000, -0.000000000000000000, 0.000000000000000000 ) ) ;
#3472 = CARTESIAN_POINT ( 'NONE',  ( -1.599999999999999645, 0.000000000000000000, -1.249999999999999778 ) ) ;
#3473 = DIRECTION ( 'NONE',  ( -1.000000000000000000, 0.000000000000000000, 0.000000000000000000 ) ) ;
#3474 = AXIS2_PLACEMENT_3D ( 'NONE', #2607, #3295, #2577 ) ;
#3475 = VERTEX_POINT ( 'NONE', #1217 ) ;
#3476 = VERTEX_POINT ( 'NONE', #626 ) ;
#3477 = DIRECTION ( 'NONE',  ( 0.000000000000000000, -0.000000000000000000, -1.000000000000000000 ) ) ;
#3478 = DIRECTION ( 'NONE',  ( -0.000000000000000000, -1.000000000000000000, -0.000000000000000000 ) ) ;
#3479 = VERTEX_POINT ( 'NONE', #2192 ) ;
#3480 = VECTOR ( 'NONE', #3492, 1000.000000000000000 ) ;
#3481 = DIRECTION ( 'NONE',  ( -0.7071067811865489050, 0.000000000000000000, 0.7071067811865462405 ) ) ;
#3482 = EDGE_LOOP ( 'NONE', ( #3845, #3529, #3095, #1489 ) ) ;
#3483 = EDGE_CURVE ( 'NONE', #3466, #3990, #1412, .T. ) ;
#3484 = CARTESIAN_POINT ( 'NONE',  ( -1.599999999999999645, 0.6999999999999999556, 1.125000000000000000 ) ) ;
#3485 = ORIENTED_EDGE ( 'NONE', *, *, #176, .T. ) ;
#3486 =( NAMED_UNIT ( * ) PLANE_ANGLE_UNIT ( ) SI_UNIT ( $, .RADIAN. ) );
#3487 = LINE ( 'NONE', #3815, #2221 ) ;
#3488 = CARTESIAN_POINT ( 'NONE',  ( -1.539999999999999591, 0.000000000000000000, -0.4899999999999995470 ) ) ;
#3489 = CARTESIAN_POINT ( 'NONE',  ( -1.474999999999999645, 0.6999999999999999556, -1.250000000000000222 ) ) ;
#3490 = DIRECTION ( 'NONE',  ( 0.000000000000000000, -1.000000000000000000, 0.000000000000000000 ) ) ;
#3491 = ORIENTED_EDGE ( 'NONE', *, *, #3715, .F. ) ;
#3492 = DIRECTION ( 'NONE',  ( -1.000000000000000000, 0.000000000000000000, -5.245325762175874757E-16 ) ) ;
#3493 = EDGE_CURVE ( 'NONE', #3989, #2963, #2800, .T. ) ;
#3494 = EDGE_LOOP ( 'NONE', ( #1814, #2904, #3008, #3617 ) ) ;
#3495 = DIRECTION ( 'NONE',  ( 0.000000000000000000, -1.000000000000000000, 0.000000000000000000 ) ) ;
#3496 = PRODUCT_DEFINITION_CONTEXT ( 'detailed design', #646, 'design' ) ;
#3497 = VERTEX_POINT ( 'NONE', #4031 ) ;
#3498 = DIRECTION ( 'NONE',  ( 0.000000000000000000, 0.000000000000000000, -1.000000000000000000 ) ) ;
#3499 = ORIENTED_EDGE ( 'NONE', *, *, #3579, .T. ) ;
#3500 = VECTOR ( 'NONE', #2898, 1000.000000000000000 ) ;
#3501 = EDGE_CURVE ( 'NONE', #841, #3619, #4122, .T. ) ;
#3502 = ORIENTED_EDGE ( 'NONE', *, *, #3792, .F. ) ;
#3503 = PLANE ( 'NONE',  #817 ) ;
#3504 = DIRECTION ( 'NONE',  ( 0.000000000000000000, 0.000000000000000000, -1.000000000000000000 ) ) ;
#3505 = ORIENTED_EDGE ( 'NONE', *, *, #1548, .F. ) ;
#3506 = EDGE_CURVE ( 'NONE', #1003, #1971, #1392, .T. ) ;
#3507 = ORIENTED_EDGE ( 'NONE', *, *, #1370, .F. ) ;
#3508 = CARTESIAN_POINT ( 'NONE',  ( 1.426794919243111970, 1.700000000000000178, 1.149999999999999689 ) ) ;
#3509 = CARTESIAN_POINT ( 'NONE',  ( 1.426794919243111970, 0.000000000000000000, 1.149999999999999689 ) ) ;
#3510 = ORIENTED_EDGE ( 'NONE', *, *, #2161, .T. ) ;
#3511 = CARTESIAN_POINT ( 'NONE',  ( 1.600000000000000533, 0.6999999999999999556, 0.000000000000000000 ) ) ;
#3512 = DIRECTION ( 'NONE',  ( -0.000000000000000000, -1.000000000000000000, -0.000000000000000000 ) ) ;
#3513 = DIRECTION ( 'NONE',  ( 0.000000000000000000, 0.000000000000000000, -1.000000000000000000 ) ) ;
#3514 = AXIS2_PLACEMENT_3D ( 'NONE', #3894, #1430, #158 ) ;
#3515 = DIRECTION ( 'NONE',  ( -3.252606517456511724E-15, 0.000000000000000000, 1.000000000000000000 ) ) ;
#3516 = EDGE_LOOP ( 'NONE', ( #2055, #3997, #3623, #3680, #2219, #289, #897, #3181 ) ) ;
#3517 = DIRECTION ( 'NONE',  ( 0.000000000000000000, 0.000000000000000000, 1.000000000000000000 ) ) ;
#3518 = EDGE_CURVE ( 'NONE', #48, #1784, #91, .T. ) ;
#3519 = ORIENTED_EDGE ( 'NONE', *, *, #767, .T. ) ;
#3520 = DIRECTION ( 'NONE',  ( 0.000000000000000000, -1.000000000000000000, 0.000000000000000000 ) ) ;
#3521 = DIRECTION ( 'NONE',  ( 0.000000000000000000, 0.000000000000000000, 1.000000000000000000 ) ) ;
#3522 = ORIENTED_EDGE ( 'NONE', *, *, #898, .F. ) ;
#3523 = AXIS2_PLACEMENT_3D ( 'NONE', #1868, #144, #2179 ) ;
#3524 = CARTESIAN_POINT ( 'NONE',  ( -1.499999999999999556, 0.000000000000000000, -1.076794919243112325 ) ) ;
#3525 = ORIENTED_EDGE ( 'NONE', *, *, #664, .F. ) ;
#3526 = ORIENTED_EDGE ( 'NONE', *, *, #3648, .F. ) ;
#3527 = DIRECTION ( 'NONE',  ( 0.7071067811865436870, 0.000000000000000000, 0.7071067811865513475 ) ) ;
#3528 = CARTESIAN_POINT ( 'NONE',  ( -1.474999999999999645, 1.700000000000000178, 1.249999999999999778 ) ) ;
#3529 = ORIENTED_EDGE ( 'NONE', *, *, #566, .F. ) ;
#3530 = AXIS2_PLACEMENT_3D ( 'NONE', #2851, #301, #1883 ) ;
#3531 =( NAMED_UNIT ( * ) SI_UNIT ( $, .STERADIAN. ) SOLID_ANGLE_UNIT ( ) );
#3532 = ORIENTED_EDGE ( 'NONE', *, *, #1399, .F. ) ;
#3533 = EDGE_CURVE ( 'NONE', #1433, #2761, #2892, .T. ) ;
#3534 = VERTEX_POINT ( 'NONE', #2296 ) ;
#3535 = PLANE ( 'NONE',  #1854 ) ;
#3536 = FILL_AREA_STYLE_COLOUR ( '', #1544 ) ;
#3537 = ORIENTED_EDGE ( 'NONE', *, *, #3059, .T. ) ;
#3538 = DIRECTION ( 'NONE',  ( 0.000000000000000000, 0.000000000000000000, 1.000000000000000000 ) ) ;
#3539 = ADVANCED_FACE ( 'NONE', ( #1386 ), #401, .T. ) ;
#3540 = EDGE_CURVE ( 'NONE', #4118, #775, #41, .T. ) ;
#3541 = EDGE_LOOP ( 'NONE', ( #720, #379, #4074, #3519, #431, #3172, #3244, #2276, #1353, #3189 ) ) ;
#3542 = EDGE_LOOP ( 'NONE', ( #1100, #2242, #1608, #1525 ) ) ;
#3543 = LINE ( 'NONE', #1231, #3652 ) ;
#3544 = EDGE_CURVE ( 'NONE', #3325, #2084, #4127, .T. ) ;
#3545 = EDGE_LOOP ( 'NONE', ( #2344, #1987, #3186, #1407 ) ) ;
#3546 = ORIENTED_EDGE ( 'NONE', *, *, #2600, .T. ) ;
#3547 = DIRECTION ( 'NONE',  ( -2.065146995210483462E-16, 0.000000000000000000, 1.000000000000000000 ) ) ;
#3548 = VECTOR ( 'NONE', #822, 1000.000000000000000 ) ;
#3549 = ADVANCED_FACE ( 'NONE', ( #79 ), #2583, .T. ) ;
#3550 = DIRECTION ( 'NONE',  ( -0.000000000000000000, -0.000000000000000000, 1.000000000000000000 ) ) ;
#3551 = PLANE ( 'NONE',  #1635 ) ;
#3552 = ORIENTED_EDGE ( 'NONE', *, *, #140, .T. ) ;
#3553 = SURFACE_STYLE_USAGE ( .BOTH. , #3311 ) ;
#3554 = ORIENTED_EDGE ( 'NONE', *, *, #3106, .F. ) ;
#3555 = STYLED_ITEM ( 'NONE', ( #3024 ), #2470 ) ;
#3556 = EDGE_LOOP ( 'NONE', ( #2046, #2034, #2978, #3998 ) ) ;
#3557 = PLANE ( 'NONE',  #1746 ) ;
#3558 = PLANE ( 'NONE',  #205 ) ;
#3559 = EDGE_LOOP ( 'NONE', ( #4012, #3587, #3510, #829 ) ) ;
#3560 = DIRECTION ( 'NONE',  ( 0.000000000000000000, 0.000000000000000000, -1.000000000000000000 ) ) ;
#3561 = FACE_OUTER_BOUND ( 'NONE', #488, .T. ) ;
#3562 = ORIENTED_EDGE ( 'NONE', *, *, #2803, .F. ) ;
#3563 = AXIS2_PLACEMENT_3D ( 'NONE', #1780, #2411, #2738 ) ;
#3564 = CARTESIAN_POINT ( 'NONE',  ( -1.599999999999999645, 0.000000000000000000, 1.249999999999999778 ) ) ;
#3565 = DIRECTION ( 'NONE',  ( 0.000000000000000000, 0.000000000000000000, -1.000000000000000000 ) ) ;
#3566 = ORIENTED_EDGE ( 'NONE', *, *, #1191, .T. ) ;
#3567 = VECTOR ( 'NONE', #4005, 1000.000000000000114 ) ;
#3568 = ADVANCED_FACE ( 'NONE', ( #2858 ), #174, .T. ) ;
#3569 = CARTESIAN_POINT ( 'NONE',  ( 1.600000000000000533, 0.6999999999999999556, -1.250000000000000222 ) ) ;
#3570 = ORIENTED_EDGE ( 'NONE', *, *, #2938, .F. ) ;
#3571 = CARTESIAN_POINT ( 'NONE',  ( 1.500000000000000444, 0.9000000000000000222, 1.050000000000000266 ) ) ;
#3572 = VERTEX_POINT ( 'NONE', #3932 ) ;
#3573 = CARTESIAN_POINT ( 'NONE',  ( 1.426794919243111970, 0.4499999999999999001, 1.149999999999999689 ) ) ;
#3574 = FACE_OUTER_BOUND ( 'NONE', #4004, .T. ) ;
#3575 = EDGE_CURVE ( 'NONE', #392, #2098, #3022, .T. ) ;
#3576 = CARTESIAN_POINT ( 'NONE',  ( 1.499999999999999556, 1.700000000000000178, 1.076794919243112325 ) ) ;
#3577 = CARTESIAN_POINT ( 'NONE',  ( -0.5999999999999996447, 0.4500000000000000111, -0.4999999999999994449 ) ) ;
#3578 = ORIENTED_EDGE ( 'NONE', *, *, #2790, .F. ) ;
#3579 = EDGE_CURVE ( 'NONE', #659, #739, #1652, .T. ) ;
#3580 =( NAMED_UNIT ( * ) PLANE_ANGLE_UNIT ( ) SI_UNIT ( $, .RADIAN. ) );
#3581 = LINE ( 'NONE', #1355, #851 ) ;
#3582 = ORIENTED_EDGE ( 'NONE', *, *, #3668, .F. ) ;
#3583 = VECTOR ( 'NONE', #2979, 1000.000000000000000 ) ;
#3584 = CARTESIAN_POINT ( 'NONE',  ( 1.599999999999999645, 0.4499999999999999001, 1.249999999999999778 ) ) ;
#3585 =( NAMED_UNIT ( * ) SI_UNIT ( $, .STERADIAN. ) SOLID_ANGLE_UNIT ( ) );
#3586 = CARTESIAN_POINT ( 'NONE',  ( 0.000000000000000000, 0.6999999999999999556, 1.249999999999999778 ) ) ;
#3587 = ORIENTED_EDGE ( 'NONE', *, *, #3682, .T. ) ;
#3588 = DIRECTION ( 'NONE',  ( -0.000000000000000000, 0.000000000000000000, 1.000000000000000000 ) ) ;
#3589 = EDGE_CURVE ( 'NONE', #1318, #2225, #202, .T. ) ;
#3590 = EDGE_LOOP ( 'NONE', ( #2273, #2706, #439, #2662 ) ) ;
#3591 = CARTESIAN_POINT ( 'NONE',  ( 1.539999999999999591, 0.000000000000000000, -0.3100000000000004419 ) ) ;
#3592 = CIRCLE ( 'NONE', #832, 0.1249999999999996808 ) ;
#3593 = EDGE_LOOP ( 'NONE', ( #2511, #3271, #1886, #1777, #3192, #3261, #1902, #309, #3070, #1604, #1698 ) ) ;
#3594 = CARTESIAN_POINT ( 'NONE',  ( 1.426794919243112192, 0.4499999999999999001, -1.149999999999999245 ) ) ;
#3595 = DIRECTION ( 'NONE',  ( -1.000000000000000000, -0.000000000000000000, -0.000000000000000000 ) ) ;
#3596 = VECTOR ( 'NONE', #359, 1000.000000000000000 ) ;
#3597 = EDGE_CURVE ( 'NONE', #137, #3927, #169, .T. ) ;
#3598 = ORIENTED_EDGE ( 'NONE', *, *, #1592, .F. ) ;
#3599 = LINE ( 'NONE', #3428, #842 ) ;
#3600 = DIRECTION ( 'NONE',  ( 1.000000000000000000, -0.000000000000000000, 0.000000000000000000 ) ) ;
#3601 = ORIENTED_EDGE ( 'NONE', *, *, #1771, .T. ) ;
#3602 = VECTOR ( 'NONE', #3868, 1000.000000000000000 ) ;
#3603 = PRODUCT_DEFINITION ( 'UNKNOWN', '', #197, #3496 ) ;
#3604 = ORIENTED_EDGE ( 'NONE', *, *, #573, .F. ) ;
#3605 = CARTESIAN_POINT ( 'NONE',  ( 1.499999999999999556, 0.000000000000000000, 1.076794919243112325 ) ) ;
#3606 = CIRCLE ( 'NONE', #1739, 0.1249999999999996808 ) ;
#3607 = EDGE_CURVE ( 'NONE', #511, #66, #1551, .T. ) ;
#3608 = ADVANCED_FACE ( 'NONE', ( #261 ), #756, .F. ) ;
#3609 =( LENGTH_UNIT ( ) NAMED_UNIT ( * ) SI_UNIT ( .MILLI., .METRE. ) );
#3610 = ORIENTED_EDGE ( 'NONE', *, *, #1242, .F. ) ;
#3611 = ORIENTED_EDGE ( 'NONE', *, *, #1554, .T. ) ;
#3612 = AXIS2_PLACEMENT_3D ( 'NONE', #275, #628, #918 ) ;
#3613 = LINE ( 'NONE', #2338, #2303 ) ;
#3614 = CARTESIAN_POINT ( 'NONE',  ( 1.599999999999999645, 0.4500000000000000111, -1.249999999999999778 ) ) ;
#3615 = CARTESIAN_POINT ( 'NONE',  ( -1.599999999999999645, 0.4500000000000000111, -1.249999999999999778 ) ) ;
#3616 = DIRECTION ( 'NONE',  ( -1.000000000000000000, 0.000000000000000000, -0.000000000000000000 ) ) ;
#3617 = ORIENTED_EDGE ( 'NONE', *, *, #2210, .F. ) ;
#3618 = CARTESIAN_POINT ( 'NONE',  ( -1.599999999999999645, 0.4500000000000000111, 1.249999999999999778 ) ) ;
#3619 = VERTEX_POINT ( 'NONE', #365 ) ;
#3620 = DIRECTION ( 'NONE',  ( -0.000000000000000000, 1.000000000000000000, -0.000000000000000000 ) ) ;
#3621 = ADVANCED_FACE ( 'NONE', ( #3035 ), #2000, .T. ) ;
#3622 = AXIS2_PLACEMENT_3D ( 'NONE', #3584, #2087, #719 ) ;
#3623 = ORIENTED_EDGE ( 'NONE', *, *, #2177, .T. ) ;
#3624 = AXIS2_PLACEMENT_3D ( 'NONE', #1079, #2951, #1409 ) ;
#3625 = CARTESIAN_POINT ( 'NONE',  ( 1.474999999999999645, 0.4499999999999999001, -1.249999999999999778 ) ) ;
#3626 = DIRECTION ( 'NONE',  ( 0.000000000000000000, 1.000000000000000000, -0.000000000000000000 ) ) ;
#3627 = FACE_OUTER_BOUND ( 'NONE', #2434, .T. ) ;
#3628 = VERTEX_POINT ( 'NONE', #1360 ) ;
#3629 = VECTOR ( 'NONE', #459, 1000.000000000000227 ) ;
#3630 = CARTESIAN_POINT ( 'NONE',  ( -1.499999999999999778, 0.9000000000000000222, 1.050000000000000266 ) ) ;
#3631 = ORIENTED_EDGE ( 'NONE', *, *, #4115, .F. ) ;
#3632 = LINE ( 'NONE', #2821, #876 ) ;
#3633 = ORIENTED_EDGE ( 'NONE', *, *, #1934, .F. ) ;
#3634 = DIRECTION ( 'NONE',  ( -1.000000000000000000, 0.000000000000000000, 0.000000000000000000 ) ) ;
#3635 = EDGE_CURVE ( 'NONE', #3236, #2373, #215, .T. ) ;
#3636 = ORIENTED_EDGE ( 'NONE', *, *, #3723, .F. ) ;
#3637 = LINE ( 'NONE', #2314, #2260 ) ;
#3638 = ORIENTED_EDGE ( 'NONE', *, *, #3575, .T. ) ;
#3639 = FACE_OUTER_BOUND ( 'NONE', #3482, .T. ) ;
#3640 = CARTESIAN_POINT ( 'NONE',  ( 0.5999999999999996447, 0.4500000000000000111, -0.7999999999999994893 ) ) ;
#3641 = ADVANCED_FACE ( 'NONE', ( #1568 ), #3820, .F. ) ;
#3642 = EDGE_CURVE ( 'NONE', #4129, #682, #1573, .T. ) ;
#3643 = CARTESIAN_POINT ( 'NONE',  ( -1.450000000000000844, 1.000000000000000000, -1.050000000000000488 ) ) ;
#3644 = ORIENTED_EDGE ( 'NONE', *, *, #1253, .T. ) ;
#3645 = CARTESIAN_POINT ( 'NONE',  ( 1.599999999999999645, 0.000000000000000000, 1.249999999999999778 ) ) ;
#3646 = DIRECTION ( 'NONE',  ( 0.000000000000000000, 0.000000000000000000, 1.000000000000000000 ) ) ;
#3647 = LINE ( 'NONE', #2045, #800 ) ;
#3648 = EDGE_CURVE ( 'NONE', #446, #2262, #1586, .T. ) ;
#3649 = ORIENTED_EDGE ( 'NONE', *, *, #3315, .T. ) ;
#3650 = CARTESIAN_POINT ( 'NONE',  ( 1.399999999999999467, 0.4500000000000000111, 1.249999999999999778 ) ) ;
#3651 = DIRECTION ( 'NONE',  ( -0.7071067811865449082, 0.000000000000000000, -0.7071067811865502373 ) ) ;
#3652 = VECTOR ( 'NONE', #230, 1000.000000000000000 ) ;
#3653 = ADVANCED_FACE ( 'NONE', ( #195 ), #999, .T. ) ;
#3654 = AXIS2_PLACEMENT_3D ( 'NONE', #2891, #2843, #2547 ) ;
#3655 = VERTEX_POINT ( 'NONE', #529 ) ;
#3656 = EDGE_CURVE ( 'NONE', #21, #2871, #3016, .T. ) ;
#3657 = LINE ( 'NONE', #3063, #3548 ) ;
#3658 = CARTESIAN_POINT ( 'NONE',  ( 1.400000000000000577, 0.4500000000000000111, -0.4999999999999994449 ) ) ;
#3659 = ORIENTED_EDGE ( 'NONE', *, *, #63, .T. ) ;
#3660 = AXIS2_PLACEMENT_3D ( 'NONE', #3812, #1558, #1528 ) ;
#3661 = DIRECTION ( 'NONE',  ( 0.000000000000000000, 0.000000000000000000, -1.000000000000000000 ) ) ;
#3662 = DIRECTION ( 'NONE',  ( -0.000000000000000000, -1.000000000000000000, -0.000000000000000000 ) ) ;
#3663 = CARTESIAN_POINT ( 'NONE',  ( -1.599999999999999867, 0.6999999999999999556, -0.5500000000000003775 ) ) ;
#3664 = ORIENTED_EDGE ( 'NONE', *, *, #3315, .F. ) ;
#3665 = DIRECTION ( 'NONE',  ( 0.000000000000000000, 0.000000000000000000, 1.000000000000000000 ) ) ;
#3666 = VECTOR ( 'NONE', #796, 1000.000000000000114 ) ;
#3667 = ADVANCED_FACE ( 'NONE', ( #1664 ), #2724, .T. ) ;
#3668 = EDGE_CURVE ( 'NONE', #2483, #189, #1595, .T. ) ;
#3669 = ORIENTED_EDGE ( 'NONE', *, *, #4036, .F. ) ;
#3670 = DIRECTION ( 'NONE',  ( 0.000000000000000000, 0.000000000000000000, 1.000000000000000000 ) ) ;
#3671 = DIRECTION ( 'NONE',  ( 0.000000000000000000, -1.000000000000000000, 0.000000000000000000 ) ) ;
#3672 = LINE ( 'NONE', #1015, #3759 ) ;
#3673 = EDGE_CURVE ( 'NONE', #1162, #3069, #3043, .T. ) ;
#3674 = ORIENTED_EDGE ( 'NONE', *, *, #521, .T. ) ;
#3675 = EDGE_CURVE ( 'NONE', #1930, #356, #181, .T. ) ;
#3676 = VECTOR ( 'NONE', #99, 1000.000000000000000 ) ;
#3677 = ADVANCED_FACE ( 'NONE', ( #280 ), #2961, .T. ) ;
#3678 = CARTESIAN_POINT ( 'NONE',  ( 1.539999999999999591, 0.000000000000000000, 0.3100000000000004419 ) ) ;
#3679 = DIRECTION ( 'NONE',  ( 0.000000000000000000, 0.000000000000000000, 1.000000000000000000 ) ) ;
#3680 = ORIENTED_EDGE ( 'NONE', *, *, #3589, .T. ) ;
#3681 = DIRECTION ( 'NONE',  ( -0.000000000000000000, -1.000000000000000000, -0.000000000000000000 ) ) ;
#3682 = EDGE_CURVE ( 'NONE', #2213, #3737, #1615, .T. ) ;
#3683 = LINE ( 'NONE', #1637, #1054 ) ;
#3684 = DIRECTION ( 'NONE',  ( 0.000000000000000000, 0.000000000000000000, 1.000000000000000000 ) ) ;
#3685 = ORIENTED_EDGE ( 'NONE', *, *, #83, .T. ) ;
#3686 = CARTESIAN_POINT ( 'NONE',  ( 1.539999999999999591, 0.000000000000000000, -0.4899999999999995470 ) ) ;
#3687 = CARTESIAN_POINT ( 'NONE',  ( 1.400000000000000355, 0.9000000000000000222, -1.150000000000000355 ) ) ;
#3688 = LINE ( 'NONE', #1475, #3806 ) ;
#3689 = EDGE_CURVE ( 'NONE', #3291, #333, #2981, .T. ) ;
#3690 = EDGE_LOOP ( 'NONE', ( #570, #1107, #3320, #3969 ) ) ;
#3691 = CARTESIAN_POINT ( 'NONE',  ( 0.5999999999999996447, 0.4500000000000000111, -0.7999999999999994893 ) ) ;
#3692 = FACE_OUTER_BOUND ( 'NONE', #1336, .T. ) ;
#3693 = DIRECTION ( 'NONE',  ( -5.004010026856175145E-16, -0.000000000000000000, -1.000000000000000000 ) ) ;
#3694 = FACE_OUTER_BOUND ( 'NONE', #311, .T. ) ;
#3695 = EDGE_CURVE ( 'NONE', #2323, #1893, #2925, .T. ) ;
#3696 = DIRECTION ( 'NONE',  ( 0.000000000000000000, 0.000000000000000000, -1.000000000000000000 ) ) ;
#3697 = ORIENTED_EDGE ( 'NONE', *, *, #2690, .T. ) ;
#3698 = LINE ( 'NONE', #1309, #2368 ) ;
#3699 = LINE ( 'NONE', #3357, #928 ) ;
#3700 = AXIS2_PLACEMENT_3D ( 'NONE', #2522, #4054, #3878 ) ;
#3701 = DIRECTION ( 'NONE',  ( 0.000000000000000000, 0.000000000000000000, 1.000000000000000000 ) ) ;
#3702 = CARTESIAN_POINT ( 'NONE',  ( 0.6000000000000003109, 0.4499999999999999001, -1.149999999999999245 ) ) ;
#3703 = ORIENTED_EDGE ( 'NONE', *, *, #1135, .T. ) ;
#3704 = CARTESIAN_POINT ( 'NONE',  ( 0.8999999999999995781, 0.000000000000000000, -0.4999999999999994449 ) ) ;
#3705 = VECTOR ( 'NONE', #4116, 1000.000000000000000 ) ;
#3706 = LINE ( 'NONE', #2162, #2405 ) ;
#3707 = DIRECTION ( 'NONE',  ( 1.000000000000000000, 0.000000000000000000, -0.000000000000000000 ) ) ;
#3708 = ADVANCED_FACE ( 'NONE', ( #223 ), #221, .F. ) ;
#3709 = CARTESIAN_POINT ( 'NONE',  ( 0.9249999999999973799, 0.6999999999999999556, -0.9250000000000005995 ) ) ;
#3710 = ORIENTED_EDGE ( 'NONE', *, *, #3818, .F. ) ;
#3711 = VECTOR ( 'NONE', #1268, 1000.000000000000000 ) ;
#3712 = AXIS2_PLACEMENT_3D ( 'NONE', #3645, #1819, #3341 ) ;
#3713 = CARTESIAN_POINT ( 'NONE',  ( -1.599999999999999645, 0.4499999999999999001, -1.049999999999999822 ) ) ;
#3714 = FACE_OUTER_BOUND ( 'NONE', #1114, .T. ) ;
#3715 = EDGE_CURVE ( 'NONE', #2029, #1618, #2911, .T. ) ;
#3716 = ORIENTED_EDGE ( 'NONE', *, *, #2962, .T. ) ;
#3717 =( NAMED_UNIT ( * ) SI_UNIT ( $, .STERADIAN. ) SOLID_ANGLE_UNIT ( ) );
#3718 = LINE ( 'NONE', #3263, #967 ) ;
#3719 = CARTESIAN_POINT ( 'NONE',  ( 1.399999999999999467, 1.700000000000000178, 1.249999999999999778 ) ) ;
#3720 = EDGE_CURVE ( 'NONE', #2366, #2240, #1623, .T. ) ;
#3721 = LINE ( 'NONE', #2945, #2334 ) ;
#3722 = CARTESIAN_POINT ( 'NONE',  ( 0.5999999999999996447, 0.000000000000000000, -0.7999999999999994893 ) ) ;
#3723 = EDGE_CURVE ( 'NONE', #1930, #2483, #209, .T. ) ;
#3724 = VERTEX_POINT ( 'NONE', #3956 ) ;
#3725 = CIRCLE ( 'NONE', #927, 0.1000000000000000472 ) ;
#3726 = CARTESIAN_POINT ( 'NONE',  ( 1.426794919243111970, 0.4500000000000000111, 1.149999999999999689 ) ) ;
#3727 = CIRCLE ( 'NONE', #3846, 0.2000000000000000944 ) ;
#3728 = PLANE ( 'NONE',  #260 ) ;
#3729 = CARTESIAN_POINT ( 'NONE',  ( 0.8999999999999995781, 0.000000000000000000, -0.4999999999999994449 ) ) ;
#3730 = EDGE_CURVE ( 'NONE', #682, #2270, #1628, .T. ) ;
#3731 = ORIENTED_EDGE ( 'NONE', *, *, #2767, .T. ) ;
#3732 = LINE ( 'NONE', #1182, #2375 ) ;
#3733 = CARTESIAN_POINT ( 'NONE',  ( -0.5999999999999999778, 0.4499999999999999001, 1.149999999999999023 ) ) ;
#3734 = DIRECTION ( 'NONE',  ( 0.000000000000000000, 1.000000000000000000, -0.000000000000000000 ) ) ;
#3735 = PLANE ( 'NONE',  #686 ) ;
#3736 = DIRECTION ( 'NONE',  ( -0.000000000000000000, 1.000000000000000000, -0.000000000000000000 ) ) ;
#3737 = VERTEX_POINT ( 'NONE', #1793 ) ;
#3738 = EDGE_CURVE ( 'NONE', #1225, #3989, #3112, .T. ) ;
#3739 = DIRECTION ( 'NONE',  ( 2.622662881087936885E-16, 0.000000000000000000, -1.000000000000000000 ) ) ;
#3740 = CYLINDRICAL_SURFACE ( 'NONE', #1288, 0.2000000000000000944 ) ;
#3741 = CARTESIAN_POINT ( 'NONE',  ( -1.599999999999999867, 0.000000000000000000, -0.5500000000000003775 ) ) ;
#3742 = LINE ( 'NONE', #2845, #2381 ) ;
#3743 = EDGE_LOOP ( 'NONE', ( #3137, #2545, #1931, #3436 ) ) ;
#3744 = AXIS2_PLACEMENT_3D ( 'NONE', #2134, #1772, #1177 ) ;
#3745 = LINE ( 'NONE', #2521, #1035 ) ;
#3746 = CIRCLE ( 'NONE', #443, 0.2000000000000000944 ) ;
#3747 = DIRECTION ( 'NONE',  ( 3.252606517456515274E-15, 0.000000000000000000, 1.000000000000000000 ) ) ;
#3748 = EDGE_LOOP ( 'NONE', ( #705, #3984, #1181, #678 ) ) ;
#3749 = AXIS2_PLACEMENT_3D ( 'NONE', #1988, #3921, #422 ) ;
#3750 = DIRECTION ( 'NONE',  ( 1.000000000000000000, -0.000000000000000000, 4.547876366663550389E-16 ) ) ;
#3751 = VECTOR ( 'NONE', #3379, 1000.000000000000000 ) ;
#3752 = DIRECTION ( 'NONE',  ( -0.000000000000000000, -1.000000000000000000, -0.000000000000000000 ) ) ;
#3753 = DIRECTION ( 'NONE',  ( 0.000000000000000000, 0.000000000000000000, 1.000000000000000000 ) ) ;
#3754 = ORIENTED_EDGE ( 'NONE', *, *, #674, .T. ) ;
#3755 = CARTESIAN_POINT ( 'NONE',  ( 1.599999999999999867, 0.6999999999999999556, -0.5500000000000003775 ) ) ;
#3756 = DIRECTION ( 'NONE',  ( 0.000000000000000000, 0.000000000000000000, 1.000000000000000000 ) ) ;
#3757 = LINE ( 'NONE', #1807, #1011 ) ;
#3758 = CARTESIAN_POINT ( 'NONE',  ( -1.400000000000000133, 0.4500000000000000111, -0.4999999999999994449 ) ) ;
#3759 = VECTOR ( 'NONE', #2709, 1000.000000000000000 ) ;
#3760 = AXIS2_PLACEMENT_3D ( 'NONE', #1909, #592, #647 ) ;
#3761 = DIRECTION ( 'NONE',  ( 1.000000000000000000, 0.000000000000000000, 0.000000000000000000 ) ) ;
#3762 = CARTESIAN_POINT ( 'NONE',  ( 1.426794919243111970, 0.4500000000000000111, 1.149999999999999689 ) ) ;
#3763 = DIRECTION ( 'NONE',  ( 0.000000000000000000, -1.000000000000000000, 0.000000000000000000 ) ) ;
#3764 = ORIENTED_EDGE ( 'NONE', *, *, #3116, .T. ) ;
#3765 = CARTESIAN_POINT ( 'NONE',  ( 1.499999999999999778, 0.4499999999999999001, -0.5999999999999992006 ) ) ;
#3766 = FACE_OUTER_BOUND ( 'NONE', #1367, .T. ) ;
#3767 = EDGE_CURVE ( 'NONE', #781, #3466, #331, .T. ) ;
#3768 = DIRECTION ( 'NONE',  ( 0.000000000000000000, 0.000000000000000000, 1.000000000000000000 ) ) ;
#3769 = CARTESIAN_POINT ( 'NONE',  ( -1.499999999999999556, 0.4499999999999999001, -0.5999999999999995337 ) ) ;
#3770 = VECTOR ( 'NONE', #1812, 1000.000000000000114 ) ;
#3771 = ORIENTED_EDGE ( 'NONE', *, *, #4043, .T. ) ;
#3772 = FACE_OUTER_BOUND ( 'NONE', #2567, .T. ) ;
#3773 = PLANE ( 'NONE',  #2863 ) ;
#3774 = EDGE_LOOP ( 'NONE', ( #3710, #3220, #3771, #1910 ) ) ;
#3775 = PLANE ( 'NONE',  #2820 ) ;
#3776 = EDGE_CURVE ( 'NONE', #2098, #1770, #388, .T. ) ;
#3777 = LINE ( 'NONE', #3407, #955 ) ;
#3778 = DIRECTION ( 'NONE',  ( -0.000000000000000000, -0.000000000000000000, -1.000000000000000000 ) ) ;
#3779 = VERTEX_POINT ( 'NONE', #497 ) ;
#3780 = CIRCLE ( 'NONE', #1916, 0.1999999999999998723 ) ;
#3781 = DIRECTION ( 'NONE',  ( 0.000000000000000000, 0.000000000000000000, 1.000000000000000000 ) ) ;
#3782 = VECTOR ( 'NONE', #3860, 1000.000000000000000 ) ;
#3783 = CARTESIAN_POINT ( 'NONE',  ( 1.599999999999999645, 0.4500000000000000111, 1.249999999999999778 ) ) ;
#3784 =( NAMED_UNIT ( * ) PLANE_ANGLE_UNIT ( ) SI_UNIT ( $, .RADIAN. ) );
#3785 = ORIENTED_EDGE ( 'NONE', *, *, #1599, .F. ) ;
#3786 = DIRECTION ( 'NONE',  ( -0.000000000000000000, -1.000000000000000000, -0.000000000000000000 ) ) ;
#3787 = VECTOR ( 'NONE', #72, 1000.000000000000000 ) ;
#3788 = DIRECTION ( 'NONE',  ( 0.000000000000000000, 0.000000000000000000, 1.000000000000000000 ) ) ;
#3789 = ADVANCED_FACE ( 'NONE', ( #1801 ), #1725, .F. ) ;
#3790 = AXIS2_PLACEMENT_3D ( 'NONE', #1852, #1817, #1594 ) ;
#3791 = FACE_OUTER_BOUND ( 'NONE', #1915, .T. ) ;
#3792 = EDGE_CURVE ( 'NONE', #336, #4049, #307, .T. ) ;
#3793 = CARTESIAN_POINT ( 'NONE',  ( -1.399999999999999467, 0.4499999999999999001, 1.249999999999999778 ) ) ;
#3794 = DIRECTION ( 'NONE',  ( 0.000000000000000000, 0.000000000000000000, 1.000000000000000000 ) ) ;
#3795 = EDGE_LOOP ( 'NONE', ( #1730, #3052, #3959, #3374 ) ) ;
#3796 = DIRECTION ( 'NONE',  ( -1.000000000000000000, 0.000000000000000000, -0.000000000000000000 ) ) ;
#3797 = FACE_OUTER_BOUND ( 'NONE', #2163, .T. ) ;
#3798 = DIRECTION ( 'NONE',  ( -2.065146995210483462E-16, -0.000000000000000000, 1.000000000000000000 ) ) ;
#3799 = LINE ( 'NONE', #1493, #1030 ) ;
#3800 = AXIS2_PLACEMENT_3D ( 'NONE', #3783, #354, #4075 ) ;
#3801 = ORIENTED_EDGE ( 'NONE', *, *, #4063, .T. ) ;
#3802 = LINE ( 'NONE', #2265, #1058 ) ;
#3803 = CARTESIAN_POINT ( 'NONE',  ( 0.000000000000000000, 0.6999999999999999556, -1.250000000000000222 ) ) ;
#3804 = ORIENTED_EDGE ( 'NONE', *, *, #2451, .T. ) ;
#3805 = DIRECTION ( 'NONE',  ( -0.7071067811865436870, 0.000000000000000000, 0.7071067811865513475 ) ) ;
#3806 = VECTOR ( 'NONE', #2468, 1000.000000000000000 ) ;
#3807 = LINE ( 'NONE', #4090, #2402 ) ;
#3808 = AXIS2_PLACEMENT_3D ( 'NONE', #2608, #1614, #3560 ) ;
#3809 = ORIENTED_EDGE ( 'NONE', *, *, #716, .T. ) ;
#3810 = DIRECTION ( 'NONE',  ( -1.000000000000000000, 0.000000000000000000, 0.000000000000000000 ) ) ;
#3811 = CYLINDRICAL_SURFACE ( 'NONE', #1735, 0.1000000000000000472 ) ;
#3812 = CARTESIAN_POINT ( 'NONE',  ( -1.399999999999999689, 0.9000000000000000222, -1.150000000000000355 ) ) ;
#3813 = APPLICATION_PROTOCOL_DEFINITION ( 'draft international standard', 'automotive_design', 1998, #646 ) ;
#3814 = CARTESIAN_POINT ( 'NONE',  ( 1.599999999999999645, 0.4499999999999999001, 1.125000000000000444 ) ) ;
#3815 = CARTESIAN_POINT ( 'NONE',  ( 1.474999999999999645, 1.700000000000000178, -1.249999999999999778 ) ) ;
#3816 = EDGE_CURVE ( 'NONE', #3534, #588, #3187, .T. ) ;
#3817 = VECTOR ( 'NONE', #1465, 1000.000000000000000 ) ;
#3818 = EDGE_CURVE ( 'NONE', #2992, #2126, #1787, .T. ) ;
#3819 = DIRECTION ( 'NONE',  ( -0.000000000000000000, -1.000000000000000000, -0.000000000000000000 ) ) ;
#3820 = PLANE ( 'NONE',  #60 ) ;
#3821 = LINE ( 'NONE', #391, #1082 ) ;
#3822 = LINE ( 'NONE', #2211, #3854 ) ;
#3823 = EDGE_CURVE ( 'NONE', #1957, #1858, #348, .T. ) ;
#3824 = LINE ( 'NONE', #1380, #2455 ) ;
#3825 = CARTESIAN_POINT ( 'NONE',  ( -1.599999999999999645, 1.700000000000000178, 1.249999999999999778 ) ) ;
#3826 = CARTESIAN_POINT ( 'NONE',  ( -1.400000000000000355, 0.4500000000000000111, 0.4999999999999994449 ) ) ;
#3827 = FACE_OUTER_BOUND ( 'NONE', #284, .T. ) ;
#3828 = DIRECTION ( 'NONE',  ( 0.000000000000000000, -1.000000000000000000, 0.000000000000000000 ) ) ;
#3829 = FACE_OUTER_BOUND ( 'NONE', #228, .T. ) ;
#3830 = EDGE_CURVE ( 'NONE', #882, #668, #407, .T. ) ;
#3831 = LINE ( 'NONE', #1922, #2331 ) ;
#3832 = DIRECTION ( 'NONE',  ( 0.000000000000000000, 0.000000000000000000, 1.000000000000000000 ) ) ;
#3833 = VECTOR ( 'NONE', #3324, 1000.000000000000000 ) ;
#3834 = CARTESIAN_POINT ( 'NONE',  ( -1.499999999999999556, 1.700000000000000178, -0.5999999999999995337 ) ) ;
#3835 = DIRECTION ( 'NONE',  ( 0.000000000000000000, 0.000000000000000000, -1.000000000000000000 ) ) ;
#3836 = CARTESIAN_POINT ( 'NONE',  ( 1.400000000000000577, 0.9000000000000000222, 1.050000000000000488 ) ) ;
#3837 =( GEOMETRIC_REPRESENTATION_CONTEXT ( 3 ) GLOBAL_UNCERTAINTY_ASSIGNED_CONTEXT ( ( #2736 ) ) GLOBAL_UNIT_ASSIGNED_CONTEXT ( ( #2574, #1, #3230 ) ) REPRESENTATION_CONTEXT ( 'NONE', 'WORKASPACE' ) );
#3838 = VECTOR ( 'NONE', #346, 1000.000000000000000 ) ;
#3839 = CARTESIAN_POINT ( 'NONE',  ( 1.399999999999999467, 0.4499999999999999001, -1.249999999999999778 ) ) ;
#3840 = ORIENTED_EDGE ( 'NONE', *, *, #3738, .T. ) ;
#3841 = CARTESIAN_POINT ( 'NONE',  ( -1.599999999999999867, 0.000000000000000000, -0.5500000000000003775 ) ) ;
#3842 = EDGE_CURVE ( 'NONE', #1770, #3534, #3168, .T. ) ;
#3843 = LINE ( 'NONE', #1149, #2500 ) ;
#3844 = VECTOR ( 'NONE', #3550, 1000.000000000000000 ) ;
#3845 = ORIENTED_EDGE ( 'NONE', *, *, #2444, .T. ) ;
#3846 = AXIS2_PLACEMENT_3D ( 'NONE', #3614, #694, #2597 ) ;
#3847 = FACE_OUTER_BOUND ( 'NONE', #2401, .T. ) ;
#3848 = CARTESIAN_POINT ( 'NONE',  ( 1.399999999999999467, 0.4500000000000000111, -1.249999999999999778 ) ) ;
#3849 = LINE ( 'NONE', #741, #2504 ) ;
#3850 = ORIENTED_EDGE ( 'NONE', *, *, #566, .T. ) ;
#3851 = PLANE ( 'NONE',  #2361 ) ;
#3852 = ADVANCED_FACE ( 'NONE', ( #285 ), #1659, .T. ) ;
#3853 = DIRECTION ( 'NONE',  ( 0.000000000000000000, -1.000000000000000000, 0.000000000000000000 ) ) ;
#3854 = VECTOR ( 'NONE', #4078, 1000.000000000000000 ) ;
#3855 = CARTESIAN_POINT ( 'NONE',  ( -1.539999999999999591, 0.000000000000000000, 0.4899999999999995470 ) ) ;
#3856 = AXIS2_PLACEMENT_3D ( 'NONE', #2415, #821, #1432 ) ;
#3857 = DIRECTION ( 'NONE',  ( -0.000000000000000000, -1.000000000000000000, -0.000000000000000000 ) ) ;
#3858 = LINE ( 'NONE', #1575, #2488 ) ;
#3859 = ORIENTED_EDGE ( 'NONE', *, *, #339, .T. ) ;
#3860 = DIRECTION ( 'NONE',  ( 0.000000000000000000, -1.000000000000000000, 0.000000000000000000 ) ) ;
#3861 = DIRECTION ( 'NONE',  ( 0.000000000000000000, 0.000000000000000000, 1.000000000000000000 ) ) ;
#3862 = FACE_OUTER_BOUND ( 'NONE', #1878, .T. ) ;
#3863 = CARTESIAN_POINT ( 'NONE',  ( 1.600000000000000533, 0.000000000000000000, 0.000000000000000000 ) ) ;
#3864 = EDGE_CURVE ( 'NONE', #3389, #241, #416, .T. ) ;
#3865 = CARTESIAN_POINT ( 'NONE',  ( 1.499999999999999556, 0.000000000000000000, 1.076794919243112325 ) ) ;
#3866 = VECTOR ( 'NONE', #3882, 1000.000000000000000 ) ;
#3867 = ORIENTED_EDGE ( 'NONE', *, *, #4018, .T. ) ;
#3868 = DIRECTION ( 'NONE',  ( 0.000000000000000000, 0.000000000000000000, -1.000000000000000000 ) ) ;
#3869 = VERTEX_POINT ( 'NONE', #3152 ) ;
#3870 = ADVANCED_FACE ( 'NONE', ( #3066 ), #2277, .T. ) ;
#3871 = EDGE_CURVE ( 'NONE', #3235, #2213, #1811, .T. ) ;
#3872 = VECTOR ( 'NONE', #3481, 999.9999999999998863 ) ;
#3873 = DIRECTION ( 'NONE',  ( -0.000000000000000000, 0.000000000000000000, 1.000000000000000000 ) ) ;
#3874 = CARTESIAN_POINT ( 'NONE',  ( 1.599999999999999645, 1.700000000000000178, -1.249999999999999778 ) ) ;
#3875 = VECTOR ( 'NONE', #2835, 999.9999999999998863 ) ;
#3876 = VERTEX_POINT ( 'NONE', #3885 ) ;
#3877 = VERTEX_POINT ( 'NONE', #1894 ) ;
#3878 = DIRECTION ( 'NONE',  ( -1.000000000000000000, 0.000000000000000000, -0.000000000000000000 ) ) ;
#3879 = CARTESIAN_POINT ( 'NONE',  ( -1.499999999999999778, 1.700000000000000178, 1.076794919243112103 ) ) ;
#3880 = VECTOR ( 'NONE', #3460, 1000.000000000000114 ) ;
#3881 = EDGE_CURVE ( 'NONE', #2404, #2497, #438, .T. ) ;
#3882 = DIRECTION ( 'NONE',  ( 1.000000000000000000, 0.000000000000000000, 0.000000000000000000 ) ) ;
#3883 = VECTOR ( 'NONE', #1040, 1000.000000000000000 ) ;
#3884 = ORIENTED_EDGE ( 'NONE', *, *, #2903, .T. ) ;
#3885 = CARTESIAN_POINT ( 'NONE',  ( 1.599999999999999645, 0.4500000000000000111, 1.125000000000000444 ) ) ;
#3886 = EDGE_LOOP ( 'NONE', ( #2489, #1667, #3431, #3073 ) ) ;
#3887 = CARTESIAN_POINT ( 'NONE',  ( 1.600000000000000533, 0.6999999999999999556, 1.125000000000000000 ) ) ;
#3888 = VECTOR ( 'NONE', #1491, 1000.000000000000000 ) ;
#3889 = CARTESIAN_POINT ( 'NONE',  ( -1.599999999999999645, 0.000000000000000000, 1.249999999999999778 ) ) ;
#3890 = ORIENTED_EDGE ( 'NONE', *, *, #2753, .F. ) ;
#3891 = ADVANCED_FACE ( 'NONE', ( #444 ), #3773, .F. ) ;
#3892 = VECTOR ( 'NONE', #1391, 1000.000000000000000 ) ;
#3893 = AXIS2_PLACEMENT_3D ( 'NONE', #2758, #175, #3701 ) ;
#3894 = CARTESIAN_POINT ( 'NONE',  ( 1.539999999999999591, 0.000000000000000000, -0.3100000000000004419 ) ) ;
#3895 = DIRECTION ( 'NONE',  ( 1.000000000000000000, 0.000000000000000000, 0.000000000000000000 ) ) ;
#3896 = LINE ( 'NONE', #1660, #3875 ) ;
#3897 = ORIENTED_EDGE ( 'NONE', *, *, #3138, .F. ) ;
#3898 = ORIENTED_EDGE ( 'NONE', *, *, #2121, .F. ) ;
#3899 = FACE_OUTER_BOUND ( 'NONE', #606, .T. ) ;
#3900 = AXIS2_PLACEMENT_3D ( 'NONE', #2657, #1663, #2913 ) ;
#3901 = DIRECTION ( 'NONE',  ( -1.000000000000000000, -0.000000000000000000, -0.000000000000000000 ) ) ;
#3902 = CARTESIAN_POINT ( 'NONE',  ( -1.400000000000001021, 0.9000000000000000222, -1.050000000000000488 ) ) ;
#3903 = VECTOR ( 'NONE', #3805, 1000.000000000000000 ) ;
#3904 = VERTEX_POINT ( 'NONE', #1338 ) ;
#3905 = ADVANCED_FACE ( 'NONE', ( #3058 ), #3851, .T. ) ;
#3906 = PLANE ( 'NONE',  #2772 ) ;
#3907 = FACE_OUTER_BOUND ( 'NONE', #3545, .T. ) ;
#3908 = CARTESIAN_POINT ( 'NONE',  ( -1.474999999999999645, 0.000000000000000000, 1.249999999999999778 ) ) ;
#3909 = VECTOR ( 'NONE', #3853, 1000.000000000000000 ) ;
#3910 = ORIENTED_EDGE ( 'NONE', *, *, #978, .T. ) ;
#3911 = CARTESIAN_POINT ( 'NONE',  ( -1.499999999999999778, 1.700000000000000178, 0.5999999999999993117 ) ) ;
#3912 = PRESENTATION_LAYER_ASSIGNMENT (  '', '', ( #1437 ) ) ;
#3913 =( NAMED_UNIT ( * ) PLANE_ANGLE_UNIT ( ) SI_UNIT ( $, .RADIAN. ) );
#3914 = LINE ( 'NONE', #1681, #3954 ) ;
#3915 = EDGE_CURVE ( 'NONE', #1657, #1433, #1685, .T. ) ;
#3916 =( LENGTH_UNIT ( ) NAMED_UNIT ( * ) SI_UNIT ( .MILLI., .METRE. ) );
#3917 = CYLINDRICAL_SURFACE ( 'NONE', #3418, 0.04999999999999969746 ) ;
#3918 = ORIENTED_EDGE ( 'NONE', *, *, #1126, .T. ) ;
#3919 = ORIENTED_EDGE ( 'NONE', *, *, #2078, .T. ) ;
#3920 = CARTESIAN_POINT ( 'NONE',  ( -1.499999999999999778, 0.4500000000000000111, 0.5999999999999993117 ) ) ;
#3921 = DIRECTION ( 'NONE',  ( 0.000000000000000000, 1.000000000000000000, -0.000000000000000000 ) ) ;
#3922 = CIRCLE ( 'NONE', #3237, 0.2000000000000000944 ) ;
#3923 = EDGE_CURVE ( 'NONE', #447, #1742, #3102, .T. ) ;
#3924 = DIRECTION ( 'NONE',  ( -0.000000000000000000, 1.000000000000000000, -0.000000000000000000 ) ) ;
#3925 = EDGE_CURVE ( 'NONE', #2373, #3385, #3078, .T. ) ;
#3926 = VECTOR ( 'NONE', #665, 1000.000000000000000 ) ;
#3927 = VERTEX_POINT ( 'NONE', #375 ) ;
#3928 = ORIENTED_EDGE ( 'NONE', *, *, #1795, .F. ) ;
#3929 = ADVANCED_FACE ( 'NONE', ( #3092 ), #3503, .T. ) ;
#3930 = LINE ( 'NONE', #2988, #3833 ) ;
#3931 = CARTESIAN_POINT ( 'NONE',  ( 1.599999999999999645, 0.4499999999999999001, -1.049999999999999822 ) ) ;
#3932 = CARTESIAN_POINT ( 'NONE',  ( -1.399999999999999689, 0.6999999999999999556, 1.150000000000000355 ) ) ;
#3933 = CIRCLE ( 'NONE', #16, 0.1249999999999998890 ) ;
#3934 = EDGE_CURVE ( 'NONE', #1571, #3628, #547, .T. ) ;
#3935 = ORIENTED_EDGE ( 'NONE', *, *, #2019, .T. ) ;
#3936 = VERTEX_POINT ( 'NONE', #312 ) ;
#3937 = DIRECTION ( 'NONE',  ( 0.000000000000000000, -1.000000000000000000, 0.000000000000000000 ) ) ;
#3938 = CIRCLE ( 'NONE', #743, 0.1249999999999998890 ) ;
#3939 = COLOUR_RGB ( '',0.2509803921568627416, 0.2509803921568627416, 0.2509803921568627416 ) ;
#3940 = ORIENTED_EDGE ( 'NONE', *, *, #37, .T. ) ;
#3941 = EDGE_CURVE ( 'NONE', #1347, #500, #517, .T. ) ;
#3942 = ADVANCED_FACE ( 'NONE', ( #560 ), #3243, .F. ) ;
#3943 = VECTOR ( 'NONE', #2780, 1000.000000000000000 ) ;
#3944 = VERTEX_POINT ( 'NONE', #2253 ) ;
#3945 = STYLED_ITEM ( 'NONE', ( #1267 ), #2976 ) ;
#3946 = ORIENTED_EDGE ( 'NONE', *, *, #3607, .F. ) ;
#3947 = CARTESIAN_POINT ( 'NONE',  ( -1.399999999999999467, 0.4499999999999999001, 1.249999999999999778 ) ) ;
#3948 = CARTESIAN_POINT ( 'NONE',  ( 0.5999999999999996447, 0.4500000000000000111, -0.7999999999999994893 ) ) ;
#3949 = LINE ( 'NONE', #71, #2473 ) ;
#3950 = DIRECTION ( 'NONE',  ( -0.7071067811865452413, -0.000000000000000000, -0.7071067811865497932 ) ) ;
#3951 = ORIENTED_EDGE ( 'NONE', *, *, #3816, .T. ) ;
#3952 = CARTESIAN_POINT ( 'NONE',  ( -0.5999999999999996447, 0.4499999999999999001, -0.4999999999999994449 ) ) ;
#3953 = VERTEX_POINT ( 'NONE', #2564 ) ;
#3954 = VECTOR ( 'NONE', #1710, 1000.000000000000114 ) ;
#3955 = CARTESIAN_POINT ( 'NONE',  ( 1.599999999999999867, 0.000000000000000000, -0.5500000000000003775 ) ) ;
#3956 = CARTESIAN_POINT ( 'NONE',  ( -1.499999999999999778, 0.4500000000000000111, 0.5999999999999993117 ) ) ;
#3957 = PRESENTATION_STYLE_ASSIGNMENT (( #1469 ) ) ;
#3958 = ORIENTED_EDGE ( 'NONE', *, *, #1647, .T. ) ;
#3959 = ORIENTED_EDGE ( 'NONE', *, *, #2254, .T. ) ;
#3960 = ADVANCED_FACE ( 'NONE', ( #1846 ), #568, .T. ) ;
#3961 = VECTOR ( 'NONE', #2429, 1000.000000000000114 ) ;
#3962 = DIRECTION ( 'NONE',  ( 0.000000000000000000, -1.000000000000000000, 0.000000000000000000 ) ) ;
#3963 = AXIS2_PLACEMENT_3D ( 'NONE', #555, #827, #1133 ) ;
#3964 = SURFACE_STYLE_FILL_AREA ( #3352 ) ;
#3965 = ORIENTED_EDGE ( 'NONE', *, *, #1302, .T. ) ;
#3966 = ORIENTED_EDGE ( 'NONE', *, *, #1302, .F. ) ;
#3967 = CARTESIAN_POINT ( 'NONE',  ( -1.399999999999999689, 0.6999999999999999556, -1.150000000000000355 ) ) ;
#3968 = EDGE_CURVE ( 'NONE', #2853, #1742, #3242, .T. ) ;
#3969 = ORIENTED_EDGE ( 'NONE', *, *, #2785, .T. ) ;
#3970 = ORIENTED_EDGE ( 'NONE', *, *, #2708, .F. ) ;
#3971 = PLANE ( 'NONE',  #919 ) ;
#3972 = ADVANCED_FACE ( 'NONE', ( #3306 ), #591, .T. ) ;
#3973 = PRESENTATION_STYLE_ASSIGNMENT (( #2598 ) ) ;
#3974 = EDGE_CURVE ( 'NONE', #500, #746, #553, .T. ) ;
#3975 = PLANE ( 'NONE',  #3514 ) ;
#3976 = DIRECTION ( 'NONE',  ( 0.000000000000000000, 1.000000000000000000, -0.000000000000000000 ) ) ;
#3977 = FACE_OUTER_BOUND ( 'NONE', #1346, .T. ) ;
#3978 = PLANE ( 'NONE',  #445 ) ;
#3979 = VERTEX_POINT ( 'NONE', #2324 ) ;
#3980 = FACE_OUTER_BOUND ( 'NONE', #1872, .T. ) ;
#3981 = CARTESIAN_POINT ( 'NONE',  ( -0.5999999999999996447, 0.000000000000000000, 0.4999999999999994449 ) ) ;
#3982 = CIRCLE ( 'NONE', #2722, 0.1249999999999994588 ) ;
#3983 = ORIENTED_EDGE ( 'NONE', *, *, #1978, .F. ) ;
#3984 = ORIENTED_EDGE ( 'NONE', *, *, #2539, .T. ) ;
#3985 = AXIS2_PLACEMENT_3D ( 'NONE', #2613, #2673, #114 ) ;
#3986 = CARTESIAN_POINT ( 'NONE',  ( -1.499999999999999778, 0.000000000000000000, 0.5999999999999993117 ) ) ;
#3987 = EDGE_CURVE ( 'NONE', #659, #1791, #3253, .T. ) ;
#3988 = LINE ( 'NONE', #2815, #4081 ) ;
#3989 = VERTEX_POINT ( 'NONE', #2652 ) ;
#3990 = VERTEX_POINT ( 'NONE', #3605 ) ;
#3991 = CARTESIAN_POINT ( 'NONE',  ( -1.400000000000001021, 0.9000000000000000222, 1.100000000000000311 ) ) ;
#3992 = CARTESIAN_POINT ( 'NONE',  ( -1.499999999999999778, 0.4500000000000000111, 1.076794919243112103 ) ) ;
#3993 = CIRCLE ( 'NONE', #2096, 0.04999999999999991257 ) ;
#3994 = CARTESIAN_POINT ( 'NONE',  ( 1.400000000000000355, 0.9000000000000000222, -1.150000000000000355 ) ) ;
#3995 = AXIS2_PLACEMENT_3D ( 'NONE', #2236, #906, #1610 ) ;
#3996 = FACE_OUTER_BOUND ( 'NONE', #3774, .T. ) ;
#3997 = ORIENTED_EDGE ( 'NONE', *, *, #3413, .T. ) ;
#3998 = ORIENTED_EDGE ( 'NONE', *, *, #3251, .F. ) ;
#3999 = DIRECTION ( 'NONE',  ( 0.7071067811865474617, 0.000000000000000000, 0.7071067811865476838 ) ) ;
#4000 = VECTOR ( 'NONE', #504, 999.9999999999998863 ) ;
#4001 = DIRECTION ( 'NONE',  ( 1.000000000000000000, -0.000000000000000000, -0.000000000000000000 ) ) ;
#4002 = DIRECTION ( 'NONE',  ( 0.000000000000000000, 1.000000000000000000, -0.000000000000000000 ) ) ;
#4003 = VECTOR ( 'NONE', #3400, 1000.000000000000000 ) ;
#4004 = EDGE_LOOP ( 'NONE', ( #1882, #3132, #1451, #736, #640, #666 ) ) ;
#4005 = DIRECTION ( 'NONE',  ( 0.7071067811865449082, 0.000000000000000000, 0.7071067811865502373 ) ) ;
#4006 = ORIENTED_EDGE ( 'NONE', *, *, #3941, .T. ) ;
#4007 = AXIS2_PLACEMENT_3D ( 'NONE', #772, #1105, #3646 ) ;
#4008 = FACE_OUTER_BOUND ( 'NONE', #3690, .T. ) ;
#4009 = CARTESIAN_POINT ( 'NONE',  ( 1.400000000000000355, 0.000000000000000000, 0.4999999999999994449 ) ) ;
#4010 = DIRECTION ( 'NONE',  ( -0.000000000000000000, -1.000000000000000000, -0.000000000000000000 ) ) ;
#4011 = VECTOR ( 'NONE', #3229, 1000.000000000000000 ) ;
#4012 = ORIENTED_EDGE ( 'NONE', *, *, #2153, .F. ) ;
#4013 = ORIENTED_EDGE ( 'NONE', *, *, #1065, .F. ) ;
#4014 = LINE ( 'NONE', #3103, #2703 ) ;
#4015 = EDGE_CURVE ( 'NONE', #3470, #2554, #1955, .T. ) ;
#4016 = DIRECTION ( 'NONE',  ( 1.000000000000000000, 0.000000000000000000, -0.000000000000000000 ) ) ;
#4017 = DIRECTION ( 'NONE',  ( 0.7071067811865494601, -0.000000000000000000, 0.7071067811865456854 ) ) ;
#4018 = EDGE_CURVE ( 'NONE', #3366, #3876, #1943, .T. ) ;
#4019 = SURFACE_STYLE_FILL_AREA ( #3376 ) ;
#4020 = ORIENTED_EDGE ( 'NONE', *, *, #1717, .T. ) ;
#4021 = VERTEX_POINT ( 'NONE', #833 ) ;
#4022 = CARTESIAN_POINT ( 'NONE',  ( -0.5999999999999996447, 0.4500000000000000111, 0.4999999999999994449 ) ) ;
#4023 = CARTESIAN_POINT ( 'NONE',  ( 1.599999999999999645, 0.4500000000000000111, -1.125000000000000222 ) ) ;
#4024 = CYLINDRICAL_SURFACE ( 'NONE', #3900, 0.2000000000000000944 ) ;
#4025 = CARTESIAN_POINT ( 'NONE',  ( -1.599999999999999645, 0.4500000000000000111, 1.249999999999999778 ) ) ;
#4026 = EDGE_CURVE ( 'NONE', #2715, #1782, #3238, .T. ) ;
#4027 = VERTEX_POINT ( 'NONE', #3992 ) ;
#4028 = VERTEX_POINT ( 'NONE', #2680 ) ;
#4029 = CYLINDRICAL_SURFACE ( 'NONE', #1678, 0.2000000000000000944 ) ;
#4030 = CARTESIAN_POINT ( 'NONE',  ( 0.8999999999999995781, 0.4499999999999999001, -0.4999999999999994449 ) ) ;
#4031 = CARTESIAN_POINT ( 'NONE',  ( 1.400000000000000355, 0.6999999999999999556, -1.150000000000000355 ) ) ;
#4032 = LINE ( 'NONE', #3164, #1323 ) ;
#4033 = ORIENTED_EDGE ( 'NONE', *, *, #2198, .F. ) ;
#4034 = CARTESIAN_POINT ( 'NONE',  ( -1.499999999999999556, 0.4500000000000000111, -0.5999999999999995337 ) ) ;
#4035 = ORIENTED_EDGE ( 'NONE', *, *, #761, .T. ) ;
#4036 = EDGE_CURVE ( 'NONE', #1976, #2609, #3222, .T. ) ;
#4037 = CARTESIAN_POINT ( 'NONE',  ( 1.599999999999999645, 0.4499999999999999001, 1.050000000000000044 ) ) ;
#4038 = CARTESIAN_POINT ( 'NONE',  ( 1.400000000000000133, 0.9000000000000000222, 1.150000000000000355 ) ) ;
#4039 = ORIENTED_EDGE ( 'NONE', *, *, #3871, .F. ) ;
#4040 = AXIS2_PLACEMENT_3D ( 'NONE', #2350, #2464, #618 ) ;
#4041 = ORIENTED_EDGE ( 'NONE', *, *, #3087, .F. ) ;
#4042 = ADVANCED_FACE ( 'NONE', ( #3312 ), #484, .F. ) ;
#4043 = EDGE_CURVE ( 'NONE', #3936, #781, #1889, .T. ) ;
#4044 = FACE_OUTER_BOUND ( 'NONE', #1983, .T. ) ;
#4045 = CARTESIAN_POINT ( 'NONE',  ( 1.599999999999999645, 1.700000000000000178, 1.249999999999999778 ) ) ;
#4046 = DIRECTION ( 'NONE',  ( 0.000000000000000000, 0.000000000000000000, 1.000000000000000000 ) ) ;
#4047 = FACE_OUTER_BOUND ( 'NONE', #3457, .T. ) ;
#4048 = ORIENTED_EDGE ( 'NONE', *, *, #1717, .F. ) ;
#4049 = VERTEX_POINT ( 'NONE', #4023 ) ;
#4050 = AXIS2_PLACEMENT_3D ( 'NONE', #2305, #3255, #3025 ) ;
#4051 = CARTESIAN_POINT ( 'NONE',  ( 1.475000000000000533, 0.4500000000000000111, 1.249999999999999778 ) ) ;
#4052 = DIRECTION ( 'NONE',  ( -0.000000000000000000, -1.000000000000000000, -0.000000000000000000 ) ) ;
#4053 = LINE ( 'NONE', #3425, #2697 ) ;
#4054 = DIRECTION ( 'NONE',  ( 0.000000000000000000, 0.000000000000000000, -1.000000000000000000 ) ) ;
#4055 = VECTOR ( 'NONE', #2354, 1000.000000000000000 ) ;
#4056 = VERTEX_POINT ( 'NONE', #539 ) ;
#4057 = VERTEX_POINT ( 'NONE', #2491 ) ;
#4058 = CARTESIAN_POINT ( 'NONE',  ( 1.599999999999999645, 0.000000000000000000, 1.249999999999999778 ) ) ;
#4059 = LINE ( 'NONE', #1016, #1364 ) ;
#4060 = CARTESIAN_POINT ( 'NONE',  ( -1.399999999999999689, 0.9000000000000000222, 1.050000000000000266 ) ) ;
#4061 = CARTESIAN_POINT ( 'NONE',  ( 1.500000000000000000, 0.000000000000000000, -1.076794919243111881 ) ) ;
#4062 = DIRECTION ( 'NONE',  ( -1.000000000000000000, 0.000000000000000000, -2.622662881087936885E-16 ) ) ;
#4063 = EDGE_CURVE ( 'NONE', #3877, #2866, #3329, .T. ) ;
#4064 = FACE_OUTER_BOUND ( 'NONE', #1261, .T. ) ;
#4065 = ORIENTED_EDGE ( 'NONE', *, *, #4036, .T. ) ;
#4066 = EDGE_LOOP ( 'NONE', ( #2039, #3502, #3532, #652 ) ) ;
#4067 = LINE ( 'NONE', #2487, #4000 ) ;
#4068 = LINE ( 'NONE', #3047, #1289 ) ;
#4069 = VERTEX_POINT ( 'NONE', #4076 ) ;
#4070 = ORIENTED_EDGE ( 'NONE', *, *, #1404, .T. ) ;
#4071 = CIRCLE ( 'NONE', #2144, 0.1249999999999998890 ) ;
#4072 = EDGE_CURVE ( 'NONE', #3395, #3236, #3231, .T. ) ;
#4073 = LINE ( 'NONE', #1207, #2739 ) ;
#4074 = ORIENTED_EDGE ( 'NONE', *, *, #903, .T. ) ;
#4075 = DIRECTION ( 'NONE',  ( 0.000000000000000000, 0.000000000000000000, 1.000000000000000000 ) ) ;
#4076 = CARTESIAN_POINT ( 'NONE',  ( -1.474999999999999645, 0.4500000000000000111, 1.249999999999999778 ) ) ;
#4077 = EDGE_CURVE ( 'NONE', #2546, #2580, #3318, .T. ) ;
#4078 = DIRECTION ( 'NONE',  ( -0.000000000000000000, 1.000000000000000000, -0.000000000000000000 ) ) ;
#4079 = CARTESIAN_POINT ( 'NONE',  ( 0.8999999999999995781, 0.000000000000000000, -0.4999999999999994449 ) ) ;
#4080 = CARTESIAN_POINT ( 'NONE',  ( -1.539999999999999591, 0.000000000000000000, 0.3100000000000004419 ) ) ;
#4081 = VECTOR ( 'NONE', #2572, 1000.000000000000000 ) ;
#4082 = VERTEX_POINT ( 'NONE', #1716 ) ;
#4083 = ORIENTED_EDGE ( 'NONE', *, *, #2218, .T. ) ;
#4084 = CIRCLE ( 'NONE', #3180, 0.1249999999999998890 ) ;
#4085 = DIRECTION ( 'NONE',  ( 0.000000000000000000, 0.000000000000000000, -1.000000000000000000 ) ) ;
#4086 = CARTESIAN_POINT ( 'NONE',  ( -1.426794919243111970, 1.700000000000000178, -1.149999999999999689 ) ) ;
#4087 = CARTESIAN_POINT ( 'NONE',  ( -1.599999999999999645, 1.700000000000000178, -1.249999999999999778 ) ) ;
#4088 = EDGE_CURVE ( 'NONE', #739, #3869, #1896, .T. ) ;
#4089 = ADVANCED_FACE ( 'NONE', ( #575 ), #540, .F. ) ;
#4090 = CARTESIAN_POINT ( 'NONE',  ( -0.5999999999999996447, 0.4500000000000000111, -1.149999999999999467 ) ) ;
#4091 = VERTEX_POINT ( 'NONE', #94 ) ;
#4092 = CARTESIAN_POINT ( 'NONE',  ( -1.450000000000000844, 5.640054944640261247, -1.050000000000000488 ) ) ;
#4093 = VERTEX_POINT ( 'NONE', #1497 ) ;
#4094 = AXIS2_PLACEMENT_3D ( 'NONE', #3469, #3763, #916 ) ;
#4095 = DIRECTION ( 'NONE',  ( 1.000000000000000000, -0.000000000000000000, 0.000000000000000000 ) ) ;
#4096 = FACE_OUTER_BOUND ( 'NONE', #3290, .T. ) ;
#4097 = CARTESIAN_POINT ( 'NONE',  ( 1.539999999999999591, 0.000000000000000000, -0.3100000000000004419 ) ) ;
#4098 = ORIENTED_EDGE ( 'NONE', *, *, #623, .T. ) ;
#4099 = VERTEX_POINT ( 'NONE', #3134 ) ;
#4100 = CARTESIAN_POINT ( 'NONE',  ( -1.400000000000000355, 0.000000000000000000, 0.4999999999999994449 ) ) ;
#4101 = AXIS2_PLACEMENT_3D ( 'NONE', #2765, #3381, #2441 ) ;
#4102 = VECTOR ( 'NONE', #1802, 1000.000000000000000 ) ;
#4103 = ORIENTED_EDGE ( 'NONE', *, *, #1047, .F. ) ;
#4104 = DIRECTION ( 'NONE',  ( -0.000000000000000000, -0.000000000000000000, -1.000000000000000000 ) ) ;
#4105 = CYLINDRICAL_SURFACE ( 'NONE', #784, 0.1000000000000000472 ) ;
#4106 = DIRECTION ( 'NONE',  ( 1.000000000000000000, 0.000000000000000000, 1.204669080539455309E-15 ) ) ;
#4107 = CARTESIAN_POINT ( 'NONE',  ( -1.599999999999999645, 1.700000000000000178, -1.049999999999999822 ) ) ;
#4108 = CARTESIAN_POINT ( 'NONE',  ( -1.426794919243111970, 0.000000000000000000, -1.149999999999999689 ) ) ;
#4109 = CIRCLE ( 'NONE', #3893, 0.1999999999999998723 ) ;
#4110 = ORIENTED_EDGE ( 'NONE', *, *, #190, .T. ) ;
#4111 = COLOUR_RGB ( '',0.7921568627450980005, 0.8196078431372548767, 0.9333333333333333481 ) ;
#4112 = AXIS2_PLACEMENT_3D ( 'NONE', #3438, #3734, #942 ) ;
#4113 = DIRECTION ( 'NONE',  ( -0.7071067811865436870, 0.000000000000000000, 0.7071067811865513475 ) ) ;
#4114 = DIRECTION ( 'NONE',  ( 0.000000000000000000, -1.000000000000000000, 0.000000000000000000 ) ) ;
#4115 = EDGE_CURVE ( 'NONE', #1209, #2506, #1837, .T. ) ;
#4116 = DIRECTION ( 'NONE',  ( 0.000000000000000000, -1.000000000000000000, 0.000000000000000000 ) ) ;
#4117 = ORIENTED_EDGE ( 'NONE', *, *, #455, .F. ) ;
#4118 = VERTEX_POINT ( 'NONE', #3077 ) ;
#4119 = EDGE_CURVE ( 'NONE', #3450, #2240, #1929, .T. ) ;
#4120 = DIRECTION ( 'NONE',  ( 0.000000000000000000, -0.000000000000000000, -1.000000000000000000 ) ) ;
#4121 = ADVANCED_FACE ( 'NONE', ( #469 ), #1369, .F. ) ;
#4122 = LINE ( 'NONE', #2826, #2886 ) ;
#4123 = CARTESIAN_POINT ( 'NONE',  ( 0.5999999999999996447, 0.000000000000000000, -0.7999999999999994893 ) ) ;
#4124 = EDGE_CURVE ( 'NONE', #3389, #3470, #475, .T. ) ;
#4125 = ORIENTED_EDGE ( 'NONE', *, *, #145, .F. ) ;
#4126 = LINE ( 'NONE', #1190, #2752 ) ;
#4127 = CIRCLE ( 'NONE', #2714, 0.04999999999999969746 ) ;
#4128 = ORIENTED_EDGE ( 'NONE', *, *, #1656, .F. ) ;
#4129 = VERTEX_POINT ( 'NONE', #3702 ) ;
#4130 = CARTESIAN_POINT ( 'NONE',  ( -0.5999999999999999778, 0.000000000000000000, 1.149999999999999023 ) ) ;
#4131 = NEXT_ASSEMBLY_USAGE_OCCURRENCE ( 'NAUO1', ' ', ' ', #3603, #3411, $ ) ;
ENDSEC;
END-ISO-10303-21;
