ISO-10303-21;
HEADER;
FILE_DESCRIPTION (( 'STEP AP214' ),
    '1' );
FILE_NAME ('ECS-3225MVLC-040-CN-TR.STEP',
    '2024-10-31T19:45:08',
    ( '' ),
    ( '' ),
    'SwSTEP 2.0',
    'SolidWorks 2021',
    '' );
FILE_SCHEMA (( 'AUTOMOTIVE_DESIGN' ));
ENDSEC;

DATA;
#1 = EDGE_CURVE ( 'NONE', #236, #3209, #2211, .T. ) ;
#2 = DIRECTION ( 'NONE',  ( 0.000000000000000000, -1.000000000000000000, 0.000000000000000000 ) ) ;
#3 = ADVANCED_FACE ( 'NONE', ( #2224 ), #3354, .F. ) ;
#4 = ORIENTED_EDGE ( 'NONE', *, *, #327, .F. ) ;
#5 = VECTOR ( 'NONE', #3373, 1000.000000000000000 ) ;
#6 = CARTESIAN_POINT ( 'NONE',  ( 0.6000000000000001998, 0.4999999999999998890, 0.4999999999999997780 ) ) ;
#7 = CARTESIAN_POINT ( 'NONE',  ( 1.350000000000000311, 1.149999999999999689, -1.099999999999999867 ) ) ;
#8 = VERTEX_POINT ( 'NONE', #1458 ) ;
#9 = FACE_OUTER_BOUND ( 'NONE', #1123, .T. ) ;
#10 = VECTOR ( 'NONE', #4579, 1000.000000000000000 ) ;
#11 = ORIENTED_EDGE ( 'NONE', *, *, #3135, .T. ) ;
#12 = DIRECTION ( 'NONE',  ( 1.000000000000000000, 0.000000000000000000, 0.000000000000000000 ) ) ;
#13 = ORIENTED_EDGE ( 'NONE', *, *, #2554, .T. ) ;
#14 = DIRECTION ( 'NONE',  ( 0.000000000000000000, 0.000000000000000000, 1.000000000000000000 ) ) ;
#15 = VECTOR ( 'NONE', #121, 1000.000000000000000 ) ;
#16 = CARTESIAN_POINT ( 'NONE',  ( -1.549999999999991385, 0.000000000000000000, 0.000000000000000000 ) ) ;
#17 = TOROIDAL_SURFACE ( 'NONE', #3347, 0.1499999999999997724, 0.05000000000000000278 ) ;
#18 = DIRECTION ( 'NONE',  ( 0.000000000000000000, 0.000000000000000000, -1.000000000000000000 ) ) ;
#19 = ORIENTED_EDGE ( 'NONE', *, *, #4711, .T. ) ;
#20 = CARTESIAN_POINT ( 'NONE',  ( 0.6000000000000000888, 0.000000000000000000, -1.149999999999999689 ) ) ;
#21 = DIRECTION ( 'NONE',  ( -0.000000000000000000, 1.000000000000000000, 0.000000000000000000 ) ) ;
#22 = CARTESIAN_POINT ( 'NONE',  ( 1.450000000000000400, 1.149999999999999689, -1.000000000000000000 ) ) ;
#23 = EDGE_CURVE ( 'NONE', #3332, #1219, #1520, .T. ) ;
#24 = ADVANCED_FACE ( 'NONE', ( #1173 ), #548, .F. ) ;
#25 = VECTOR ( 'NONE', #3314, 1000.000000000000000 ) ;
#26 = DIRECTION ( 'NONE',  ( 1.668003342285391551E-16, 0.000000000000000000, -1.000000000000000000 ) ) ;
#27 = VERTEX_POINT ( 'NONE', #1314 ) ;
#28 = CARTESIAN_POINT ( 'NONE',  ( 1.350000000000000311, 1.099999999999999867, -1.000000000000000000 ) ) ;
#29 = EDGE_CURVE ( 'NONE', #1937, #3332, #3400, .T. ) ;
#30 = CARTESIAN_POINT ( 'NONE',  ( 0.5999999999999984235, 0.4999999999999998890, -0.4999999999999997780 ) ) ;
#31 = DIRECTION ( 'NONE',  ( 1.000000000000000000, -0.000000000000000000, -1.606225440719265874E-16 ) ) ;
#32 = ORIENTED_EDGE ( 'NONE', *, *, #3756, .F. ) ;
#33 = LINE ( 'NONE', #1083, #3474 ) ;
#34 = VECTOR ( 'NONE', #2397, 1000.000000000000000 ) ;
#35 = ORIENTED_EDGE ( 'NONE', *, *, #4178, .T. ) ;
#36 = ORIENTED_EDGE ( 'NONE', *, *, #3765, .F. ) ;
#37 = CARTESIAN_POINT ( 'NONE',  ( -1.004584529893781442, 1.149999999999999911, 0.6868262879948838773 ) ) ;
#38 = AXIS2_PLACEMENT_3D ( 'NONE', #67, #2247, #3339 ) ;
#39 = CIRCLE ( 'NONE', #1151, 0.2500000000000000000 ) ;
#40 = DIRECTION ( 'NONE',  ( 1.000000000000000000, -0.000000000000000000, 0.000000000000000000 ) ) ;
#41 = ORIENTED_EDGE ( 'NONE', *, *, #4279, .F. ) ;
#42 = CIRCLE ( 'NONE', #4674, 0.2500000000000000000 ) ;
#43 = FACE_OUTER_BOUND ( 'NONE', #1667, .T. ) ;
#44 = CARTESIAN_POINT ( 'NONE',  ( 1.600000000000000089, 0.4999999999999998890, -0.9999999999999997780 ) ) ;
#45 = AXIS2_PLACEMENT_3D ( 'NONE', #4254, #982, #2095 ) ;
#46 = DIRECTION ( 'NONE',  ( -0.000000000000000000, 1.000000000000000000, -0.000000000000000000 ) ) ;
#47 = CIRCLE ( 'NONE', #1936, 0.04999999999999991257 ) ;
#48 = FACE_OUTER_BOUND ( 'NONE', #4122, .T. ) ;
#49 = DIRECTION ( 'NONE',  ( -0.000000000000000000, -1.000000000000000000, 0.000000000000000000 ) ) ;
#50 = EDGE_CURVE ( 'NONE', #1434, #707, #1596, .T. ) ;
#51 = ORIENTED_EDGE ( 'NONE', *, *, #3364, .T. ) ;
#52 = VECTOR ( 'NONE', #4638, 1000.000000000000000 ) ;
#53 = AXIS2_PLACEMENT_3D ( 'NONE', #376, #40, #2492 ) ;
#54 = LINE ( 'NONE', #2916, #2437 ) ;
#55 = CARTESIAN_POINT ( 'NONE',  ( -1.600000000000000089, 0.000000000000000000, -0.5750000000000083933 ) ) ;
#56 = ORIENTED_EDGE ( 'NONE', *, *, #2975, .F. ) ;
#57 = DIRECTION ( 'NONE',  ( 1.000000000000000000, 0.000000000000000000, 0.000000000000000000 ) ) ;
#58 = VERTEX_POINT ( 'NONE', #3057 ) ;
#59 = DIRECTION ( 'NONE',  ( 0.000000000000000000, 0.000000000000000000, 1.000000000000000000 ) ) ;
#60 = PLANE ( 'NONE',  #1770 ) ;
#61 = ORIENTED_EDGE ( 'NONE', *, *, #4503, .F. ) ;
#62 = EDGE_CURVE ( 'NONE', #1493, #2432, #4530, .T. ) ;
#63 = LINE ( 'NONE', #1483, #408 ) ;
#64 = DIRECTION ( 'NONE',  ( -5.204170427930421283E-15, 0.000000000000000000, 1.000000000000000000 ) ) ;
#65 = VERTEX_POINT ( 'NONE', #1642 ) ;
#66 = DIRECTION ( 'NONE',  ( 0.000000000000000000, -0.000000000000000000, 1.000000000000000000 ) ) ;
#67 = CARTESIAN_POINT ( 'NONE',  ( -0.6000000000000000888, 1.750000000000001332, -1.149999999999999689 ) ) ;
#68 = DIRECTION ( 'NONE',  ( 0.000000000000000000, 0.000000000000000000, 1.000000000000000000 ) ) ;
#69 = ORIENTED_EDGE ( 'NONE', *, *, #1216, .F. ) ;
#70 = CIRCLE ( 'NONE', #2245, 0.1499999999999999667 ) ;
#71 = CIRCLE ( 'NONE', #1890, 0.2500000000000000000 ) ;
#72 = PLANE ( 'NONE',  #2037 ) ;
#73 = DIRECTION ( 'NONE',  ( -1.734723475976509221E-13, 0.000000000000000000, 1.000000000000000000 ) ) ;
#74 = ORIENTED_EDGE ( 'NONE', *, *, #1762, .T. ) ;
#75 = CARTESIAN_POINT ( 'NONE',  ( -1.350000000000000311, 1.149999999999999689, 0.9999999999999995559 ) ) ;
#76 = DIRECTION ( 'NONE',  ( -0.000000000000000000, -1.000000000000000000, -0.000000000000000000 ) ) ;
#77 = ORIENTED_EDGE ( 'NONE', *, *, #3027, .T. ) ;
#78 = CARTESIAN_POINT ( 'NONE',  ( 1.450000000000000400, 1.199999999999999956, 0.9999999999999995559 ) ) ;
#79 = EDGE_CURVE ( 'NONE', #110, #4536, #4578, .T. ) ;
#80 = EDGE_CURVE ( 'NONE', #434, #2493, #3366, .T. ) ;
#81 = VERTEX_POINT ( 'NONE', #527 ) ;
#82 = DIRECTION ( 'NONE',  ( 0.000000000000000000, -1.000000000000000000, 0.000000000000000000 ) ) ;
#83 = CARTESIAN_POINT ( 'NONE',  ( 1.370871215252208009, 0.4999999999999997780, 1.149999999999999911 ) ) ;
#84 = LINE ( 'NONE', #4437, #1527 ) ;
#85 = ORIENTED_EDGE ( 'NONE', *, *, #4297, .F. ) ;
#86 = VECTOR ( 'NONE', #2328, 1000.000000000000000 ) ;
#87 = ORIENTED_EDGE ( 'NONE', *, *, #1480, .F. ) ;
#88 = CARTESIAN_POINT ( 'NONE',  ( 1.350000000000000311, 0.9999999999999997780, -1.099999999999999867 ) ) ;
#89 = AXIS2_PLACEMENT_3D ( 'NONE', #2234, #46, #1115 ) ;
#90 =( NAMED_UNIT ( * ) SI_UNIT ( $, .STERADIAN. ) SOLID_ANGLE_UNIT ( ) );
#91 = ORIENTED_EDGE ( 'NONE', *, *, #1543, .F. ) ;
#92 = AXIS2_PLACEMENT_3D ( 'NONE', #4337, #2455, #1746 ) ;
#93 = DIRECTION ( 'NONE',  ( 0.000000000000000000, 0.000000000000000000, -1.000000000000000000 ) ) ;
#94 = EDGE_CURVE ( 'NONE', #4418, #2966, #2327, .T. ) ;
#95 = CARTESIAN_POINT ( 'NONE',  ( -0.5999999999999998668, 0.000000000000000000, 0.6999999999999997335 ) ) ;
#96 = ORIENTED_EDGE ( 'NONE', *, *, #435, .T. ) ;
#97 = DIRECTION ( 'NONE',  ( 0.000000000000000000, 1.000000000000000000, 0.000000000000000000 ) ) ;
#98 = ORIENTED_EDGE ( 'NONE', *, *, #1646, .F. ) ;
#99 = LINE ( 'NONE', #2965, #2709 ) ;
#100 = ORIENTED_EDGE ( 'NONE', *, *, #4300, .F. ) ;
#101 = DIRECTION ( 'NONE',  ( -0.000000000000000000, -1.000000000000000000, 0.000000000000000000 ) ) ;
#102 = CARTESIAN_POINT ( 'NONE',  ( 1.600000000000000089, 0.4999999999999997780, 1.099999999999999867 ) ) ;
#103 = ORIENTED_EDGE ( 'NONE', *, *, #4192, .T. ) ;
#104 = ADVANCED_FACE ( 'NONE', ( #1969 ), #3774, .F. ) ;
#105 = CARTESIAN_POINT ( 'NONE',  ( 0.6000000000000000888, 0.000000000000000000, 1.149999999999999689 ) ) ;
#106 = VECTOR ( 'NONE', #2079, 1000.000000000000000 ) ;
#107 = ORIENTED_EDGE ( 'NONE', *, *, #1566, .F. ) ;
#108 = CARTESIAN_POINT ( 'NONE',  ( 1.600000000000000089, 0.9999999999999997780, 0.000000000000000000 ) ) ;
#109 = CIRCLE ( 'NONE', #2832, 0.2000000000000000944 ) ;
#110 = VERTEX_POINT ( 'NONE', #2742 ) ;
#111 = CARTESIAN_POINT ( 'NONE',  ( -1.500000000000000000, 0.4999999999999998890, -1.020871215252207698 ) ) ;
#112 = ADVANCED_FACE ( 'NONE', ( #1622 ), #710, .T. ) ;
#113 = VECTOR ( 'NONE', #1369, 1000.000000000000000 ) ;
#114 = ORIENTED_EDGE ( 'NONE', *, *, #4631, .F. ) ;
#115 = LINE ( 'NONE', #4427, #721 ) ;
#116 = DIRECTION ( 'NONE',  ( 0.000000000000000000, 0.000000000000000000, 1.000000000000000000 ) ) ;
#117 = ORIENTED_EDGE ( 'NONE', *, *, #515, .F. ) ;
#118 = VERTEX_POINT ( 'NONE', #3469 ) ;
#119 = EDGE_CURVE ( 'NONE', #669, #2751, #930, .T. ) ;
#120 = MECHANICAL_DESIGN_GEOMETRIC_PRESENTATION_REPRESENTATION (  '', ( #573 ), #502 ) ;
#121 = DIRECTION ( 'NONE',  ( -0.000000000000000000, -0.000000000000000000, 1.000000000000000000 ) ) ;
#122 = AXIS2_PLACEMENT_3D ( 'NONE', #2540, #2515, #2560 ) ;
#123 = ORIENTED_EDGE ( 'NONE', *, *, #3783, .F. ) ;
#124 = CARTESIAN_POINT ( 'NONE',  ( 1.350000000000000311, 1.149999999999999689, 1.099999999999999645 ) ) ;
#125 = AXIS2_PLACEMENT_3D ( 'NONE', #626, #3147, #1321 ) ;
#126 = ORIENTED_EDGE ( 'NONE', *, *, #2618, .F. ) ;
#127 = CARTESIAN_POINT ( 'NONE',  ( 0.6000000000000001998, 0.4999999999999997780, 0.4999999999999997780 ) ) ;
#128 = ORIENTED_EDGE ( 'NONE', *, *, #253, .F. ) ;
#129 =( GEOMETRIC_REPRESENTATION_CONTEXT ( 3 ) GLOBAL_UNCERTAINTY_ASSIGNED_CONTEXT ( ( #3294 ) ) GLOBAL_UNIT_ASSIGNED_CONTEXT ( ( #769, #3957, #375 ) ) REPRESENTATION_CONTEXT ( 'NONE', 'WORKASPACE' ) );
#130 = VERTEX_POINT ( 'NONE', #3083 ) ;
#131 = LINE ( 'NONE', #1883, #1925 ) ;
#132 = DIRECTION ( 'NONE',  ( 0.000000000000000000, -0.000000000000000000, -1.000000000000000000 ) ) ;
#133 = ORIENTED_EDGE ( 'NONE', *, *, #2883, .T. ) ;
#134 = DIRECTION ( 'NONE',  ( 0.000000000000000000, 0.000000000000000000, -1.000000000000000000 ) ) ;
#135 = ADVANCED_FACE ( 'NONE', ( #3137 ), #2030, .F. ) ;
#136 = ORIENTED_EDGE ( 'NONE', *, *, #3614, .T. ) ;
#137 = ADVANCED_FACE ( 'NONE', ( #1263 ), #876, .T. ) ;
#138 = DIRECTION ( 'NONE',  ( 1.000000000000000000, 0.000000000000000000, 0.000000000000000000 ) ) ;
#139 = ORIENTED_EDGE ( 'NONE', *, *, #1269, .T. ) ;
#140 = CARTESIAN_POINT ( 'NONE',  ( -1.004584529893781442, 1.149999999999999911, 0.8392932168146247651 ) ) ;
#141 = DIRECTION ( 'NONE',  ( 1.000000000000000000, 0.000000000000000000, 0.000000000000000000 ) ) ;
#142 = CARTESIAN_POINT ( 'NONE',  ( 1.599999999999998312, 0.4999999999999997780, -1.100000000000000755 ) ) ;
#143 = ADVANCED_FACE ( 'NONE', ( #3752 ), #219, .T. ) ;
#144 = ORIENTED_EDGE ( 'NONE', *, *, #3028, .F. ) ;
#145 = CARTESIAN_POINT ( 'NONE',  ( 1.600000000000000089, 0.000000000000000000, 0.5750000000000083933 ) ) ;
#146 = AXIS2_PLACEMENT_3D ( 'NONE', #2215, #3673, #437 ) ;
#147 = CARTESIAN_POINT ( 'NONE',  ( -1.450000000000000178, 0.9999999999999997780, -1.249999999999999778 ) ) ;
#148 = CARTESIAN_POINT ( 'NONE',  ( -1.350000000000000311, 1.149999999999999689, -1.149999999999999245 ) ) ;
#149 = ORIENTED_EDGE ( 'NONE', *, *, #3133, .F. ) ;
#150 = CARTESIAN_POINT ( 'NONE',  ( -1.600000000000000089, 0.9999999999999997780, 0.000000000000000000 ) ) ;
#151 = CYLINDRICAL_SURFACE ( 'NONE', #1615, 0.09999999999999982514 ) ;
#152 = VECTOR ( 'NONE', #2791, 1000.000000000000000 ) ;
#153 = VERTEX_POINT ( 'NONE', #4169 ) ;
#154 = DIRECTION ( 'NONE',  ( 0.000000000000000000, -1.000000000000000000, 0.000000000000000000 ) ) ;
#155 = CARTESIAN_POINT ( 'NONE',  ( -1.600000000000000089, 0.4999999999999997780, 0.9999999999999997780 ) ) ;
#156 = FACE_OUTER_BOUND ( 'NONE', #3920, .T. ) ;
#157 = SURFACE_STYLE_FILL_AREA ( #3761 ) ;
#158 = ORIENTED_EDGE ( 'NONE', *, *, #2893, .T. ) ;
#159 = AXIS2_PLACEMENT_3D ( 'NONE', #819, #3718, #1514 ) ;
#160 = FACE_OUTER_BOUND ( 'NONE', #301, .T. ) ;
#161 = ORIENTED_EDGE ( 'NONE', *, *, #4425, .T. ) ;
#162 = DIRECTION ( 'NONE',  ( -0.000000000000000000, -1.000000000000000000, -0.000000000000000000 ) ) ;
#163 = CIRCLE ( 'NONE', #1576, 0.1000000000000000472 ) ;
#164 = CARTESIAN_POINT ( 'NONE',  ( -1.500000000000000222, 1.149999999999999689, 0.9999999999999995559 ) ) ;
#165 = AXIS2_PLACEMENT_3D ( 'NONE', #1839, #66, #1555 ) ;
#166 = ORIENTED_EDGE ( 'NONE', *, *, #290, .F. ) ;
#167 = EDGE_CURVE ( 'NONE', #558, #1649, #3036, .T. ) ;
#168 = AXIS2_PLACEMENT_3D ( 'NONE', #2587, #4424, #134 ) ;
#169 = DIRECTION ( 'NONE',  ( 0.000000000000000000, 1.000000000000000000, 0.000000000000000000 ) ) ;
#170 =( NAMED_UNIT ( * ) PLANE_ANGLE_UNIT ( ) SI_UNIT ( $, .RADIAN. ) );
#171 = DIRECTION ( 'NONE',  ( -1.000000000000000000, -0.000000000000000000, 0.000000000000000000 ) ) ;
#172 = VERTEX_POINT ( 'NONE', #941 ) ;
#173 = EDGE_CURVE ( 'NONE', #4159, #962, #1951, .T. ) ;
#174 = DIRECTION ( 'NONE',  ( 0.000000000000000000, 0.000000000000000000, -1.000000000000000000 ) ) ;
#175 = DIRECTION ( 'NONE',  ( 0.000000000000000000, 0.000000000000000000, -1.000000000000000000 ) ) ;
#176 = CARTESIAN_POINT ( 'NONE',  ( -1.500000000000000000, 0.000000000000000000, 0.4999999999999997780 ) ) ;
#177 = ORIENTED_EDGE ( 'NONE', *, *, #1842, .T. ) ;
#178 = CARTESIAN_POINT ( 'NONE',  ( 1.599999999999998312, 0.000000000000000000, -1.249999999999999778 ) ) ;
#179 = EDGE_CURVE ( 'NONE', #704, #4698, #1846, .T. ) ;
#180 = VERTEX_POINT ( 'NONE', #2889 ) ;
#181 = DIRECTION ( 'NONE',  ( -0.7071067811865479058, 0.000000000000000000, -0.7071067811865471286 ) ) ;
#182 = LINE ( 'NONE', #3065, #3671 ) ;
#183 = ORIENTED_EDGE ( 'NONE', *, *, #3389, .F. ) ;
#184 = AXIS2_PLACEMENT_3D ( 'NONE', #460, #785, #1900 ) ;
#185 = VECTOR ( 'NONE', #4620, 1000.000000000000000 ) ;
#186 = PLANE ( 'NONE',  #1779 ) ;
#187 = ORIENTED_EDGE ( 'NONE', *, *, #2321, .T. ) ;
#188 = DIRECTION ( 'NONE',  ( 0.000000000000000000, 0.000000000000000000, -1.000000000000000000 ) ) ;
#189 = AXIS2_PLACEMENT_3D ( 'NONE', #3675, #540, #3415 ) ;
#190 = FACE_OUTER_BOUND ( 'NONE', #346, .T. ) ;
#191 = ORIENTED_EDGE ( 'NONE', *, *, #1541, .T. ) ;
#192 = AXIS2_PLACEMENT_3D ( 'NONE', #3745, #141, #4137 ) ;
#193 = AXIS2_PLACEMENT_3D ( 'NONE', #360, #1791, #1225 ) ;
#194 = CARTESIAN_POINT ( 'NONE',  ( -1.500000000000000000, 0.4999999999999998890, -0.4999999999999997780 ) ) ;
#195 = CARTESIAN_POINT ( 'NONE',  ( 1.599999999999998312, 0.000000000000000000, -1.249999999999999778 ) ) ;
#196 = CIRCLE ( 'NONE', #2448, 0.05000000000000002359 ) ;
#197 = EDGE_LOOP ( 'NONE', ( #4268, #1039, #3872, #2356 ) ) ;
#198 = AXIS2_PLACEMENT_3D ( 'NONE', #1525, #811, #1070 ) ;
#199 = DIRECTION ( 'NONE',  ( 1.000000000000000000, -0.000000000000000000, 1.501203008056852445E-15 ) ) ;
#200 = DIRECTION ( 'NONE',  ( 0.000000000000000000, 0.000000000000000000, 1.000000000000000000 ) ) ;
#201 = CARTESIAN_POINT ( 'NONE',  ( -1.600000000000000089, 1.750000000000001332, -1.099999999999999867 ) ) ;
#202 = ORIENTED_EDGE ( 'NONE', *, *, #2860, .T. ) ;
#203 = AXIS2_PLACEMENT_3D ( 'NONE', #3097, #1276, #4276 ) ;
#204 = CARTESIAN_POINT ( 'NONE',  ( -1.450000000000000400, 0.9999999999999997780, 0.9999999999999995559 ) ) ;
#205 = ORIENTED_EDGE ( 'NONE', *, *, #482, .F. ) ;
#206 = CARTESIAN_POINT ( 'NONE',  ( -0.6000000000000000888, 0.000000000000000000, -1.149999999999999689 ) ) ;
#207 = EDGE_CURVE ( 'NONE', #1166, #1089, #3511, .T. ) ;
#208 = DIRECTION ( 'NONE',  ( -0.000000000000000000, -1.000000000000000000, -0.000000000000000000 ) ) ;
#209 = ORIENTED_EDGE ( 'NONE', *, *, #4125, .F. ) ;
#210 = DIRECTION ( 'NONE',  ( -0.000000000000000000, -1.000000000000000000, -0.000000000000000000 ) ) ;
#211 = ORIENTED_EDGE ( 'NONE', *, *, #3978, .F. ) ;
#212 = DIRECTION ( 'NONE',  ( 0.000000000000000000, 0.000000000000000000, 1.000000000000000000 ) ) ;
#213 = CARTESIAN_POINT ( 'NONE',  ( -1.600000000000000089, 0.9999999999999997780, -1.099999999999999867 ) ) ;
#214 = LINE ( 'NONE', #2317, #4375 ) ;
#215 = DIRECTION ( 'NONE',  ( -1.000000000000000000, 0.000000000000000000, 0.000000000000000000 ) ) ;
#216 = EDGE_LOOP ( 'NONE', ( #4085, #2625, #4565, #3433 ) ) ;
#217 = CARTESIAN_POINT ( 'NONE',  ( 1.600000000000008749, 0.9999999999999997780, -0.3250000000000000111 ) ) ;
#218 = ORIENTED_EDGE ( 'NONE', *, *, #4042, .F. ) ;
#219 = PLANE ( 'NONE',  #634 ) ;
#220 = DIRECTION ( 'NONE',  ( -1.000000000000000000, 0.000000000000000000, -0.000000000000000000 ) ) ;
#221 = ORIENTED_EDGE ( 'NONE', *, *, #348, .F. ) ;
#222 = EDGE_CURVE ( 'NONE', #748, #4456, #2147, .T. ) ;
#223 = CARTESIAN_POINT ( 'NONE',  ( 1.600000000000000089, 0.4999999999999998890, 1.249999999999999778 ) ) ;
#224 = EDGE_CURVE ( 'NONE', #904, #385, #4130, .T. ) ;
#225 = CARTESIAN_POINT ( 'NONE',  ( -1.350000000000000089, 0.4999999999999998890, -1.249999999999999778 ) ) ;
#226 = ORIENTED_EDGE ( 'NONE', *, *, #4481, .F. ) ;
#227 = LINE ( 'NONE', #1703, #3371 ) ;
#228 = CARTESIAN_POINT ( 'NONE',  ( 0.6000000000000000888, 0.000000000000000000, -1.149999999999999689 ) ) ;
#229 = VERTEX_POINT ( 'NONE', #4285 ) ;
#230 = CARTESIAN_POINT ( 'NONE',  ( 1.550000000000000266, 1.099999999999999867, 0.9999999999999995559 ) ) ;
#231 = VERTEX_POINT ( 'NONE', #1798 ) ;
#232 = DIRECTION ( 'NONE',  ( 0.000000000000000000, 1.000000000000000000, 0.000000000000000000 ) ) ;
#233 = AXIS2_PLACEMENT_3D ( 'NONE', #1030, #4258, #312 ) ;
#234 = ADVANCED_FACE ( 'NONE', ( #4644 ), #294, .T. ) ;
#235 = EDGE_CURVE ( 'NONE', #4654, #449, #3181, .T. ) ;
#236 = VERTEX_POINT ( 'NONE', #3916 ) ;
#237 = FACE_OUTER_BOUND ( 'NONE', #216, .T. ) ;
#238 = CARTESIAN_POINT ( 'NONE',  ( -1.600000000000000089, 0.9999999999999997780, 0.000000000000000000 ) ) ;
#239 = CARTESIAN_POINT ( 'NONE',  ( -1.600000000000000089, 0.000000000000000000, -0.9999999999999997780 ) ) ;
#240 = VECTOR ( 'NONE', #2706, 1000.000000000000000 ) ;
#241 = EDGE_CURVE ( 'NONE', #2460, #479, #663, .T. ) ;
#242 = CIRCLE ( 'NONE', #165, 0.04999999999999991257 ) ;
#243 = LINE ( 'NONE', #2394, #2399 ) ;
#244 = AXIS2_PLACEMENT_3D ( 'NONE', #2073, #3483, #3529 ) ;
#245 = EDGE_LOOP ( 'NONE', ( #2582, #3286, #4, #3897 ) ) ;
#246 = AXIS2_PLACEMENT_3D ( 'NONE', #1772, #694, #3489 ) ;
#247 = CARTESIAN_POINT ( 'NONE',  ( -0.6000000000000000888, 0.4999999999999998890, -1.149999999999999689 ) ) ;
#248 = DIRECTION ( 'NONE',  ( 0.000000000000000000, 0.000000000000000000, -1.000000000000000000 ) ) ;
#249 = ORIENTED_EDGE ( 'NONE', *, *, #2098, .F. ) ;
#250 = VECTOR ( 'NONE', #1575, 1000.000000000000000 ) ;
#251 = ORIENTED_EDGE ( 'NONE', *, *, #905, .F. ) ;
#252 = CARTESIAN_POINT ( 'NONE',  ( 1.500000000000000000, 0.000000000000000000, -1.020871215252207698 ) ) ;
#253 = EDGE_CURVE ( 'NONE', #4223, #2686, #1401, .T. ) ;
#254 = DIRECTION ( 'NONE',  ( 0.000000000000000000, -0.000000000000000000, 1.000000000000000000 ) ) ;
#255 = ORIENTED_EDGE ( 'NONE', *, *, #4529, .T. ) ;
#256 = ORIENTED_EDGE ( 'NONE', *, *, #1144, .T. ) ;
#257 = PRESENTATION_STYLE_ASSIGNMENT (( #3926 ) ) ;
#258 = CARTESIAN_POINT ( 'NONE',  ( -1.550000000000000488, 1.149999999999999689, -0.9999999999999997780 ) ) ;
#259 = CARTESIAN_POINT ( 'NONE',  ( -0.8000000000000000444, 0.4999999999999997780, 0.4999999999999997780 ) ) ;
#260 = CYLINDRICAL_SURFACE ( 'NONE', #2664, 0.2500000000000000000 ) ;
#261 = DIRECTION ( 'NONE',  ( 0.000000000000000000, -1.000000000000000000, 0.000000000000000000 ) ) ;
#262 = CLOSED_SHELL ( 'NONE', ( #3693, #3010, #1383, #3211, #3873, #4650, #2415, #575, #2287, #2379, #135, #3089, #2537, #291, #2737, #2942, #1186, #3769, #2238, #2219, #457, #2045, #4627, #3106, #4065, #2610 ) ) ;
#263 = DIRECTION ( 'NONE',  ( 1.000000000000000000, -0.000000000000000000, 0.000000000000000000 ) ) ;
#264 = EDGE_CURVE ( 'NONE', #2022, #1716, #341, .T. ) ;
#265 = AXIS2_PLACEMENT_3D ( 'NONE', #4144, #4600, #1572 ) ;
#266 = CIRCLE ( 'NONE', #1371, 0.2500000000000000000 ) ;
#267 = ADVANCED_FACE ( 'NONE', ( #4628 ), #4336, .F. ) ;
#268 = ORIENTED_EDGE ( 'NONE', *, *, #3300, .T. ) ;
#269 = VECTOR ( 'NONE', #4182, 1000.000000000000000 ) ;
#270 = CARTESIAN_POINT ( 'NONE',  ( 1.450000000000000178, 0.9999999999999997780, 1.249999999999999778 ) ) ;
#271 = CARTESIAN_POINT ( 'NONE',  ( -1.450000000000000178, 0.4999999999999997780, 1.249999999999999778 ) ) ;
#272 = VECTOR ( 'NONE', #303, 1000.000000000000000 ) ;
#273 = DIRECTION ( 'NONE',  ( 0.000000000000000000, 0.000000000000000000, 1.000000000000000000 ) ) ;
#274 = EDGE_LOOP ( 'NONE', ( #1003, #4129, #1331, #3239 ) ) ;
#275 = AXIS2_PLACEMENT_3D ( 'NONE', #1479, #834, #1522 ) ;
#276 = AXIS2_PLACEMENT_3D ( 'NONE', #3496, #2776, #254 ) ;
#277 = FACE_OUTER_BOUND ( 'NONE', #3143, .T. ) ;
#278 = ORIENTED_EDGE ( 'NONE', *, *, #3133, .T. ) ;
#279 = AXIS2_PLACEMENT_3D ( 'NONE', #711, #3232, #4404 ) ;
#280 = CARTESIAN_POINT ( 'NONE',  ( -1.600000000000000089, 0.000000000000000000, 1.249999999999999778 ) ) ;
#281 = ORIENTED_EDGE ( 'NONE', *, *, #2939, .T. ) ;
#282 = DIRECTION ( 'NONE',  ( 1.668003342285391551E-16, 0.000000000000000000, -1.000000000000000000 ) ) ;
#283 = ORIENTED_EDGE ( 'NONE', *, *, #2796, .T. ) ;
#284 = AXIS2_PLACEMENT_3D ( 'NONE', #589, #557, #2092 ) ;
#285 = ORIENTED_EDGE ( 'NONE', *, *, #3581, .T. ) ;
#286 = DIRECTION ( 'NONE',  ( -0.000000000000000000, -1.000000000000000000, 0.000000000000000000 ) ) ;
#287 = CARTESIAN_POINT ( 'NONE',  ( -0.6000000000000000888, 0.4999999999999997780, -1.149999999999999689 ) ) ;
#288 = CARTESIAN_POINT ( 'NONE',  ( -1.600000000000000089, 0.9999999999999997780, 0.2749999999999912514 ) ) ;
#289 = ADVANCED_FACE ( 'NONE', ( #1332 ), #1058, .F. ) ;
#290 = EDGE_CURVE ( 'NONE', #1243, #58, #4263, .T. ) ;
#291 = ADVANCED_FACE ( 'NONE', ( #3611 ), #3260, .T. ) ;
#292 = ORIENTED_EDGE ( 'NONE', *, *, #222, .T. ) ;
#293 = EDGE_CURVE ( 'NONE', #2976, #4582, #2423, .T. ) ;
#294 = PLANE ( 'NONE',  #2825 ) ;
#295 = CARTESIAN_POINT ( 'NONE',  ( -1.350000000000000089, 1.750000000000001332, 1.249999999999999778 ) ) ;
#296 = LINE ( 'NONE', #1242, #3030 ) ;
#297 = ORIENTED_EDGE ( 'NONE', *, *, #653, .T. ) ;
#298 = FACE_OUTER_BOUND ( 'NONE', #2173, .T. ) ;
#299 = PLANE ( 'NONE',  #522 ) ;
#300 = AXIS2_PLACEMENT_3D ( 'NONE', #2617, #4388, #4408 ) ;
#301 = EDGE_LOOP ( 'NONE', ( #3694, #211, #114, #859 ) ) ;
#302 = FACE_BOUND ( 'NONE', #1889, .T. ) ;
#303 = DIRECTION ( 'NONE',  ( -0.000000000000000000, -1.000000000000000000, -0.000000000000000000 ) ) ;
#304 = ORIENTED_EDGE ( 'NONE', *, *, #2675, .F. ) ;
#305 = CARTESIAN_POINT ( 'NONE',  ( 1.599999999999998312, 1.750000000000001332, -1.249999999999999778 ) ) ;
#306 = ORIENTED_EDGE ( 'NONE', *, *, #2857, .T. ) ;
#307 = ORIENTED_EDGE ( 'NONE', *, *, #2882, .T. ) ;
#308 = PLANE ( 'NONE',  #427 ) ;
#309 = CYLINDRICAL_SURFACE ( 'NONE', #423, 0.1499999999999999667 ) ;
#310 = FACE_OUTER_BOUND ( 'NONE', #1177, .T. ) ;
#311 = DIRECTION ( 'NONE',  ( 0.000000000000000000, -1.000000000000000000, 0.000000000000000000 ) ) ;
#312 = DIRECTION ( 'NONE',  ( 0.000000000000000000, 0.000000000000000000, 1.000000000000000000 ) ) ;
#313 = EDGE_CURVE ( 'NONE', #442, #4104, #1744, .T. ) ;
#314 = ORIENTED_EDGE ( 'NONE', *, *, #806, .T. ) ;
#315 = AXIS2_PLACEMENT_3D ( 'NONE', #1347, #1027, #1734 ) ;
#316 = DIRECTION ( 'NONE',  ( -0.000000000000000000, -1.000000000000000000, 0.000000000000000000 ) ) ;
#317 = FACE_OUTER_BOUND ( 'NONE', #4247, .T. ) ;
#318 = CIRCLE ( 'NONE', #837, 0.2500000000000000000 ) ;
#319 = ORIENTED_EDGE ( 'NONE', *, *, #2981, .F. ) ;
#320 = EDGE_CURVE ( 'NONE', #397, #4033, #784, .T. ) ;
#321 = FACE_OUTER_BOUND ( 'NONE', #3703, .T. ) ;
#322 = PLANE ( 'NONE',  #4606 ) ;
#323 = CARTESIAN_POINT ( 'NONE',  ( -1.600000000000008749, 0.9999999999999997780, -0.3250000000000000111 ) ) ;
#324 = DIRECTION ( 'NONE',  ( 0.000000000000000000, 0.000000000000000000, 1.000000000000000000 ) ) ;
#325 = ORIENTED_EDGE ( 'NONE', *, *, #965, .F. ) ;
#326 = ORIENTED_EDGE ( 'NONE', *, *, #2663, .F. ) ;
#327 = EDGE_CURVE ( 'NONE', #1751, #4654, #1035, .T. ) ;
#328 =( LENGTH_UNIT ( ) NAMED_UNIT ( * ) SI_UNIT ( .MILLI., .METRE. ) );
#329 = DIRECTION ( 'NONE',  ( 0.000000000000000000, -1.000000000000000000, 0.000000000000000000 ) ) ;
#330 = EDGE_LOOP ( 'NONE', ( #1415, #2745, #2814, #4584 ) ) ;
#331 = CARTESIAN_POINT ( 'NONE',  ( 0.6000000000000000888, 0.4999999999999997780, -1.149999999999999689 ) ) ;
#332 = DIRECTION ( 'NONE',  ( 1.000000000000000000, 0.000000000000000000, 4.818676322157797375E-16 ) ) ;
#333 = FACE_OUTER_BOUND ( 'NONE', #4509, .T. ) ;
#334 = CARTESIAN_POINT ( 'NONE',  ( 1.599999999999998312, 0.4999999999999997780, -1.249999999999999778 ) ) ;
#335 = CARTESIAN_POINT ( 'NONE',  ( -1.500000000000000000, 1.750000000000001332, -1.020871215252207698 ) ) ;
#336 = LINE ( 'NONE', #1739, #605 ) ;
#337 = ORIENTED_EDGE ( 'NONE', *, *, #2938, .F. ) ;
#338 = CARTESIAN_POINT ( 'NONE',  ( -0.6000000000000000888, 0.000000000000000000, -1.149999999999999689 ) ) ;
#339 = LINE ( 'NONE', #1797, #1865 ) ;
#340 = ADVANCED_FACE ( 'NONE', ( #190 ), #4431, .T. ) ;
#341 = LINE ( 'NONE', #2865, #2978 ) ;
#342 = VECTOR ( 'NONE', #4240, 1000.000000000000000 ) ;
#343 = VERTEX_POINT ( 'NONE', #2193 ) ;
#344 = CARTESIAN_POINT ( 'NONE',  ( -1.600000000000000089, 0.9999999999999997780, -1.249999999999999778 ) ) ;
#345 = CIRCLE ( 'NONE', #1768, 0.1999999999999997613 ) ;
#346 = EDGE_LOOP ( 'NONE', ( #1229, #1645, #974, #2171 ) ) ;
#347 = CARTESIAN_POINT ( 'NONE',  ( 1.599999999999998312, 1.750000000000001332, -1.249999999999999778 ) ) ;
#348 = EDGE_CURVE ( 'NONE', #2944, #2852, #1080, .T. ) ;
#349 = CYLINDRICAL_SURFACE ( 'NONE', #3061, 0.1000000000000000472 ) ;
#350 = ORIENTED_EDGE ( 'NONE', *, *, #290, .T. ) ;
#351 = CARTESIAN_POINT ( 'NONE',  ( -1.600000000000000089, 0.4999999999999997780, 1.099999999999999867 ) ) ;
#352 = ORIENTED_EDGE ( 'NONE', *, *, #4589, .T. ) ;
#353 = CARTESIAN_POINT ( 'NONE',  ( -1.350000000000000311, 1.149999999999999911, -1.050000000000000044 ) ) ;
#354 = AXIS2_PLACEMENT_3D ( 'NONE', #75, #97, #4110 ) ;
#355 = CARTESIAN_POINT ( 'NONE',  ( 1.450000000000000178, 0.4999999999999998890, -1.249999999999999778 ) ) ;
#356 = ORIENTED_EDGE ( 'NONE', *, *, #4213, .F. ) ;
#357 = CARTESIAN_POINT ( 'NONE',  ( -1.600000000000000089, 0.4999999999999998890, 1.249999999999999778 ) ) ;
#358 = AXIS2_PLACEMENT_3D ( 'NONE', #465, #2201, #1905 ) ;
#359 = DIRECTION ( 'NONE',  ( 0.000000000000000000, 0.000000000000000000, 1.000000000000000000 ) ) ;
#360 = CARTESIAN_POINT ( 'NONE',  ( 1.600000000000000089, 0.9999999999999997780, -1.249999999999999778 ) ) ;
#361 = AXIS2_PLACEMENT_3D ( 'NONE', #1045, #3596, #1788 ) ;
#362 = FACE_OUTER_BOUND ( 'NONE', #4465, .T. ) ;
#363 = ORIENTED_EDGE ( 'NONE', *, *, #746, .T. ) ;
#364 = FACE_OUTER_BOUND ( 'NONE', #618, .T. ) ;
#365 = CARTESIAN_POINT ( 'NONE',  ( 0.6000000000000000888, 1.750000000000001332, -1.149999999999999689 ) ) ;
#366 = PLANE ( 'NONE',  #2261 ) ;
#367 = ORIENTED_EDGE ( 'NONE', *, *, #892, .T. ) ;
#368 = CARTESIAN_POINT ( 'NONE',  ( 0.000000000000000000, 0.9999999999999997780, 1.249999999999999778 ) ) ;
#369 = ORIENTED_EDGE ( 'NONE', *, *, #2127, .F. ) ;
#370 = CARTESIAN_POINT ( 'NONE',  ( 1.599999999999998312, 0.000000000000000000, -1.249999999999999778 ) ) ;
#371 = LINE ( 'NONE', #2870, #3995 ) ;
#372 = PLANE ( 'NONE',  #3786 ) ;
#373 = ORIENTED_EDGE ( 'NONE', *, *, #1244, .T. ) ;
#374 = ADVANCED_FACE ( 'NONE', ( #1611 ), #3303, .F. ) ;
#375 =( NAMED_UNIT ( * ) SI_UNIT ( $, .STERADIAN. ) SOLID_ANGLE_UNIT ( ) );
#376 = CARTESIAN_POINT ( 'NONE',  ( 1.500000000000000000, 0.4999999999999998890, 1.020871215252207698 ) ) ;
#377 = ORIENTED_EDGE ( 'NONE', *, *, #1682, .T. ) ;
#378 = DIRECTION ( 'NONE',  ( -0.000000000000000000, -0.000000000000000000, -1.000000000000000000 ) ) ;
#379 = DIRECTION ( 'NONE',  ( 1.000000000000000000, 0.000000000000000000, 0.000000000000000000 ) ) ;
#380 = DIRECTION ( 'NONE',  ( 0.000000000000000000, 0.000000000000000000, -1.000000000000000000 ) ) ;
#381 = FILL_AREA_STYLE ('',( #2586 ) ) ;
#382 = EDGE_CURVE ( 'NONE', #3915, #1652, #1848, .T. ) ;
#383 = CARTESIAN_POINT ( 'NONE',  ( -1.600000000000000089, 0.000000000000000000, 1.249999999999999778 ) ) ;
#384 = VECTOR ( 'NONE', #1351, 1000.000000000000000 ) ;
#385 = VERTEX_POINT ( 'NONE', #4405 ) ;
#386 = ADVANCED_FACE ( 'NONE', ( #3435 ), #1451, .F. ) ;
#387 = DIRECTION ( 'NONE',  ( 0.000000000000000000, -0.000000000000000000, 1.000000000000000000 ) ) ;
#388 = VECTOR ( 'NONE', #4236, 1000.000000000000000 ) ;
#389 = PRESENTATION_STYLE_ASSIGNMENT (( #3259 ) ) ;
#390 = CARTESIAN_POINT ( 'NONE',  ( 1.450000000000000400, 1.199999999999999956, 0.9999999999999995559 ) ) ;
#391 = LINE ( 'NONE', #2890, #1420 ) ;
#392 = CIRCLE ( 'NONE', #901, 0.1499999999999990785 ) ;
#393 = ORIENTED_EDGE ( 'NONE', *, *, #1392, .T. ) ;
#394 = CARTESIAN_POINT ( 'NONE',  ( -1.350000000000000311, 1.199999999999999956, 1.099999999999999645 ) ) ;
#395 = AXIS2_PLACEMENT_3D ( 'NONE', #334, #2785, #4639 ) ;
#396 = CIRCLE ( 'NONE', #2959, 0.09999999999999982514 ) ;
#397 = VERTEX_POINT ( 'NONE', #164 ) ;
#398 = LINE ( 'NONE', #4390, #541 ) ;
#399 = ORIENTED_EDGE ( 'NONE', *, *, #4474, .T. ) ;
#400 = CARTESIAN_POINT ( 'NONE',  ( -1.600000000000000089, 0.000000000000000000, -0.9999999999999997780 ) ) ;
#401 = CIRCLE ( 'NONE', #3864, 0.05000000000000002359 ) ;
#402 = DIRECTION ( 'NONE',  ( 0.000000000000000000, 0.000000000000000000, 1.000000000000000000 ) ) ;
#403 = CARTESIAN_POINT ( 'NONE',  ( 1.549999999999991385, 0.9999999999999997780, -0.3250000000000000111 ) ) ;
#404 = EDGE_CURVE ( 'NONE', #2830, #3672, #54, .T. ) ;
#405 = ORIENTED_EDGE ( 'NONE', *, *, #4269, .T. ) ;
#406 = FACE_OUTER_BOUND ( 'NONE', #2248, .T. ) ;
#407 = CARTESIAN_POINT ( 'NONE',  ( -1.500000000000000000, 0.4999999999999997780, -1.020871215252207698 ) ) ;
#408 = VECTOR ( 'NONE', #790, 1000.000000000000000 ) ;
#409 = DIRECTION ( 'NONE',  ( 0.000000000000000000, 0.000000000000000000, 1.000000000000000000 ) ) ;
#410 = EDGE_CURVE ( 'NONE', #4074, #1526, #418, .T. ) ;
#411 = VERTEX_POINT ( 'NONE', #1473 ) ;
#412 = DIRECTION ( 'NONE',  ( 1.000000000000000000, 0.000000000000000000, -0.000000000000000000 ) ) ;
#413 = CARTESIAN_POINT ( 'NONE',  ( -1.350000000000000311, 1.149999999999999689, -1.099999999999999867 ) ) ;
#414 = EDGE_CURVE ( 'NONE', #2131, #3368, #4131, .T. ) ;
#415 = ORIENTED_EDGE ( 'NONE', *, *, #905, .T. ) ;
#416 = AXIS2_PLACEMENT_3D ( 'NONE', #2656, #3077, #4132 ) ;
#417 = DIRECTION ( 'NONE',  ( 1.000000000000000000, 0.000000000000000000, -0.000000000000000000 ) ) ;
#418 = CIRCLE ( 'NONE', #560, 0.1000000000000000472 ) ;
#419 = ORIENTED_EDGE ( 'NONE', *, *, #2133, .T. ) ;
#420 = LINE ( 'NONE', #766, #2639 ) ;
#421 = DIRECTION ( 'NONE',  ( -1.000000000000000000, -0.000000000000000000, -0.000000000000000000 ) ) ;
#422 = ORIENTED_EDGE ( 'NONE', *, *, #3815, .F. ) ;
#423 = AXIS2_PLACEMENT_3D ( 'NONE', #1277, #931, #2442 ) ;
#424 = DIRECTION ( 'NONE',  ( 1.084202172485504927E-16, 0.000000000000000000, 1.000000000000000000 ) ) ;
#425 = PLANE ( 'NONE',  #53 ) ;
#426 = ORIENTED_EDGE ( 'NONE', *, *, #879, .T. ) ;
#427 = AXIS2_PLACEMENT_3D ( 'NONE', #2544, #3964, #629 ) ;
#428 = DIRECTION ( 'NONE',  ( -1.000000000000000000, 0.000000000000000000, 0.000000000000000000 ) ) ;
#429 = DIRECTION ( 'NONE',  ( -0.000000000000000000, -1.000000000000000000, -0.000000000000000000 ) ) ;
#430 = VECTOR ( 'NONE', #4294, 1000.000000000000000 ) ;
#431 = AXIS2_PLACEMENT_3D ( 'NONE', #1436, #4370, #2536 ) ;
#432 = VERTEX_POINT ( 'NONE', #1120 ) ;
#433 = LINE ( 'NONE', #1820, #1494 ) ;
#434 = VERTEX_POINT ( 'NONE', #1588 ) ;
#435 = EDGE_CURVE ( 'NONE', #1624, #4290, #2574, .T. ) ;
#436 = EDGE_CURVE ( 'NONE', #4663, #544, #4287, .T. ) ;
#437 = DIRECTION ( 'NONE',  ( 0.000000000000000000, -0.000000000000000000, 1.000000000000000000 ) ) ;
#438 = EDGE_CURVE ( 'NONE', #852, #4434, #3584, .T. ) ;
#439 = VECTOR ( 'NONE', #1836, 1000.000000000000000 ) ;
#440 = CARTESIAN_POINT ( 'NONE',  ( -1.549999999999991385, 0.000000000000000000, 0.5249999999999999112 ) ) ;
#441 = DIRECTION ( 'NONE',  ( 0.000000000000000000, 0.000000000000000000, -1.000000000000000000 ) ) ;
#442 = VERTEX_POINT ( 'NONE', #2551 ) ;
#443 = CARTESIAN_POINT ( 'NONE',  ( -0.6000000000000000888, 0.4999999999999998890, 1.149999999999999689 ) ) ;
#444 = DIRECTION ( 'NONE',  ( 2.502005013428087277E-15, -0.000000000000000000, -1.000000000000000000 ) ) ;
#445 = CARTESIAN_POINT ( 'NONE',  ( -1.450000000000000400, 1.199999999999999956, -0.9999999999999997780 ) ) ;
#446 = DIRECTION ( 'NONE',  ( 0.000000000000000000, 0.000000000000000000, 1.000000000000000000 ) ) ;
#447 = ORIENTED_EDGE ( 'NONE', *, *, #1001, .F. ) ;
#448 = CARTESIAN_POINT ( 'NONE',  ( -0.6000000000000009770, 0.4999999999999998890, -0.4999999999999997780 ) ) ;
#449 = VERTEX_POINT ( 'NONE', #440 ) ;
#450 = DIRECTION ( 'NONE',  ( -0.000000000000000000, -1.000000000000000000, -0.000000000000000000 ) ) ;
#451 = DIRECTION ( 'NONE',  ( 0.000000000000000000, 0.000000000000000000, -1.000000000000000000 ) ) ;
#452 = SURFACE_STYLE_FILL_AREA ( #381 ) ;
#453 = UNCERTAINTY_MEASURE_WITH_UNIT (LENGTH_MEASURE( 1.000000000000000082E-05 ), #1077, 'distance_accuracy_value', 'NONE');
#454 = CARTESIAN_POINT ( 'NONE',  ( 1.350000000000000311, 1.149999999999999689, -1.099999999999999867 ) ) ;
#455 = ORIENTED_EDGE ( 'NONE', *, *, #1329, .F. ) ;
#456 = EDGE_LOOP ( 'NONE', ( #3329, #4105, #2845, #4084 ) ) ;
#457 = ADVANCED_FACE ( 'NONE', ( #4162 ), #1368, .T. ) ;
#458 = VERTEX_POINT ( 'NONE', #4001 ) ;
#459 = PLANE ( 'NONE',  #1886 ) ;
#460 = CARTESIAN_POINT ( 'NONE',  ( 1.600000000000000089, 0.4999999999999997780, 1.249999999999999778 ) ) ;
#461 = DIRECTION ( 'NONE',  ( 0.000000000000000000, 0.000000000000000000, 1.000000000000000000 ) ) ;
#462 = CARTESIAN_POINT ( 'NONE',  ( -1.350000000000000311, 1.149999999999999911, 1.099999999999999645 ) ) ;
#463 = EDGE_CURVE ( 'NONE', #2113, #1926, #2684, .T. ) ;
#464 = EDGE_LOOP ( 'NONE', ( #1103, #3451, #2244, #1254, #128, #2290 ) ) ;
#465 = CARTESIAN_POINT ( 'NONE',  ( 1.400000000000000355, 1.149999999999999911, -1.000000000000000000 ) ) ;
#466 = VECTOR ( 'NONE', #116, 1000.000000000000000 ) ;
#467 = AXIS2_PLACEMENT_3D ( 'NONE', #3333, #2620, #4095 ) ;
#468 = VERTEX_POINT ( 'NONE', #1496 ) ;
#469 = CARTESIAN_POINT ( 'NONE',  ( 1.350000000000000089, 0.000000000000000000, 1.249999999999999778 ) ) ;
#470 = DIRECTION ( 'NONE',  ( 0.000000000000000000, 0.000000000000000000, 1.000000000000000000 ) ) ;
#471 = STYLED_ITEM ( 'NONE', ( #2906 ), #2550 ) ;
#472 = ADVANCED_FACE ( 'NONE', ( #2962 ), #3629, .F. ) ;
#473 = VERTEX_POINT ( 'NONE', #2318 ) ;
#474 = FACE_OUTER_BOUND ( 'NONE', #871, .T. ) ;
#475 = ORIENTED_EDGE ( 'NONE', *, *, #2239, .T. ) ;
#476 = DIRECTION ( 'NONE',  ( 1.000000000000000000, 0.000000000000000000, 0.000000000000000000 ) ) ;
#477 = CARTESIAN_POINT ( 'NONE',  ( -1.350000000000000311, 1.149999999999999689, -1.199999999999999289 ) ) ;
#478 = ORIENTED_EDGE ( 'NONE', *, *, #2054, .F. ) ;
#479 = VERTEX_POINT ( 'NONE', #760 ) ;
#480 = CARTESIAN_POINT ( 'NONE',  ( -1.450000000000000178, 0.4999999999999998890, 1.249999999999999778 ) ) ;
#481 = VERTEX_POINT ( 'NONE', #2024 ) ;
#482 = EDGE_CURVE ( 'NONE', #2137, #2402, #609, .T. ) ;
#483 = DIRECTION ( 'NONE',  ( -0.000000000000000000, -1.000000000000000000, -0.000000000000000000 ) ) ;
#484 = ORIENTED_EDGE ( 'NONE', *, *, #2035, .T. ) ;
#485 = AXIS2_PLACEMENT_3D ( 'NONE', #1466, #2565, #4036 ) ;
#486 = VERTEX_POINT ( 'NONE', #3547 ) ;
#487 = DIRECTION ( 'NONE',  ( 0.000000000000000000, 0.000000000000000000, -1.000000000000000000 ) ) ;
#488 = VECTOR ( 'NONE', #3847, 1000.000000000000000 ) ;
#489 = EDGE_CURVE ( 'NONE', #4249, #1954, #3100, .T. ) ;
#490 = ORIENTED_EDGE ( 'NONE', *, *, #119, .F. ) ;
#491 = DIRECTION ( 'NONE',  ( 0.000000000000000000, -1.000000000000000000, 0.000000000000000000 ) ) ;
#492 = CIRCLE ( 'NONE', #3142, 0.1499999999999999667 ) ;
#493 = VERTEX_POINT ( 'NONE', #2416 ) ;
#494 = VECTOR ( 'NONE', #4472, 1000.000000000000000 ) ;
#495 = MECHANICAL_DESIGN_GEOMETRIC_PRESENTATION_REPRESENTATION (  '', ( #638 ), #2145 ) ;
#496 = EDGE_CURVE ( 'NONE', #1217, #2190, #563, .T. ) ;
#497 = ORIENTED_EDGE ( 'NONE', *, *, #4279, .T. ) ;
#498 = LINE ( 'NONE', #3789, #3869 ) ;
#499 = VERTEX_POINT ( 'NONE', #2390 ) ;
#500 = CIRCLE ( 'NONE', #3750, 0.1499999999999997446 ) ;
#501 = ORIENTED_EDGE ( 'NONE', *, *, #1961, .F. ) ;
#502 =( GEOMETRIC_REPRESENTATION_CONTEXT ( 3 ) GLOBAL_UNCERTAINTY_ASSIGNED_CONTEXT ( ( #2567 ) ) GLOBAL_UNIT_ASSIGNED_CONTEXT ( ( #4693, #2915, #3940 ) ) REPRESENTATION_CONTEXT ( 'NONE', 'WORKASPACE' ) );
#503 = DIRECTION ( 'NONE',  ( 0.000000000000000000, -1.000000000000000000, 0.000000000000000000 ) ) ;
#504 = STYLED_ITEM ( 'NONE', ( #610 ), #4083 ) ;
#505 = ORIENTED_EDGE ( 'NONE', *, *, #1056, .T. ) ;
#506 = DIRECTION ( 'NONE',  ( 1.000000000000000000, 0.000000000000000000, 0.000000000000000000 ) ) ;
#507 = AXIS2_PLACEMENT_3D ( 'NONE', #2439, #652, #3837 ) ;
#508 = CARTESIAN_POINT ( 'NONE',  ( 0.6000000000000000888, 1.750000000000001332, 1.149999999999999689 ) ) ;
#509 = LINE ( 'NONE', #2351, #691 ) ;
#510 = VERTEX_POINT ( 'NONE', #3153 ) ;
#511 = ORIENTED_EDGE ( 'NONE', *, *, #3035, .T. ) ;
#512 = CARTESIAN_POINT ( 'NONE',  ( 1.350000000000000311, 1.149999999999999689, 1.099999999999999645 ) ) ;
#513 = ADVANCED_FACE ( 'NONE', ( #1661 ), #309, .F. ) ;
#514 = PLANE ( 'NONE',  #3816 ) ;
#515 = EDGE_CURVE ( 'NONE', #1062, #2265, #1709, .T. ) ;
#516 = VERTEX_POINT ( 'NONE', #1302 ) ;
#517 = FACE_OUTER_BOUND ( 'NONE', #3000, .T. ) ;
#518 = ORIENTED_EDGE ( 'NONE', *, *, #1472, .F. ) ;
#519 = DIRECTION ( 'NONE',  ( 0.000000000000000000, 0.000000000000000000, 1.000000000000000000 ) ) ;
#520 = ORIENTED_EDGE ( 'NONE', *, *, #1211, .T. ) ;
#521 = ADVANCED_FACE ( 'NONE', ( #2806 ), #3841, .T. ) ;
#522 = AXIS2_PLACEMENT_3D ( 'NONE', #1063, #2510, #720 ) ;
#523 = DIRECTION ( 'NONE',  ( 0.000000000000000000, 0.000000000000000000, 1.000000000000000000 ) ) ;
#524 = LINE ( 'NONE', #1966, #3025 ) ;
#525 = ADVANCED_FACE ( 'NONE', ( #2094 ), #260, .T. ) ;
#526 = ORIENTED_EDGE ( 'NONE', *, *, #2595, .T. ) ;
#527 = CARTESIAN_POINT ( 'NONE',  ( -1.600000000000000089, 0.000000000000000000, 0.9999999999999997780 ) ) ;
#528 = CARTESIAN_POINT ( 'NONE',  ( 1.549999999999991385, 0.000000000000000000, -0.5249999999999999112 ) ) ;
#529 = CARTESIAN_POINT ( 'NONE',  ( 1.450000000000000400, 1.149999999999999689, 0.9999999999999995559 ) ) ;
#530 = EDGE_LOOP ( 'NONE', ( #550, #133, #3641, #648 ) ) ;
#531 = AXIS2_PLACEMENT_3D ( 'NONE', #3770, #2658, #1616 ) ;
#532 = TOROIDAL_SURFACE ( 'NONE', #4569, 0.05000000000000004441, 0.05000000000000000278 ) ;
#533 = ORIENTED_EDGE ( 'NONE', *, *, #3121, .T. ) ;
#534 = CARTESIAN_POINT ( 'NONE',  ( -1.600000000000000089, 0.4999999999999998890, 1.249999999999999778 ) ) ;
#535 = CARTESIAN_POINT ( 'NONE',  ( -1.450000000000000400, 0.9999999999999997780, -0.9999999999999997780 ) ) ;
#536 = VERTEX_POINT ( 'NONE', #3481 ) ;
#537 = CIRCLE ( 'NONE', #1198, 0.1000000000000000472 ) ;
#538 = CYLINDRICAL_SURFACE ( 'NONE', #168, 0.1499999999999999667 ) ;
#539 = PLANE ( 'NONE',  #2286 ) ;
#540 = DIRECTION ( 'NONE',  ( 1.000000000000000000, 0.000000000000000000, 0.000000000000000000 ) ) ;
#541 = VECTOR ( 'NONE', #1435, 1000.000000000000000 ) ;
#542 = AXIS2_PLACEMENT_3D ( 'NONE', #865, #1139, #797 ) ;
#543 = DIRECTION ( 'NONE',  ( 0.000000000000000000, 0.000000000000000000, 1.000000000000000000 ) ) ;
#544 = VERTEX_POINT ( 'NONE', #4233 ) ;
#545 = ADVANCED_FACE ( 'NONE', ( #3076 ), #1637, .T. ) ;
#546 = ORIENTED_EDGE ( 'NONE', *, *, #692, .T. ) ;
#547 = EDGE_CURVE ( 'NONE', #2428, #1147, #3173, .T. ) ;
#548 = CYLINDRICAL_SURFACE ( 'NONE', #1679, 0.2500000000000000000 ) ;
#549 = DIRECTION ( 'NONE',  ( 0.000000000000000000, 0.000000000000000000, -1.000000000000000000 ) ) ;
#550 = ORIENTED_EDGE ( 'NONE', *, *, #2133, .F. ) ;
#551 = ORIENTED_EDGE ( 'NONE', *, *, #382, .T. ) ;
#552 = CARTESIAN_POINT ( 'NONE',  ( 1.599999999999998312, 0.4999999999999998890, -1.249999999999999778 ) ) ;
#553 = LINE ( 'NONE', #995, #3604 ) ;
#554 = ORIENTED_EDGE ( 'NONE', *, *, #1754, .F. ) ;
#555 = CARTESIAN_POINT ( 'NONE',  ( -0.6000000000000009770, 0.000000000000000000, -0.4999999999999997780 ) ) ;
#556 = DIRECTION ( 'NONE',  ( 0.000000000000000000, 1.000000000000000000, 0.000000000000000000 ) ) ;
#557 = DIRECTION ( 'NONE',  ( 0.000000000000000000, 1.000000000000000000, 0.000000000000000000 ) ) ;
#558 = VERTEX_POINT ( 'NONE', #1256 ) ;
#559 = DIRECTION ( 'NONE',  ( 0.000000000000000000, 0.000000000000000000, -1.000000000000000000 ) ) ;
#560 = AXIS2_PLACEMENT_3D ( 'NONE', #3326, #4519, #744 ) ;
#561 = DIRECTION ( 'NONE',  ( 0.000000000000000000, 0.000000000000000000, 1.000000000000000000 ) ) ;
#562 = VERTEX_POINT ( 'NONE', #955 ) ;
#563 = CIRCLE ( 'NONE', #2441, 0.04999999999999991257 ) ;
#564 = DIRECTION ( 'NONE',  ( -1.734723475976509221E-13, 0.000000000000000000, 1.000000000000000000 ) ) ;
#565 = ADVANCED_FACE ( 'NONE', ( #3861 ), #2048, .F. ) ;
#566 = EDGE_CURVE ( 'NONE', #1595, #3375, #1008, .T. ) ;
#567 = VECTOR ( 'NONE', #2342, 1000.000000000000000 ) ;
#568 = ORIENTED_EDGE ( 'NONE', *, *, #4547, .F. ) ;
#569 = VECTOR ( 'NONE', #1209, 1000.000000000000000 ) ;
#570 = DIRECTION ( 'NONE',  ( 0.000000000000000000, 0.000000000000000000, -1.000000000000000000 ) ) ;
#571 = DIRECTION ( 'NONE',  ( -0.000000000000000000, -1.000000000000000000, -0.000000000000000000 ) ) ;
#572 = DIRECTION ( 'NONE',  ( 0.000000000000000000, 0.000000000000000000, -1.000000000000000000 ) ) ;
#573 = STYLED_ITEM ( 'NONE', ( #389 ), #3970 ) ;
#574 = ORIENTED_EDGE ( 'NONE', *, *, #3178, .F. ) ;
#575 = ADVANCED_FACE ( 'NONE', ( #237 ), #4253, .F. ) ;
#576 = AXIS2_PLACEMENT_3D ( 'NONE', #305, #3880, #2089 ) ;
#577 = FACE_OUTER_BOUND ( 'NONE', #3967, .T. ) ;
#578 = DIRECTION ( 'NONE',  ( 0.000000000000000000, -1.000000000000000000, 0.000000000000000000 ) ) ;
#579 = VECTOR ( 'NONE', #4088, 1000.000000000000000 ) ;
#580 = ORIENTED_EDGE ( 'NONE', *, *, #1725, .T. ) ;
#581 = DIRECTION ( 'NONE',  ( 0.000000000000000000, 0.000000000000000000, 1.000000000000000000 ) ) ;
#582 = AXIS2_PLACEMENT_3D ( 'NONE', #1069, #3592, #2514 ) ;
#583 = DIRECTION ( 'NONE',  ( 1.000000000000000000, -0.000000000000000000, -0.000000000000000000 ) ) ;
#584 = DIRECTION ( 'NONE',  ( 0.000000000000000000, -1.000000000000000000, 0.000000000000000000 ) ) ;
#585 = VERTEX_POINT ( 'NONE', #4183 ) ;
#586 = CARTESIAN_POINT ( 'NONE',  ( 0.6000000000000000888, 0.4999999999999998890, 1.149999999999999689 ) ) ;
#587 = ORIENTED_EDGE ( 'NONE', *, *, #2862, .T. ) ;
#588 = ADVANCED_FACE ( 'NONE', ( #4280 ), #2341, .T. ) ;
#589 = CARTESIAN_POINT ( 'NONE',  ( -1.350000000000000311, 0.9999999999999997780, 0.9999999999999995559 ) ) ;
#590 = CARTESIAN_POINT ( 'NONE',  ( 1.600000000000000089, 0.9999999999999997780, 1.099999999999999867 ) ) ;
#591 = DIRECTION ( 'NONE',  ( 0.7071067811865479058, -0.000000000000000000, 0.7071067811865472397 ) ) ;
#592 = DIRECTION ( 'NONE',  ( 0.000000000000000000, -1.000000000000000000, 0.000000000000000000 ) ) ;
#593 = PLANE ( 'NONE',  #1823 ) ;
#594 = ORIENTED_EDGE ( 'NONE', *, *, #3300, .F. ) ;
#595 = ADVANCED_FACE ( 'NONE', ( #4398 ), #1114, .T. ) ;
#596 = DIRECTION ( 'NONE',  ( 0.000000000000000000, -1.000000000000000000, 0.000000000000000000 ) ) ;
#597 = VERTEX_POINT ( 'NONE', #3931 ) ;
#598 = LINE ( 'NONE', #225, #4433 ) ;
#599 = ORIENTED_EDGE ( 'NONE', *, *, #2177, .T. ) ;
#600 = EDGE_CURVE ( 'NONE', #385, #153, #3272, .T. ) ;
#601 = CARTESIAN_POINT ( 'NONE',  ( 1.500000000000000000, 0.4999999999999997780, 0.4999999999999997780 ) ) ;
#602 = VERTEX_POINT ( 'NONE', #1389 ) ;
#603 = CARTESIAN_POINT ( 'NONE',  ( -1.350000000000000089, 0.4999999999999997780, 1.249999999999999778 ) ) ;
#604 = ORIENTED_EDGE ( 'NONE', *, *, #2076, .T. ) ;
#605 = VECTOR ( 'NONE', #2765, 1000.000000000000000 ) ;
#606 = CARTESIAN_POINT ( 'NONE',  ( -1.600000000000000089, 0.000000000000000000, -0.2749999999999914180 ) ) ;
#607 = LINE ( 'NONE', #1635, #269 ) ;
#608 = ADVANCED_FACE ( 'NONE', ( #406 ), #1840, .F. ) ;
#609 = LINE ( 'NONE', #1004, #1516 ) ;
#610 = PRESENTATION_STYLE_ASSIGNMENT (( #2443 ) ) ;
#611 = DIRECTION ( 'NONE',  ( 1.606225440719265874E-16, -0.000000000000000000, 1.000000000000000000 ) ) ;
#612 = DIRECTION ( 'NONE',  ( 0.000000000000000000, 0.000000000000000000, -1.000000000000000000 ) ) ;
#613 = AXIS2_PLACEMENT_3D ( 'NONE', #1975, #3144, #3120 ) ;
#614 = ORIENTED_EDGE ( 'NONE', *, *, #1, .T. ) ;
#615 = VECTOR ( 'NONE', #847, 1000.000000000000000 ) ;
#616 = DIRECTION ( 'NONE',  ( 1.000000000000000000, 0.000000000000000000, -1.606225440719265627E-16 ) ) ;
#617 = CARTESIAN_POINT ( 'NONE',  ( 1.500000000000000000, 1.750000000000001332, -1.020871215252207698 ) ) ;
#618 = EDGE_LOOP ( 'NONE', ( #2220, #166, #3814, #3719 ) ) ;
#619 = CARTESIAN_POINT ( 'NONE',  ( -1.600000000000008749, 0.9999999999999997780, -0.5249999999999999112 ) ) ;
#620 = EDGE_LOOP ( 'NONE', ( #1201, #3736, #1188, #2334 ) ) ;
#621 = DIRECTION ( 'NONE',  ( -0.000000000000000000, -1.000000000000000000, -0.000000000000000000 ) ) ;
#622 = CARTESIAN_POINT ( 'NONE',  ( -1.370871215252208009, 0.4999999999999998890, -1.149999999999999689 ) ) ;
#623 = EDGE_LOOP ( 'NONE', ( #2619, #2532, #1534, #3416 ) ) ;
#624 = ADVANCED_FACE ( 'NONE', ( #43 ), #1073, .F. ) ;
#625 = EDGE_CURVE ( 'NONE', #1207, #704, #734, .T. ) ;
#626 = CARTESIAN_POINT ( 'NONE',  ( -1.349999999999999867, 1.099999999999999867, 1.149999999999999689 ) ) ;
#627 = ORIENTED_EDGE ( 'NONE', *, *, #1253, .T. ) ;
#628 = CARTESIAN_POINT ( 'NONE',  ( -1.370871215252208009, 0.4999999999999997780, -1.149999999999999689 ) ) ;
#629 = DIRECTION ( 'NONE',  ( -1.000000000000000000, 0.000000000000000000, -0.000000000000000000 ) ) ;
#630 = DIRECTION ( 'NONE',  ( -1.000000000000000000, 0.000000000000000000, 0.000000000000000000 ) ) ;
#631 = DIRECTION ( 'NONE',  ( 0.000000000000000000, 1.000000000000000000, -0.000000000000000000 ) ) ;
#632 = DIRECTION ( 'NONE',  ( 0.000000000000000000, 0.000000000000000000, -1.000000000000000000 ) ) ;
#633 = EDGE_CURVE ( 'NONE', #4011, #2113, #1464, .T. ) ;
#634 = AXIS2_PLACEMENT_3D ( 'NONE', #508, #3423, #2691 ) ;
#635 = CARTESIAN_POINT ( 'NONE',  ( -1.600000000000008749, 0.9999999999999997780, 0.3249999999999998446 ) ) ;
#636 = VECTOR ( 'NONE', #2705, 1000.000000000000000 ) ;
#637 = ORIENTED_EDGE ( 'NONE', *, *, #1414, .F. ) ;
#638 = STYLED_ITEM ( 'NONE', ( #3606 ), #1036 ) ;
#639 = CARTESIAN_POINT ( 'NONE',  ( -1.549999999999991385, 0.9999999999999997780, 0.5249999999999999112 ) ) ;
#640 = LINE ( 'NONE', #3917, #1899 ) ;
#641 = AXIS2_PLACEMENT_3D ( 'NONE', #2878, #4377, #3291 ) ;
#642 = CARTESIAN_POINT ( 'NONE',  ( 1.500000000000000666, 1.099999999999999867, -0.9999999999999997780 ) ) ;
#643 = ORIENTED_EDGE ( 'NONE', *, *, #1393, .T. ) ;
#644 = DIRECTION ( 'NONE',  ( 0.000000000000000000, 0.000000000000000000, -1.000000000000000000 ) ) ;
#645 = ORIENTED_EDGE ( 'NONE', *, *, #4455, .T. ) ;
#646 = LINE ( 'NONE', #1752, #2716 ) ;
#647 = LINE ( 'NONE', #228, #4526 ) ;
#648 = ORIENTED_EDGE ( 'NONE', *, *, #851, .F. ) ;
#649 = COLOUR_RGB ( '',0.9686274509803921573, 0.8784313725490195957, 0.5999999999999999778 ) ;
#650 = CARTESIAN_POINT ( 'NONE',  ( 1.350000000000000311, 1.199999999999999956, 1.099999999999999645 ) ) ;
#651 = EDGE_LOOP ( 'NONE', ( #4020, #1918, #3542, #4331, #1112, #4224, #2156, #77, #1551, #352, #4590, #107, #447, #1054, #3963, #1949, #3714, #4023, #3426, #2538, #4483, #117, #2755, #2315, #126, #505, #1906, #4533, #3486, #1806, #1477, #1599, #1586, #187, #4676, #2581, #3819, #2395, #2060, #3956, #2863, #2305, #304, #2566, #3236 ) ) ;
#652 = DIRECTION ( 'NONE',  ( 0.000000000000000000, 1.000000000000000000, 0.000000000000000000 ) ) ;
#653 = EDGE_CURVE ( 'NONE', #987, #1208, #1442, .T. ) ;
#654 = VECTOR ( 'NONE', #998, 1000.000000000000000 ) ;
#655 = VERTEX_POINT ( 'NONE', #1095 ) ;
#656 = CARTESIAN_POINT ( 'NONE',  ( -0.6000000000000009770, 1.750000000000001332, -0.4999999999999997780 ) ) ;
#657 = FACE_OUTER_BOUND ( 'NONE', #1404, .T. ) ;
#658 = CARTESIAN_POINT ( 'NONE',  ( 0.000000000000000000, 0.000000000000000000, -1.249999999999999778 ) ) ;
#659 = DIRECTION ( 'NONE',  ( 0.000000000000000000, -1.000000000000000000, 0.000000000000000000 ) ) ;
#660 = EDGE_CURVE ( 'NONE', #2190, #544, #2747, .T. ) ;
#661 = ORIENTED_EDGE ( 'NONE', *, *, #3449, .F. ) ;
#662 = FACE_OUTER_BOUND ( 'NONE', #2781, .T. ) ;
#663 = LINE ( 'NONE', #270, #2355 ) ;
#664 = DIRECTION ( 'NONE',  ( 1.000000000000000000, 0.000000000000000000, 0.000000000000000000 ) ) ;
#665 = ADVANCED_FACE ( 'NONE', ( #2519 ), #2929, .F. ) ;
#666 = EDGE_LOOP ( 'NONE', ( #3289, #3003, #637, #991 ) ) ;
#667 = CARTESIAN_POINT ( 'NONE',  ( 0.5999999999999984235, 0.000000000000000000, -0.4999999999999997780 ) ) ;
#668 = AXIS2_PLACEMENT_3D ( 'NONE', #4581, #2746, #4222 ) ;
#669 = VERTEX_POINT ( 'NONE', #2564 ) ;
#670 = VECTOR ( 'NONE', #2166, 1000.000000000000000 ) ;
#671 = CARTESIAN_POINT ( 'NONE',  ( -1.600000000000000089, 0.9999999999999997780, 0.2749999999999912514 ) ) ;
#672 = FACE_OUTER_BOUND ( 'NONE', #3074, .T. ) ;
#673 = CARTESIAN_POINT ( 'NONE',  ( 1.350000000000000311, 1.099999999999999867, -1.199999999999999956 ) ) ;
#674 = ORIENTED_EDGE ( 'NONE', *, *, #3135, .F. ) ;
#675 = CARTESIAN_POINT ( 'NONE',  ( 1.400000000000000355, 1.199999999999999956, 0.9999999999999995559 ) ) ;
#676 = EDGE_LOOP ( 'NONE', ( #3654, #4498, #4201, #2934 ) ) ;
#677 =( NAMED_UNIT ( * ) PLANE_ANGLE_UNIT ( ) SI_UNIT ( $, .RADIAN. ) );
#678 = LINE ( 'NONE', #2111, #2997 ) ;
#679 = CARTESIAN_POINT ( 'NONE',  ( -1.550000000000000488, 1.149999999999999689, -0.9999999999999997780 ) ) ;
#680 = ORIENTED_EDGE ( 'NONE', *, *, #320, .F. ) ;
#681 = CARTESIAN_POINT ( 'NONE',  ( -1.350000000000000311, 1.149999999999999911, 1.049999999999999822 ) ) ;
#682 = CARTESIAN_POINT ( 'NONE',  ( -1.450000000000000400, 1.199999999999999956, 0.9999999999999995559 ) ) ;
#683 = CARTESIAN_POINT ( 'NONE',  ( 1.350000000000000311, 1.149999999999999689, -1.199999999999999734 ) ) ;
#684 = PRODUCT ( 'ECS-3225MVLC-040-CN-TR', 'ECS-3225MVLC-040-CN-TR', '', ( #2896 ) ) ;
#685 = CARTESIAN_POINT ( 'NONE',  ( 1.600000000000008749, 0.9999999999999997780, 0.3250000000000000111 ) ) ;
#686 = LINE ( 'NONE', #2188, #113 ) ;
#687 = CARTESIAN_POINT ( 'NONE',  ( -1.500000000000000000, 0.000000000000000000, -0.4999999999999997780 ) ) ;
#688 = ORIENTED_EDGE ( 'NONE', *, *, #4087, .T. ) ;
#689 = EDGE_CURVE ( 'NONE', #4634, #2082, #4324, .T. ) ;
#690 = VECTOR ( 'NONE', #1280, 1000.000000000000000 ) ;
#691 = VECTOR ( 'NONE', #4487, 1000.000000000000000 ) ;
#692 = EDGE_CURVE ( 'NONE', #1649, #1578, #4302, .T. ) ;
#693 = DIRECTION ( 'NONE',  ( 0.000000000000000000, 0.000000000000000000, -1.000000000000000000 ) ) ;
#694 = DIRECTION ( 'NONE',  ( 0.000000000000000000, 0.000000000000000000, -1.000000000000000000 ) ) ;
#695 = AXIS2_PLACEMENT_3D ( 'NONE', #1669, #1402, #4601 ) ;
#696 = VERTEX_POINT ( 'NONE', #2877 ) ;
#697 = DIRECTION ( 'NONE',  ( -1.000000000000000000, 0.000000000000000000, 0.000000000000000000 ) ) ;
#698 = ORIENTED_EDGE ( 'NONE', *, *, #3005, .T. ) ;
#699 = DIRECTION ( 'NONE',  ( 0.000000000000000000, -1.000000000000000000, 0.000000000000000000 ) ) ;
#700 = ORIENTED_EDGE ( 'NONE', *, *, #963, .F. ) ;
#701 = ORIENTED_EDGE ( 'NONE', *, *, #2107, .T. ) ;
#702 = FILL_AREA_STYLE_COLOUR ( '', #3530 ) ;
#703 = DIRECTION ( 'NONE',  ( 0.000000000000000000, 0.000000000000000000, -1.000000000000000000 ) ) ;
#704 = VERTEX_POINT ( 'NONE', #1026 ) ;
#705 = FACE_OUTER_BOUND ( 'NONE', #2623, .T. ) ;
#706 = CARTESIAN_POINT ( 'NONE',  ( -1.500000000000000000, 0.000000000000000000, 1.020871215252207698 ) ) ;
#707 = VERTEX_POINT ( 'NONE', #2904 ) ;
#708 = SURFACE_STYLE_USAGE ( .BOTH. , #1116 ) ;
#709 = EDGE_LOOP ( 'NONE', ( #35, #4025, #2895, #3215, #3278, #2913, #2730, #1582 ) ) ;
#710 = TOROIDAL_SURFACE ( 'NONE', #2280, 0.04999999999999993339, 0.05000000000000000278 ) ;
#711 = CARTESIAN_POINT ( 'NONE',  ( 0.6000000000000000888, 0.4999999999999998890, -1.149999999999999689 ) ) ;
#712 = PLANE ( 'NONE',  #4216 ) ;
#713 = EDGE_CURVE ( 'NONE', #118, #4221, #109, .T. ) ;
#714 = CARTESIAN_POINT ( 'NONE',  ( -0.6000000000000009770, 0.4999999999999997780, -0.4999999999999997780 ) ) ;
#715 = EDGE_CURVE ( 'NONE', #81, #2578, #2594, .T. ) ;
#716 = DIRECTION ( 'NONE',  ( 0.000000000000000000, 0.000000000000000000, -1.000000000000000000 ) ) ;
#717 = AXIS2_PLACEMENT_3D ( 'NONE', #3624, #3965, #379 ) ;
#718 = AXIS2_PLACEMENT_3D ( 'NONE', #2677, #1580, #3045 ) ;
#719 = VERTEX_POINT ( 'NONE', #2494 ) ;
#720 = DIRECTION ( 'NONE',  ( -1.000000000000000000, 0.000000000000000000, -0.000000000000000000 ) ) ;
#721 = VECTOR ( 'NONE', #476, 1000.000000000000000 ) ;
#722 = AXIS2_PLACEMENT_3D ( 'NONE', #3600, #1390, #359 ) ;
#723 = ORIENTED_EDGE ( 'NONE', *, *, #4383, .F. ) ;
#724 = DIRECTION ( 'NONE',  ( -0.000000000000000000, -1.000000000000000000, -0.000000000000000000 ) ) ;
#725 = EDGE_CURVE ( 'NONE', #1838, #1851, #788, .T. ) ;
#726 = EDGE_LOOP ( 'NONE', ( #2146, #256, #745, #4007 ) ) ;
#727 = ADVANCED_FACE ( 'NONE', ( #705 ), #2139, .T. ) ;
#728 = AXIS2_PLACEMENT_3D ( 'NONE', #2086, #1650, #3122 ) ;
#729 = LINE ( 'NONE', #4394, #3615 ) ;
#730 = CARTESIAN_POINT ( 'NONE',  ( 1.350000000000000311, 1.149999999999999689, -1.000000000000000000 ) ) ;
#731 = FACE_OUTER_BOUND ( 'NONE', #1355, .T. ) ;
#732 = ORIENTED_EDGE ( 'NONE', *, *, #4538, .F. ) ;
#733 = CARTESIAN_POINT ( 'NONE',  ( -0.5999999999999998668, 0.4999999999999998890, 0.6999999999999997335 ) ) ;
#734 = LINE ( 'NONE', #753, #1154 ) ;
#735 = VECTOR ( 'NONE', #1196, 1000.000000000000000 ) ;
#736 = CARTESIAN_POINT ( 'NONE',  ( -1.004584529893781442, 1.199999999999999956, 0.8392932168146247651 ) ) ;
#737 = EDGE_CURVE ( 'NONE', #3538, #787, #3642, .T. ) ;
#738 = LINE ( 'NONE', #3645, #2414 ) ;
#739 = AXIS2_PLACEMENT_3D ( 'NONE', #4349, #1071, #2541 ) ;
#740 = LINE ( 'NONE', #1076, #4567 ) ;
#741 = CARTESIAN_POINT ( 'NONE',  ( -1.600000000000000089, 0.4999999999999997780, 1.249999999999999778 ) ) ;
#742 = LINE ( 'NONE', #1868, #2879 ) ;
#743 = ORIENTED_EDGE ( 'NONE', *, *, #1113, .F. ) ;
#744 = DIRECTION ( 'NONE',  ( 0.000000000000000000, 0.000000000000000000, 1.000000000000000000 ) ) ;
#745 = ORIENTED_EDGE ( 'NONE', *, *, #4392, .T. ) ;
#746 = EDGE_CURVE ( 'NONE', #3907, #719, #345, .T. ) ;
#747 = FACE_OUTER_BOUND ( 'NONE', #2465, .T. ) ;
#748 = VERTEX_POINT ( 'NONE', #4443 ) ;
#749 = DIRECTION ( 'NONE',  ( -0.000000000000000000, -1.000000000000000000, 0.000000000000000000 ) ) ;
#750 = VERTEX_POINT ( 'NONE', #155 ) ;
#751 = CARTESIAN_POINT ( 'NONE',  ( 1.500000000000000000, 1.750000000000001332, -0.4999999999999997780 ) ) ;
#752 = ORIENTED_EDGE ( 'NONE', *, *, #1762, .F. ) ;
#753 = CARTESIAN_POINT ( 'NONE',  ( 1.450000000000000400, 1.149999999999999911, 0.9999999999999995559 ) ) ;
#754 = CARTESIAN_POINT ( 'NONE',  ( -1.500000000000000000, 1.750000000000001332, 0.4999999999999997780 ) ) ;
#755 = DIRECTION ( 'NONE',  ( 1.000000000000000000, 0.000000000000000000, 0.000000000000000000 ) ) ;
#756 = EDGE_LOOP ( 'NONE', ( #2469, #1271, #3472, #4141, #87, #771, #1184, #698 ) ) ;
#757 = EDGE_CURVE ( 'NONE', #3409, #3711, #1136, .T. ) ;
#758 = CARTESIAN_POINT ( 'NONE',  ( -1.500000000000000000, 0.000000000000000000, -1.020871215252207698 ) ) ;
#759 = ORIENTED_EDGE ( 'NONE', *, *, #2004, .T. ) ;
#760 = CARTESIAN_POINT ( 'NONE',  ( 1.450000000000000178, 0.4999999999999998890, 1.249999999999999778 ) ) ;
#761 = CARTESIAN_POINT ( 'NONE',  ( 1.350000000000000311, 0.9999999999999997780, -1.099999999999999867 ) ) ;
#762 = ORIENTED_EDGE ( 'NONE', *, *, #3352, .T. ) ;
#763 = CARTESIAN_POINT ( 'NONE',  ( 0.6000000000000001998, 0.4999999999999997780, 0.4999999999999997780 ) ) ;
#764 = VECTOR ( 'NONE', #2291, 1000.000000000000000 ) ;
#765 = EDGE_LOOP ( 'NONE', ( #2753, #3461, #599, #4609 ) ) ;
#766 = CARTESIAN_POINT ( 'NONE',  ( -1.600000000000000089, 0.4999999999999998890, 0.9999999999999997780 ) ) ;
#767 = PRODUCT_RELATED_PRODUCT_CATEGORY ( 'part', '', ( #684 ) ) ;
#768 = ORIENTED_EDGE ( 'NONE', *, *, #2792, .F. ) ;
#769 =( LENGTH_UNIT ( ) NAMED_UNIT ( * ) SI_UNIT ( .MILLI., .METRE. ) );
#770 = CARTESIAN_POINT ( 'NONE',  ( -1.350000000000000311, 0.9999999999999997780, 0.9999999999999995559 ) ) ;
#771 = ORIENTED_EDGE ( 'NONE', *, *, #241, .F. ) ;
#772 = DIRECTION ( 'NONE',  ( 0.000000000000000000, 0.000000000000000000, 1.000000000000000000 ) ) ;
#773 = EDGE_CURVE ( 'NONE', #4071, #1941, #2583, .T. ) ;
#774 = LINE ( 'NONE', #1761, #1006 ) ;
#775 = EDGE_CURVE ( 'NONE', #3903, #2237, #4510, .T. ) ;
#776 = LINE ( 'NONE', #1864, #2899 ) ;
#777 = CARTESIAN_POINT ( 'NONE',  ( 1.600000000000000089, 0.000000000000000000, 1.249999999999999778 ) ) ;
#778 = ORIENTED_EDGE ( 'NONE', *, *, #2584, .T. ) ;
#779 = DIRECTION ( 'NONE',  ( 0.000000000000000000, 0.000000000000000000, 1.000000000000000000 ) ) ;
#780 = CARTESIAN_POINT ( 'NONE',  ( 0.6000000000000001998, 0.4999999999999998890, 0.4999999999999997780 ) ) ;
#781 = ORIENTED_EDGE ( 'NONE', *, *, #4589, .F. ) ;
#782 = AXIS2_PLACEMENT_3D ( 'NONE', #3249, #429, #1863 ) ;
#783 = PLANE ( 'NONE',  #3405 ) ;
#784 = CIRCLE ( 'NONE', #1922, 0.1499999999999999667 ) ;
#785 = DIRECTION ( 'NONE',  ( 0.000000000000000000, -1.000000000000000000, 0.000000000000000000 ) ) ;
#786 = CARTESIAN_POINT ( 'NONE',  ( 1.450000000000000178, 0.4999999999999997780, 1.249999999999999778 ) ) ;
#787 = VERTEX_POINT ( 'NONE', #2606 ) ;
#788 = CIRCLE ( 'NONE', #717, 0.04999999999999991257 ) ;
#789 = LINE ( 'NONE', #3661, #3676 ) ;
#790 = DIRECTION ( 'NONE',  ( -4.818676322157797375E-16, -0.000000000000000000, 1.000000000000000000 ) ) ;
#791 = EDGE_LOOP ( 'NONE', ( #2891, #1503, #2200, #2980 ) ) ;
#792 = LINE ( 'NONE', #2231, #2800 ) ;
#793 = VECTOR ( 'NONE', #1843, 1000.000000000000000 ) ;
#794 = CARTESIAN_POINT ( 'NONE',  ( 0.6000000000000001998, 0.4999999999999998890, 0.4999999999999997780 ) ) ;
#795 = VECTOR ( 'NONE', #380, 1000.000000000000000 ) ;
#796 =( NAMED_UNIT ( * ) PLANE_ANGLE_UNIT ( ) SI_UNIT ( $, .RADIAN. ) );
#797 = DIRECTION ( 'NONE',  ( 0.000000000000000000, 0.000000000000000000, 1.000000000000000000 ) ) ;
#798 = EDGE_CURVE ( 'NONE', #2082, #2556, #3044, .T. ) ;
#799 = COLOUR_RGB ( '',0.2509803921568627416, 0.2509803921568627416, 0.2509803921568627416 ) ;
#800 = ORIENTED_EDGE ( 'NONE', *, *, #1908, .F. ) ;
#801 = CIRCLE ( 'NONE', #1382, 0.09999999999999993616 ) ;
#802 = CARTESIAN_POINT ( 'NONE',  ( 1.350000000000000311, 1.149999999999999689, 1.149999999999999245 ) ) ;
#803 = EDGE_CURVE ( 'NONE', #962, #1652, #131, .T. ) ;
#804 = VERTEX_POINT ( 'NONE', #882 ) ;
#805 = CARTESIAN_POINT ( 'NONE',  ( -1.004584529893781442, 1.149999999999999911, 0.6868262879948838773 ) ) ;
#806 = EDGE_CURVE ( 'NONE', #1858, #2041, #3361, .T. ) ;
#807 = ORIENTED_EDGE ( 'NONE', *, *, #1170, .F. ) ;
#808 = CARTESIAN_POINT ( 'NONE',  ( -1.549999999999991385, 0.000000000000000000, 0.3250000000000000111 ) ) ;
#809 = CARTESIAN_POINT ( 'NONE',  ( -1.350000000000000311, 0.9999999999999997780, -1.199999999999999289 ) ) ;
#810 = ORIENTED_EDGE ( 'NONE', *, *, #3986, .T. ) ;
#811 = DIRECTION ( 'NONE',  ( 0.000000000000000000, -1.000000000000000000, 0.000000000000000000 ) ) ;
#812 = DIRECTION ( 'NONE',  ( -0.000000000000000000, 1.000000000000000000, -0.000000000000000000 ) ) ;
#813 = ORIENTED_EDGE ( 'NONE', *, *, #3325, .T. ) ;
#814 = FACE_OUTER_BOUND ( 'NONE', #3906, .T. ) ;
#815 = ORIENTED_EDGE ( 'NONE', *, *, #224, .T. ) ;
#816 = AXIS2_PLACEMENT_3D ( 'NONE', #1356, #3537, #644 ) ;
#817 = EDGE_LOOP ( 'NONE', ( #1983, #1822, #2517, #2406 ) ) ;
#818 = FACE_OUTER_BOUND ( 'NONE', #1079, .T. ) ;
#819 = CARTESIAN_POINT ( 'NONE',  ( -1.600000000000000089, 0.9999999999999997780, 1.249999999999999778 ) ) ;
#820 = EDGE_LOOP ( 'NONE', ( #2543, #221 ) ) ;
#821 = ORIENTED_EDGE ( 'NONE', *, *, #2762, .F. ) ;
#822 = DIRECTION ( 'NONE',  ( -0.000000000000000000, 0.000000000000000000, -1.000000000000000000 ) ) ;
#823 = DIRECTION ( 'NONE',  ( 0.000000000000000000, -1.000000000000000000, 0.000000000000000000 ) ) ;
#824 = ADVANCED_FACE ( 'NONE', ( #1221 ), #1909, .F. ) ;
#825 = AXIS2_PLACEMENT_3D ( 'NONE', #4660, #1367, #3937 ) ;
#826 = ORIENTED_EDGE ( 'NONE', *, *, #3739, .T. ) ;
#827 = ADVANCED_FACE ( 'NONE', ( #814 ), #3710, .F. ) ;
#828 = AXIS2_PLACEMENT_3D ( 'NONE', #2376, #1988, #200 ) ;
#829 = DIRECTION ( 'NONE',  ( 0.000000000000000000, -1.000000000000000000, 0.000000000000000000 ) ) ;
#830 = CIRCLE ( 'NONE', #1040, 0.05000000000000858619 ) ;
#831 = EDGE_LOOP ( 'NONE', ( #4368, #4164, #1387, #2425 ) ) ;
#832 = CARTESIAN_POINT ( 'NONE',  ( -1.600000000000000089, 0.4999999999999998890, -0.9999999999999997780 ) ) ;
#833 = FACE_OUTER_BOUND ( 'NONE', #456, .T. ) ;
#834 = DIRECTION ( 'NONE',  ( -1.000000000000000000, 0.000000000000000000, 0.000000000000000000 ) ) ;
#835 = ORIENTED_EDGE ( 'NONE', *, *, #264, .F. ) ;
#836 = EDGE_CURVE ( 'NONE', #944, #2432, #266, .T. ) ;
#837 = AXIS2_PLACEMENT_3D ( 'NONE', #4102, #1220, #2723 ) ;
#838 = ORIENTED_EDGE ( 'NONE', *, *, #2337, .T. ) ;
#839 = CYLINDRICAL_SURFACE ( 'NONE', #4059, 0.1499999999999999667 ) ;
#840 = EDGE_LOOP ( 'NONE', ( #4090, #813, #4410, #3312 ) ) ;
#841 = VECTOR ( 'NONE', #2104, 1000.000000000000000 ) ;
#842 = ORIENTED_EDGE ( 'NONE', *, *, #2154, .F. ) ;
#843 = CARTESIAN_POINT ( 'NONE',  ( -0.6000000000000000888, 0.000000000000000000, -1.149999999999999689 ) ) ;
#844 = VERTEX_POINT ( 'NONE', #3318 ) ;
#845 = VERTEX_POINT ( 'NONE', #3760 ) ;
#846 = PLANE ( 'NONE',  #3081 ) ;
#847 = DIRECTION ( 'NONE',  ( 0.000000000000000000, 0.000000000000000000, -1.000000000000000000 ) ) ;
#848 = ORIENTED_EDGE ( 'NONE', *, *, #2127, .T. ) ;
#849 = CYLINDRICAL_SURFACE ( 'NONE', #1880, 0.1524669288197409156 ) ;
#850 = ADVANCED_FACE ( 'NONE', ( #2232 ), #4419, .T. ) ;
#851 = EDGE_CURVE ( 'NONE', #4563, #4126, #492, .T. ) ;
#852 = VERTEX_POINT ( 'NONE', #88 ) ;
#853 = DIRECTION ( 'NONE',  ( 1.000000000000000000, -0.000000000000000000, 0.000000000000000000 ) ) ;
#854 = CLOSED_SHELL ( 'NONE', ( #4594, #2097, #1457, #3668 ) ) ;
#855 = VERTEX_POINT ( 'NONE', #469 ) ;
#856 = FACE_OUTER_BOUND ( 'NONE', #4079, .T. ) ;
#857 = AXIS2_PLACEMENT_3D ( 'NONE', #2789, #3163, #3867 ) ;
#858 = DIRECTION ( 'NONE',  ( 0.000000000000000000, 0.000000000000000000, -1.000000000000000000 ) ) ;
#859 = ORIENTED_EDGE ( 'NONE', *, *, #2036, .T. ) ;
#860 = CARTESIAN_POINT ( 'NONE',  ( 1.500000000000000000, 0.4999999999999998890, -0.4999999999999997780 ) ) ;
#861 = ADVANCED_FACE ( 'NONE', ( #1528 ), #839, .F. ) ;
#862 = CARTESIAN_POINT ( 'NONE',  ( -1.500000000000000000, 0.000000000000000000, -1.020871215252207698 ) ) ;
#863 = VECTOR ( 'NONE', #3248, 1000.000000000000000 ) ;
#864 = ORIENTED_EDGE ( 'NONE', *, *, #2584, .F. ) ;
#865 = CARTESIAN_POINT ( 'NONE',  ( 1.599999999999998312, 0.000000000000000000, -1.249999999999999778 ) ) ;
#866 = VECTOR ( 'NONE', #26, 1000.000000000000000 ) ;
#867 = VECTOR ( 'NONE', #584, 1000.000000000000000 ) ;
#868 = EDGE_CURVE ( 'NONE', #4702, #4563, #2626, .T. ) ;
#869 = CARTESIAN_POINT ( 'NONE',  ( 1.500000000000000444, 1.099999999999999867, 0.9999999999999995559 ) ) ;
#870 = CARTESIAN_POINT ( 'NONE',  ( -1.370871215252208009, 1.750000000000001332, -1.149999999999999689 ) ) ;
#871 = EDGE_LOOP ( 'NONE', ( #2553, #2064, #2818, #1397 ) ) ;
#872 = DIRECTION ( 'NONE',  ( 0.000000000000000000, 1.000000000000000000, -0.000000000000000000 ) ) ;
#873 = AXIS2_PLACEMENT_3D ( 'NONE', #3504, #261, #983 ) ;
#874 = ORIENTED_EDGE ( 'NONE', *, *, #4700, .F. ) ;
#875 = VECTOR ( 'NONE', #1111, 1000.000000000000000 ) ;
#876 = PLANE ( 'NONE',  #2905 ) ;
#877 = CARTESIAN_POINT ( 'NONE',  ( 1.600000000000000089, 0.4999999999999997780, -1.099999999999999867 ) ) ;
#878 = EDGE_LOOP ( 'NONE', ( #4082, #1009, #3369, #4513 ) ) ;
#879 = EDGE_CURVE ( 'NONE', #3230, #2722, #1993, .T. ) ;
#880 = DIRECTION ( 'NONE',  ( -1.000000000000000000, 0.000000000000000000, 0.000000000000000000 ) ) ;
#881 = ORIENTED_EDGE ( 'NONE', *, *, #2862, .F. ) ;
#882 = CARTESIAN_POINT ( 'NONE',  ( -1.500000000000000000, 0.4999999999999998890, 0.4999999999999997780 ) ) ;
#883 = CARTESIAN_POINT ( 'NONE',  ( -1.450000000000000400, 1.149999999999999689, -0.9999999999999997780 ) ) ;
#884 = ORIENTED_EDGE ( 'NONE', *, *, #482, .T. ) ;
#885 = CARTESIAN_POINT ( 'NONE',  ( -1.600000000000000089, 0.000000000000000000, 0.5750000000000083933 ) ) ;
#886 = DIRECTION ( 'NONE',  ( 0.000000000000000000, 1.000000000000000000, 0.000000000000000000 ) ) ;
#887 = EDGE_CURVE ( 'NONE', #3448, #1359, #3385, .T. ) ;
#888 = VERTEX_POINT ( 'NONE', #2697 ) ;
#889 = DIRECTION ( 'NONE',  ( 0.000000000000000000, 0.000000000000000000, 1.000000000000000000 ) ) ;
#890 = CARTESIAN_POINT ( 'NONE',  ( 1.350000000000000311, 0.9999999999999997780, 0.9999999999999995559 ) ) ;
#891 = ORIENTED_EDGE ( 'NONE', *, *, #1713, .T. ) ;
#892 = EDGE_CURVE ( 'NONE', #2824, #3766, #1453, .T. ) ;
#893 = DIRECTION ( 'NONE',  ( -0.000000000000000000, -0.000000000000000000, -1.000000000000000000 ) ) ;
#894 = DIRECTION ( 'NONE',  ( 0.000000000000000000, 1.000000000000000000, 0.000000000000000000 ) ) ;
#895 = ORIENTED_EDGE ( 'NONE', *, *, #2888, .T. ) ;
#896 = VECTOR ( 'NONE', #1501, 1000.000000000000000 ) ;
#897 = CARTESIAN_POINT ( 'NONE',  ( 1.600000000000000089, 0.000000000000000000, 1.249999999999999778 ) ) ;
#898 = CARTESIAN_POINT ( 'NONE',  ( -1.350000000000000311, 1.199999999999999956, 1.099999999999999645 ) ) ;
#899 = ORIENTED_EDGE ( 'NONE', *, *, #3394, .F. ) ;
#900 = AXIS2_PLACEMENT_3D ( 'NONE', #4458, #1168, #1946 ) ;
#901 = AXIS2_PLACEMENT_3D ( 'NONE', #2809, #3134, #1370 ) ;
#902 = DIRECTION ( 'NONE',  ( -0.000000000000000000, -1.000000000000000000, -0.000000000000000000 ) ) ;
#903 = DIRECTION ( 'NONE',  ( 0.000000000000000000, 1.000000000000000000, 0.000000000000000000 ) ) ;
#904 = VERTEX_POINT ( 'NONE', #3779 ) ;
#905 = EDGE_CURVE ( 'NONE', #2344, #4599, #3429, .T. ) ;
#906 = ORIENTED_EDGE ( 'NONE', *, *, #3643, .T. ) ;
#907 = EDGE_CURVE ( 'NONE', #585, #3762, #182, .T. ) ;
#908 = LINE ( 'NONE', #1999, #1608 ) ;
#909 = DIRECTION ( 'NONE',  ( -1.000000000000000000, -0.000000000000000000, -0.000000000000000000 ) ) ;
#910 = VECTOR ( 'NONE', #2923, 1000.000000000000000 ) ;
#911 = LINE ( 'NONE', #870, #567 ) ;
#912 = FACE_OUTER_BOUND ( 'NONE', #3977, .T. ) ;
#913 = ORIENTED_EDGE ( 'NONE', *, *, #3162, .T. ) ;
#914 = CARTESIAN_POINT ( 'NONE',  ( 0.5999999999999984235, 0.4999999999999997780, -0.4999999999999997780 ) ) ;
#915 = EDGE_CURVE ( 'NONE', #4221, #1851, #4040, .T. ) ;
#916 = ORIENTED_EDGE ( 'NONE', *, *, #3178, .T. ) ;
#917 = DIRECTION ( 'NONE',  ( 0.000000000000000000, 0.000000000000000000, 1.000000000000000000 ) ) ;
#918 = CARTESIAN_POINT ( 'NONE',  ( -1.549999999999991385, 0.000000000000000000, -0.5249999999999999112 ) ) ;
#919 = ADVANCED_FACE ( 'NONE', ( #48 ), #4308, .T. ) ;
#920 = ORIENTED_EDGE ( 'NONE', *, *, #3441, .T. ) ;
#921 = CARTESIAN_POINT ( 'NONE',  ( 0.5999999999999984235, 0.000000000000000000, -0.4999999999999997780 ) ) ;
#922 = EDGE_LOOP ( 'NONE', ( #3918, #3050, #966, #627 ) ) ;
#923 = LINE ( 'NONE', #1338, #2293 ) ;
#924 = FACE_OUTER_BOUND ( 'NONE', #1499, .T. ) ;
#925 = ORIENTED_EDGE ( 'NONE', *, *, #29, .T. ) ;
#926 = FACE_OUTER_BOUND ( 'NONE', #4371, .T. ) ;
#927 = ORIENTED_EDGE ( 'NONE', *, *, #1967, .T. ) ;
#928 = VECTOR ( 'NONE', #1987, 1000.000000000000000 ) ;
#929 = ORIENTED_EDGE ( 'NONE', *, *, #2206, .T. ) ;
#930 = CIRCLE ( 'NONE', #4666, 0.04999999999999991257 ) ;
#931 = DIRECTION ( 'NONE',  ( -0.000000000000000000, -1.000000000000000000, -0.000000000000000000 ) ) ;
#932 = CIRCLE ( 'NONE', #718, 0.05000000000000858619 ) ;
#933 = DIRECTION ( 'NONE',  ( 0.000000000000000000, 1.000000000000000000, 0.000000000000000000 ) ) ;
#934 = ADVANCED_FACE ( 'NONE', ( #1468 ), #4019, .F. ) ;
#935 = VECTOR ( 'NONE', #4055, 1000.000000000000000 ) ;
#936 = LINE ( 'NONE', #3465, #3323 ) ;
#937 = CARTESIAN_POINT ( 'NONE',  ( -1.004584529893781442, 1.199999999999999956, 0.6868262879948838773 ) ) ;
#938 = EDGE_LOOP ( 'NONE', ( #2055, #292, #3831, #3378 ) ) ;
#939 = ADVANCED_FACE ( 'NONE', ( #2473 ), #2908, .T. ) ;
#940 = DIRECTION ( 'NONE',  ( -0.000000000000000000, 0.000000000000000000, 1.000000000000000000 ) ) ;
#941 = CARTESIAN_POINT ( 'NONE',  ( -1.600000000000000089, 0.4999999999999998890, 1.099999999999999867 ) ) ;
#942 = CARTESIAN_POINT ( 'NONE',  ( -1.350000000000000311, 1.149999999999999689, 1.099999999999999645 ) ) ;
#943 = DIRECTION ( 'NONE',  ( 0.000000000000000000, -1.000000000000000000, 0.000000000000000000 ) ) ;
#944 = VERTEX_POINT ( 'NONE', #758 ) ;
#945 = VECTOR ( 'NONE', #2203, 1000.000000000000000 ) ;
#946 = CARTESIAN_POINT ( 'NONE',  ( -1.600000000000000089, 0.000000000000000000, 1.249999999999999778 ) ) ;
#947 = EDGE_CURVE ( 'NONE', #4290, #602, #42, .T. ) ;
#948 = ORIENTED_EDGE ( 'NONE', *, *, #2920, .F. ) ;
#949 = ORIENTED_EDGE ( 'NONE', *, *, #2187, .T. ) ;
#950 = FACE_OUTER_BOUND ( 'NONE', #1286, .T. ) ;
#951 = EDGE_LOOP ( 'NONE', ( #4151, #1756 ) ) ;
#952 =( NAMED_UNIT ( * ) SI_UNIT ( $, .STERADIAN. ) SOLID_ANGLE_UNIT ( ) );
#953 = ORIENTED_EDGE ( 'NONE', *, *, #2176, .T. ) ;
#954 = DIRECTION ( 'NONE',  ( 0.7071067811865479058, -0.000000000000000000, 0.7071067811865472397 ) ) ;
#955 = CARTESIAN_POINT ( 'NONE',  ( -1.350000000000000089, 0.000000000000000000, 1.249999999999999778 ) ) ;
#956 = DIRECTION ( 'NONE',  ( -0.000000000000000000, -1.000000000000000000, 0.000000000000000000 ) ) ;
#957 = SURFACE_SIDE_STYLE ('',( #1304 ) ) ;
#958 = CARTESIAN_POINT ( 'NONE',  ( 0.6000000000000000888, 0.000000000000000000, 1.149999999999999689 ) ) ;
#959 = CYLINDRICAL_SURFACE ( 'NONE', #2624, 0.05000000000000858619 ) ;
#960 = EDGE_CURVE ( 'NONE', #1838, #397, #4661, .T. ) ;
#961 = DIRECTION ( 'NONE',  ( -0.000000000000000000, -1.000000000000000000, -0.000000000000000000 ) ) ;
#962 = VERTEX_POINT ( 'NONE', #3202 ) ;
#963 = EDGE_CURVE ( 'NONE', #4223, #3375, #686, .T. ) ;
#964 = DIRECTION ( 'NONE',  ( -0.000000000000000000, -1.000000000000000000, -0.000000000000000000 ) ) ;
#965 = EDGE_CURVE ( 'NONE', #2381, #1540, #2932, .T. ) ;
#966 = ORIENTED_EDGE ( 'NONE', *, *, #1817, .F. ) ;
#967 = LINE ( 'NONE', #2720, #1361 ) ;
#968 = AXIS2_PLACEMENT_3D ( 'NONE', #3258, #4360, #387 ) ;
#969 = ORIENTED_EDGE ( 'NONE', *, *, #3299, .T. ) ;
#970 = CARTESIAN_POINT ( 'NONE',  ( -1.600000000000000089, 0.4999999999999998890, 1.249999999999999778 ) ) ;
#971 = CARTESIAN_POINT ( 'NONE',  ( -1.350000000000000311, 1.199999999999999956, 1.049999999999999822 ) ) ;
#972 = EDGE_CURVE ( 'NONE', #1217, #1716, #2503, .T. ) ;
#973 = CARTESIAN_POINT ( 'NONE',  ( -0.6000000000000000888, 0.4999999999999998890, 1.149999999999999689 ) ) ;
#974 = ORIENTED_EDGE ( 'NONE', *, *, #3900, .T. ) ;
#975 = LINE ( 'NONE', #603, #2841 ) ;
#976 = ORIENTED_EDGE ( 'NONE', *, *, #1897, .F. ) ;
#977 = SURFACE_SIDE_STYLE ('',( #1323 ) ) ;
#978 = VECTOR ( 'NONE', #31, 1000.000000000000000 ) ;
#979 = ORIENTED_EDGE ( 'NONE', *, *, #179, .F. ) ;
#980 = PLANE ( 'NONE',  #2445 ) ;
#981 = CARTESIAN_POINT ( 'NONE',  ( 1.550000000000000488, 1.149999999999999689, 0.9999999999999995559 ) ) ;
#982 = DIRECTION ( 'NONE',  ( -0.000000000000000000, 0.000000000000000000, -1.000000000000000000 ) ) ;
#983 = DIRECTION ( 'NONE',  ( 1.734723475976817547E-15, 0.000000000000000000, 1.000000000000000000 ) ) ;
#984 = DIRECTION ( 'NONE',  ( -0.000000000000000000, -1.000000000000000000, -0.000000000000000000 ) ) ;
#985 = CIRCLE ( 'NONE', #1275, 0.2499999999999997780 ) ;
#986 = FACE_OUTER_BOUND ( 'NONE', #3356, .T. ) ;
#987 = VERTEX_POINT ( 'NONE', #3253 ) ;
#988 = DIRECTION ( 'NONE',  ( 0.000000000000000000, 0.000000000000000000, 1.000000000000000000 ) ) ;
#989 = LINE ( 'NONE', #4312, #2186 ) ;
#990 = CARTESIAN_POINT ( 'NONE',  ( 1.450000000000000400, 1.199999999999999956, -1.000000000000000000 ) ) ;
#991 = ORIENTED_EDGE ( 'NONE', *, *, #1600, .T. ) ;
#992 = EDGE_CURVE ( 'NONE', #3762, #1619, #2838, .T. ) ;
#993 = CARTESIAN_POINT ( 'NONE',  ( -1.004584529893781442, 1.149999999999999911, 0.6868262879948838773 ) ) ;
#994 = ORIENTED_EDGE ( 'NONE', *, *, #746, .F. ) ;
#995 = CARTESIAN_POINT ( 'NONE',  ( 1.500000000000000000, 0.4999999999999998890, 0.4999999999999997780 ) ) ;
#996 = DIRECTION ( 'NONE',  ( 1.000000000000000000, 0.000000000000000000, 0.000000000000000000 ) ) ;
#997 = ORIENTED_EDGE ( 'NONE', *, *, #3728, .F. ) ;
#998 = DIRECTION ( 'NONE',  ( 0.000000000000000000, -1.000000000000000000, 0.000000000000000000 ) ) ;
#999 = ORIENTED_EDGE ( 'NONE', *, *, #3256, .T. ) ;
#1000 = FILL_AREA_STYLE ('',( #2411 ) ) ;
#1001 = EDGE_CURVE ( 'NONE', #1569, #844, #3228, .T. ) ;
#1002 = CARTESIAN_POINT ( 'NONE',  ( 0.5999999999999984235, 0.000000000000000000, -0.4999999999999997780 ) ) ;
#1003 = ORIENTED_EDGE ( 'NONE', *, *, #29, .F. ) ;
#1004 = CARTESIAN_POINT ( 'NONE',  ( 0.6000000000000000888, 0.000000000000000000, 1.149999999999999689 ) ) ;
#1005 = DIRECTION ( 'NONE',  ( 0.000000000000000000, 0.000000000000000000, -1.000000000000000000 ) ) ;
#1006 = VECTOR ( 'NONE', #2164, 1000.000000000000000 ) ;
#1007 = AXIS2_PLACEMENT_3D ( 'NONE', #3279, #2935, #4045 ) ;
#1008 = CIRCLE ( 'NONE', #4670, 0.05000000000000858619 ) ;
#1009 = ORIENTED_EDGE ( 'NONE', *, *, #660, .F. ) ;
#1010 = CIRCLE ( 'NONE', #2410, 0.1000000000000000472 ) ;
#1011 = CARTESIAN_POINT ( 'NONE',  ( 1.370871215252208009, 0.4999999999999997780, -1.149999999999999689 ) ) ;
#1012 = CARTESIAN_POINT ( 'NONE',  ( 1.350000000000000311, 1.149999999999999911, 1.049999999999999822 ) ) ;
#1013 = PLANE ( 'NONE',  #4347 ) ;
#1014 = ORIENTED_EDGE ( 'NONE', *, *, #4461, .T. ) ;
#1015 = CARTESIAN_POINT ( 'NONE',  ( 1.600000000000000089, 0.000000000000000000, -0.5750000000000083933 ) ) ;
#1016 =( GEOMETRIC_REPRESENTATION_CONTEXT ( 3 ) GLOBAL_UNCERTAINTY_ASSIGNED_CONTEXT ( ( #1099 ) ) GLOBAL_UNIT_ASSIGNED_CONTEXT ( ( #4014, #170, #1279 ) ) REPRESENTATION_CONTEXT ( 'NONE', 'WORKASPACE' ) );
#1017 = EDGE_LOOP ( 'NONE', ( #2059, #4630, #4478, #3619 ) ) ;
#1018 = EDGE_CURVE ( 'NONE', #750, #3866, #2598, .T. ) ;
#1019 = DIRECTION ( 'NONE',  ( 0.000000000000000000, 0.000000000000000000, 1.000000000000000000 ) ) ;
#1020 = CARTESIAN_POINT ( 'NONE',  ( -1.600000000000000089, 0.9999999999999997780, -0.2749999999999914180 ) ) ;
#1021 = ORIENTED_EDGE ( 'NONE', *, *, #1712, .T. ) ;
#1022 = ORIENTED_EDGE ( 'NONE', *, *, #3622, .F. ) ;
#1023 = CIRCLE ( 'NONE', #3160, 0.04999999999999991257 ) ;
#1024 = VERTEX_POINT ( 'NONE', #4328 ) ;
#1025 = DIRECTION ( 'NONE',  ( 0.000000000000000000, 0.000000000000000000, -1.000000000000000000 ) ) ;
#1026 = CARTESIAN_POINT ( 'NONE',  ( 1.450000000000000400, 1.149999999999999911, 0.9999999999999995559 ) ) ;
#1027 = DIRECTION ( 'NONE',  ( -0.000000000000000000, -1.000000000000000000, -0.000000000000000000 ) ) ;
#1028 = DIRECTION ( 'NONE',  ( -1.000000000000000000, 0.000000000000000000, 0.000000000000000000 ) ) ;
#1029 = DIRECTION ( 'NONE',  ( 0.000000000000000000, 0.000000000000000000, -1.000000000000000000 ) ) ;
#1030 = CARTESIAN_POINT ( 'NONE',  ( 1.600000000000000089, 0.4999999999999997780, 1.249999999999999778 ) ) ;
#1031 = ADVANCED_FACE ( 'NONE', ( #362 ), #4380, .T. ) ;
#1032 = ORIENTED_EDGE ( 'NONE', *, *, #1725, .F. ) ;
#1033 = LINE ( 'NONE', #1741, #2029 ) ;
#1034 = DIRECTION ( 'NONE',  ( 0.000000000000000000, 0.000000000000000000, -1.000000000000000000 ) ) ;
#1035 = LINE ( 'NONE', #2479, #1218 ) ;
#1036 = MANIFOLD_SOLID_BREP ( 'Pad[2]', #3662 ) ;
#1037 = ORIENTED_EDGE ( 'NONE', *, *, #4039, .T. ) ;
#1038 = DIRECTION ( 'NONE',  ( -0.000000000000000000, -1.000000000000000000, -0.000000000000000000 ) ) ;
#1039 = ORIENTED_EDGE ( 'NONE', *, *, #3644, .F. ) ;
#1040 = AXIS2_PLACEMENT_3D ( 'NONE', #323, #3560, #3212 ) ;
#1041 = DIRECTION ( 'NONE',  ( 0.000000000000000000, 0.000000000000000000, -1.000000000000000000 ) ) ;
#1042 = DIRECTION ( 'NONE',  ( -0.000000000000000000, -1.000000000000000000, -0.000000000000000000 ) ) ;
#1043 = VERTEX_POINT ( 'NONE', #1720 ) ;
#1044 = VERTEX_POINT ( 'NONE', #1011 ) ;
#1045 = CARTESIAN_POINT ( 'NONE',  ( 1.500000000000000000, 1.750000000000001332, -1.020871215252207698 ) ) ;
#1046 = ORIENTED_EDGE ( 'NONE', *, *, #3622, .T. ) ;
#1047 = DIRECTION ( 'NONE',  ( 0.000000000000000000, 0.000000000000000000, 1.000000000000000000 ) ) ;
#1048 = DIRECTION ( 'NONE',  ( 0.000000000000000000, 0.000000000000000000, -1.000000000000000000 ) ) ;
#1049 = CIRCLE ( 'NONE', #1189, 0.2499999999999985012 ) ;
#1050 = EDGE_CURVE ( 'NONE', #4663, #4277, #4577, .T. ) ;
#1051 = ADVANCED_FACE ( 'NONE', ( #662 ), #2478, .T. ) ;
#1052 = CARTESIAN_POINT ( 'NONE',  ( -0.6000000000000000888, 0.000000000000000000, 1.149999999999999689 ) ) ;
#1053 = DIRECTION ( 'NONE',  ( 0.000000000000000000, 0.000000000000000000, 1.000000000000000000 ) ) ;
#1054 = ORIENTED_EDGE ( 'NONE', *, *, #3846, .F. ) ;
#1055 = AXIS2_PLACEMENT_3D ( 'NONE', #552, #154, #581 ) ;
#1056 = EDGE_CURVE ( 'NONE', #1609, #4155, #1400, .T. ) ;
#1057 = ADVANCED_FACE ( 'NONE', ( #818 ), #712, .T. ) ;
#1058 = PLANE ( 'NONE',  #4518 ) ;
#1059 = PRESENTATION_LAYER_ASSIGNMENT (  '', '', ( #471 ) ) ;
#1060 = VECTOR ( 'NONE', #4286, 1000.000000000000000 ) ;
#1061 = VECTOR ( 'NONE', #2609, 1000.000000000000000 ) ;
#1062 = VERTEX_POINT ( 'NONE', #4106 ) ;
#1063 = CARTESIAN_POINT ( 'NONE',  ( 0.6000000000000001998, 1.750000000000001332, 0.4999999999999997780 ) ) ;
#1064 = EDGE_CURVE ( 'NONE', #65, #343, #115, .T. ) ;
#1065 = ORIENTED_EDGE ( 'NONE', *, *, #3704, .T. ) ;
#1066 = DIRECTION ( 'NONE',  ( 0.000000000000000000, -1.000000000000000000, 0.000000000000000000 ) ) ;
#1067 = CYLINDRICAL_SURFACE ( 'NONE', #2530, 0.05000000000000858619 ) ;
#1068 = EDGE_LOOP ( 'NONE', ( #2651, #2662, #2002, #1875 ) ) ;
#1069 = CARTESIAN_POINT ( 'NONE',  ( 0.000000000000000000, 0.000000000000000000, 0.000000000000000000 ) ) ;
#1070 = DIRECTION ( 'NONE',  ( 0.000000000000000000, 0.000000000000000000, 1.000000000000000000 ) ) ;
#1071 = DIRECTION ( 'NONE',  ( -1.000000000000000000, 0.000000000000000000, -0.000000000000000000 ) ) ;
#1072 = ORIENTED_EDGE ( 'NONE', *, *, #1984, .T. ) ;
#1073 = CYLINDRICAL_SURFACE ( 'NONE', #3221, 0.1499999999999999667 ) ;
#1074 = FACE_OUTER_BOUND ( 'NONE', #4227, .T. ) ;
#1075 = DIRECTION ( 'NONE',  ( 0.000000000000000000, 0.000000000000000000, -1.000000000000000000 ) ) ;
#1076 = CARTESIAN_POINT ( 'NONE',  ( -1.350000000000000311, 0.9999999999999997780, 1.099999999999999645 ) ) ;
#1077 =( LENGTH_UNIT ( ) NAMED_UNIT ( * ) SI_UNIT ( .MILLI., .METRE. ) );
#1078 = EDGE_CURVE ( 'NONE', #4599, #2526, #3024, .T. ) ;
#1079 = EDGE_LOOP ( 'NONE', ( #1801, #1432, #3380, #1834, #3310, #1108, #4381, #2142, #674, #2772 ) ) ;
#1080 = CIRCLE ( 'NONE', #3292, 0.1524669288197409156 ) ;
#1081 = VECTOR ( 'NONE', #2269, 1000.000000000000000 ) ;
#1082 = ORIENTED_EDGE ( 'NONE', *, *, #3788, .F. ) ;
#1083 = CARTESIAN_POINT ( 'NONE',  ( -0.8000000000000000444, 1.750000000000001332, 0.4999999999999997780 ) ) ;
#1084 = AXIS2_PLACEMENT_3D ( 'NONE', #3341, #93, #1914 ) ;
#1085 = VECTOR ( 'NONE', #3717, 1000.000000000000000 ) ;
#1086 = EDGE_LOOP ( 'NONE', ( #2711, #2678, #136, #1960 ) ) ;
#1087 = DIRECTION ( 'NONE',  ( -5.204170427929527662E-13, 0.000000000000000000, 1.000000000000000000 ) ) ;
#1088 = DIRECTION ( 'NONE',  ( -0.000000000000000000, -1.000000000000000000, -0.000000000000000000 ) ) ;
#1089 = VERTEX_POINT ( 'NONE', #2588 ) ;
#1090 = AXIS2_PLACEMENT_3D ( 'NONE', #1804, #3701, #461 ) ;
#1091 = ADVANCED_FACE ( 'NONE', ( #4061 ), #3692, .F. ) ;
#1092 = DIRECTION ( 'NONE',  ( 0.000000000000000000, 0.000000000000000000, -1.000000000000000000 ) ) ;
#1093 = FACE_OUTER_BOUND ( 'NONE', #1693, .T. ) ;
#1094 = ORIENTED_EDGE ( 'NONE', *, *, #3389, .T. ) ;
#1095 = CARTESIAN_POINT ( 'NONE',  ( 1.500000000000000000, 0.4999999999999997780, -1.020871215252207698 ) ) ;
#1096 = AXIS2_PLACEMENT_3D ( 'NONE', #4515, #1227, #2679 ) ;
#1097 = LINE ( 'NONE', #1137, #795 ) ;
#1098 = CARTESIAN_POINT ( 'NONE',  ( 1.600000000000000089, 1.750000000000001332, 1.249999999999999778 ) ) ;
#1099 = UNCERTAINTY_MEASURE_WITH_UNIT (LENGTH_MEASURE( 1.000000000000000082E-05 ), #4014, 'distance_accuracy_value', 'NONE');
#1100 = VERTEX_POINT ( 'NONE', #1513 ) ;
#1101 = DIRECTION ( 'NONE',  ( -0.000000000000000000, -0.000000000000000000, 1.000000000000000000 ) ) ;
#1102 = DIRECTION ( 'NONE',  ( -0.000000000000000000, -1.000000000000000000, -0.000000000000000000 ) ) ;
#1103 = ORIENTED_EDGE ( 'NONE', *, *, #1571, .T. ) ;
#1104 = DIRECTION ( 'NONE',  ( -0.000000000000000000, -1.000000000000000000, -0.000000000000000000 ) ) ;
#1105 = EDGE_CURVE ( 'NONE', #1217, #118, #2977, .T. ) ;
#1106 = EDGE_CURVE ( 'NONE', #3659, #4634, #4476, .T. ) ;
#1107 = ORIENTED_EDGE ( 'NONE', *, *, #1928, .F. ) ;
#1108 = ORIENTED_EDGE ( 'NONE', *, *, #2264, .F. ) ;
#1109 = SURFACE_SIDE_STYLE ('',( #3287 ) ) ;
#1110 = VECTOR ( 'NONE', #3556, 1000.000000000000000 ) ;
#1111 = DIRECTION ( 'NONE',  ( -0.000000000000000000, -1.000000000000000000, -0.000000000000000000 ) ) ;
#1112 = ORIENTED_EDGE ( 'NONE', *, *, #1561, .F. ) ;
#1113 = EDGE_CURVE ( 'NONE', #4207, #1380, #4546, .T. ) ;
#1114 = PLANE ( 'NONE',  #2283 ) ;
#1115 = DIRECTION ( 'NONE',  ( 0.000000000000000000, 0.000000000000000000, 1.000000000000000000 ) ) ;
#1116 = SURFACE_SIDE_STYLE ('',( #3969 ) ) ;
#1117 = VERTEX_POINT ( 'NONE', #4252 ) ;
#1118 = AXIS2_PLACEMENT_3D ( 'NONE', #3954, #1019, #3587 ) ;
#1119 = FACE_BOUND ( 'NONE', #2902, .T. ) ;
#1120 = CARTESIAN_POINT ( 'NONE',  ( -1.500000000000000000, 0.4999999999999998890, -1.020871215252207698 ) ) ;
#1121 = CARTESIAN_POINT ( 'NONE',  ( -1.600000000000000311, 0.000000000000000000, -1.249999999999999778 ) ) ;
#1122 = AXIS2_PLACEMENT_3D ( 'NONE', #3849, #3139, #4604 ) ;
#1123 = EDGE_LOOP ( 'NONE', ( #1769, #2360, #2988, #2040 ) ) ;
#1124 = CARTESIAN_POINT ( 'NONE',  ( 1.450000000000000400, 1.149999999999999689, -1.000000000000000000 ) ) ;
#1125 = AXIS2_PLACEMENT_3D ( 'NONE', #3572, #2391, #2761 ) ;
#1126 = VECTOR ( 'NONE', #3220, 1000.000000000000000 ) ;
#1127 = ORIENTED_EDGE ( 'NONE', *, *, #3647, .T. ) ;
#1128 = CARTESIAN_POINT ( 'NONE',  ( 1.350000000000000311, 0.9999999999999997780, 0.9999999999999995559 ) ) ;
#1129 = AXIS2_PLACEMENT_3D ( 'NONE', #111, #1535, #1560 ) ;
#1130 = CARTESIAN_POINT ( 'NONE',  ( -1.549999999999991385, 0.9999999999999997780, -0.3250000000000000111 ) ) ;
#1131 = ORIENTED_EDGE ( 'NONE', *, *, #4474, .F. ) ;
#1132 = EDGE_CURVE ( 'NONE', #1117, #2780, #908, .T. ) ;
#1133 = DIRECTION ( 'NONE',  ( 0.000000000000000000, 1.000000000000000000, -0.000000000000000000 ) ) ;
#1134 = CARTESIAN_POINT ( 'NONE',  ( -1.600000000000000089, 0.9999999999999997780, 0.5750000000000083933 ) ) ;
#1135 = ORIENTED_EDGE ( 'NONE', *, *, #119, .T. ) ;
#1136 = LINE ( 'NONE', #4152, #2358 ) ;
#1137 = CARTESIAN_POINT ( 'NONE',  ( -1.600000000000000089, 0.4999999999999997780, 1.099999999999999867 ) ) ;
#1138 = DIRECTION ( 'NONE',  ( 0.000000000000000000, -1.000000000000000000, 0.000000000000000000 ) ) ;
#1139 = DIRECTION ( 'NONE',  ( 0.000000000000000000, -1.000000000000000000, 0.000000000000000000 ) ) ;
#1140 = ADVANCED_FACE ( 'NONE', ( #1660 ), #4160, .F. ) ;
#1141 = DIRECTION ( 'NONE',  ( -1.501203008056852445E-15, 0.000000000000000000, 1.000000000000000000 ) ) ;
#1142 = VECTOR ( 'NONE', #1292, 1000.000000000000000 ) ;
#1143 = ORIENTED_EDGE ( 'NONE', *, *, #879, .F. ) ;
#1144 = EDGE_CURVE ( 'NONE', #655, #1409, #1255, .T. ) ;
#1145 = CARTESIAN_POINT ( 'NONE',  ( 0.6000000000000000888, 0.4999999999999998890, 1.149999999999999689 ) ) ;
#1146 = DIRECTION ( 'NONE',  ( 0.000000000000000000, 0.000000000000000000, -1.000000000000000000 ) ) ;
#1147 = VERTEX_POINT ( 'NONE', #1230 ) ;
#1148 = CARTESIAN_POINT ( 'NONE',  ( -1.350000000000000089, 1.750000000000001332, 1.249999999999999778 ) ) ;
#1149 = AXIS2_PLACEMENT_3D ( 'NONE', #390, #1826, #889 ) ;
#1150 = ORIENTED_EDGE ( 'NONE', *, *, #2585, .T. ) ;
#1151 = AXIS2_PLACEMENT_3D ( 'NONE', #1203, #1935, #3388 ) ;
#1152 = CARTESIAN_POINT ( 'NONE',  ( -1.350000000000000311, 1.149999999999999689, -0.9999999999999997780 ) ) ;
#1153 = ORIENTED_EDGE ( 'NONE', *, *, #167, .F. ) ;
#1154 = VECTOR ( 'NONE', #1733, 1000.000000000000000 ) ;
#1155 = ORIENTED_EDGE ( 'NONE', *, *, #1959, .F. ) ;
#1156 = EDGE_CURVE ( 'NONE', #3700, #597, #214, .T. ) ;
#1157 = LINE ( 'NONE', #2605, #4038 ) ;
#1158 = CARTESIAN_POINT ( 'NONE',  ( 1.350000000000000089, 0.4999999999999997780, 1.249999999999999778 ) ) ;
#1159 = CIRCLE ( 'NONE', #1235, 0.1499999999999999667 ) ;
#1160 = CIRCLE ( 'NONE', #722, 0.1499999999999999667 ) ;
#1161 = ORIENTED_EDGE ( 'NONE', *, *, #3155, .T. ) ;
#1162 = CARTESIAN_POINT ( 'NONE',  ( 1.500000000000000000, 0.4999999999999998890, 1.020871215252207698 ) ) ;
#1163 = VECTOR ( 'NONE', #2050, 1000.000000000000000 ) ;
#1164 = CARTESIAN_POINT ( 'NONE',  ( -0.6000000000000000888, 0.4999999999999998890, -1.149999999999999689 ) ) ;
#1165 = ADVANCED_FACE ( 'NONE', ( #4232 ), #539, .T. ) ;
#1166 = VERTEX_POINT ( 'NONE', #1587 ) ;
#1167 = AXIS2_PLACEMENT_3D ( 'NONE', #2516, #3962, #2468 ) ;
#1168 = DIRECTION ( 'NONE',  ( -0.000000000000000000, -1.000000000000000000, -0.000000000000000000 ) ) ;
#1169 = LINE ( 'NONE', #4459, #978 ) ;
#1170 = EDGE_CURVE ( 'NONE', #1409, #1937, #607, .T. ) ;
#1171 = ORIENTED_EDGE ( 'NONE', *, *, #2313, .F. ) ;
#1172 = CARTESIAN_POINT ( 'NONE',  ( 1.599999999999998312, 0.4999999999999998890, -1.249999999999999778 ) ) ;
#1173 = FACE_OUTER_BOUND ( 'NONE', #3195, .T. ) ;
#1174 = FACE_OUTER_BOUND ( 'NONE', #4259, .T. ) ;
#1175 = PLANE ( 'NONE',  #3751 ) ;
#1176 = LINE ( 'NONE', #462, #4142 ) ;
#1177 = EDGE_LOOP ( 'NONE', ( #373, #2180, #1475, #3784 ) ) ;
#1178 = ORIENTED_EDGE ( 'NONE', *, *, #4269, .F. ) ;
#1179 = DIRECTION ( 'NONE',  ( 0.000000000000000000, 0.000000000000000000, -1.000000000000000000 ) ) ;
#1180 = ORIENTED_EDGE ( 'NONE', *, *, #3308, .T. ) ;
#1181 = LINE ( 'NONE', #1885, #3193 ) ;
#1182 = CARTESIAN_POINT ( 'NONE',  ( -0.6000000000000000888, 0.000000000000000000, -1.149999999999999689 ) ) ;
#1183 = LINE ( 'NONE', #3933, #3186 ) ;
#1184 = ORIENTED_EDGE ( 'NONE', *, *, #3468, .F. ) ;
#1185 = ORIENTED_EDGE ( 'NONE', *, *, #1330, .T. ) ;
#1186 = ADVANCED_FACE ( 'NONE', ( #3434 ), #2047, .F. ) ;
#1187 = LINE ( 'NONE', #1921, #5 ) ;
#1188 = ORIENTED_EDGE ( 'NONE', *, *, #179, .T. ) ;
#1189 = AXIS2_PLACEMENT_3D ( 'NONE', #4554, #1264, #2714 ) ;
#1190 = DIRECTION ( 'NONE',  ( -0.000000000000000000, -1.000000000000000000, -0.000000000000000000 ) ) ;
#1191 = ADVANCED_FACE ( 'NONE', ( #3152 ), #4618, .T. ) ;
#1192 = DIRECTION ( 'NONE',  ( 0.000000000000000000, -0.000000000000000000, 1.000000000000000000 ) ) ;
#1193 = CARTESIAN_POINT ( 'NONE',  ( 1.600000000000000089, 0.000000000000000000, 1.249999999999999778 ) ) ;
#1194 = AXIS2_PLACEMENT_3D ( 'NONE', #937, #2121, #2369 ) ;
#1195 = ORIENTED_EDGE ( 'NONE', *, *, #4086, .F. ) ;
#1196 = DIRECTION ( 'NONE',  ( 1.000000000000000000, -0.000000000000000000, -0.000000000000000000 ) ) ;
#1197 = LINE ( 'NONE', #4439, #250 ) ;
#1198 = AXIS2_PLACEMENT_3D ( 'NONE', #890, #3740, #543 ) ;
#1199 = ADVANCED_FACE ( 'NONE', ( #3099 ), #980, .F. ) ;
#1200 = AXIS2_PLACEMENT_3D ( 'NONE', #347, #3921, #3559 ) ;
#1201 = ORIENTED_EDGE ( 'NONE', *, *, #207, .T. ) ;
#1202 = CARTESIAN_POINT ( 'NONE',  ( -1.600000000000008749, 0.9999999999999997780, -0.3250000000000000111 ) ) ;
#1203 = CARTESIAN_POINT ( 'NONE',  ( 1.600000000000000089, 0.4999999999999997780, 1.249999999999999778 ) ) ;
#1204 = CYLINDRICAL_SURFACE ( 'NONE', #3905, 0.05000000000000858619 ) ;
#1205 = VERTEX_POINT ( 'NONE', #590 ) ;
#1206 = VECTOR ( 'NONE', #1315, 1000.000000000000000 ) ;
#1207 = VERTEX_POINT ( 'NONE', #2114 ) ;
#1208 = VERTEX_POINT ( 'NONE', #3546 ) ;
#1209 = DIRECTION ( 'NONE',  ( 1.000000000000000000, 0.000000000000000000, 0.000000000000000000 ) ) ;
#1210 = ADVANCED_FACE ( 'NONE', ( #2804 ), #308, .T. ) ;
#1211 = EDGE_CURVE ( 'NONE', #1044, #1795, #2069, .T. ) ;
#1212 = CARTESIAN_POINT ( 'NONE',  ( -0.5999999999999998668, 0.000000000000000000, 0.6999999999999997335 ) ) ;
#1213 = ORIENTED_EDGE ( 'NONE', *, *, #1873, .T. ) ;
#1214 = CARTESIAN_POINT ( 'NONE',  ( 1.600000000000000089, 0.9999999999999997780, 0.2749999999999914180 ) ) ;
#1215 = LINE ( 'NONE', #2743, #3274 ) ;
#1216 = EDGE_CURVE ( 'NONE', #3538, #4479, #1010, .T. ) ;
#1217 = VERTEX_POINT ( 'NONE', #3526 ) ;
#1218 = VECTOR ( 'NONE', #3942, 1000.000000000000000 ) ;
#1219 = VERTEX_POINT ( 'NONE', #20 ) ;
#1220 = DIRECTION ( 'NONE',  ( 0.000000000000000000, -1.000000000000000000, 0.000000000000000000 ) ) ;
#1221 = FACE_OUTER_BOUND ( 'NONE', #3094, .T. ) ;
#1222 = CARTESIAN_POINT ( 'NONE',  ( 1.500000000000000000, 0.000000000000000000, -0.4999999999999997780 ) ) ;
#1223 = AXIS2_PLACEMENT_3D ( 'NONE', #534, #1604, #1976 ) ;
#1224 = EDGE_CURVE ( 'NONE', #4277, #3958, #1363, .T. ) ;
#1225 = DIRECTION ( 'NONE',  ( 0.000000000000000000, 0.000000000000000000, 1.000000000000000000 ) ) ;
#1226 = ORIENTED_EDGE ( 'NONE', *, *, #1945, .T. ) ;
#1227 = DIRECTION ( 'NONE',  ( -0.000000000000000000, 1.000000000000000000, -0.000000000000000000 ) ) ;
#1228 = CARTESIAN_POINT ( 'NONE',  ( -1.400000000000000355, 1.199999999999999956, -0.9999999999999997780 ) ) ;
#1229 = ORIENTED_EDGE ( 'NONE', *, *, #2860, .F. ) ;
#1230 = CARTESIAN_POINT ( 'NONE',  ( -1.500000000000000000, 0.000000000000000000, 0.4999999999999997780 ) ) ;
#1231 = MECHANICAL_DESIGN_GEOMETRIC_PRESENTATION_REPRESENTATION (  '', ( #1773 ), #2289 ) ;
#1232 = DIRECTION ( 'NONE',  ( 1.000000000000000000, 0.000000000000000000, 0.000000000000000000 ) ) ;
#1233 = LINE ( 'NONE', #2685, #2570 ) ;
#1234 = ORIENTED_EDGE ( 'NONE', *, *, #4117, .F. ) ;
#1235 = AXIS2_PLACEMENT_3D ( 'NONE', #3832, #2724, #2383 ) ;
#1236 = CARTESIAN_POINT ( 'NONE',  ( -0.8000000000000000444, 1.750000000000001332, 0.4999999999999997780 ) ) ;
#1237 = PLANE ( 'NONE',  #4576 ) ;
#1238 = STYLED_ITEM ( 'NONE', ( #2873 ), #4161 ) ;
#1239 = ORIENTED_EDGE ( 'NONE', *, *, #1991, .T. ) ;
#1240 = CARTESIAN_POINT ( 'NONE',  ( 1.350000000000000311, 1.149999999999999911, -1.000000000000000000 ) ) ;
#1241 = LINE ( 'NONE', #3446, #2572 ) ;
#1242 = CARTESIAN_POINT ( 'NONE',  ( -1.500000000000000000, 0.000000000000000000, 1.020871215252207698 ) ) ;
#1243 = VERTEX_POINT ( 'NONE', #3930 ) ;
#1244 = EDGE_CURVE ( 'NONE', #3017, #904, #3870, .T. ) ;
#1245 = LINE ( 'NONE', #1930, #1618 ) ;
#1246 = EDGE_CURVE ( 'NONE', #1937, #2504, #1416, .T. ) ;
#1247 = EDGE_CURVE ( 'NONE', #3894, #4168, #1759, .T. ) ;
#1248 = VERTEX_POINT ( 'NONE', #4683 ) ;
#1249 = CARTESIAN_POINT ( 'NONE',  ( -1.350000000000000311, 1.199999999999999956, -1.099999999999999867 ) ) ;
#1250 = ORIENTED_EDGE ( 'NONE', *, *, #1512, .F. ) ;
#1251 = CYLINDRICAL_SURFACE ( 'NONE', #1866, 0.2500000000000000000 ) ;
#1252 = DIRECTION ( 'NONE',  ( 1.501203008056852445E-15, 0.000000000000000000, -1.000000000000000000 ) ) ;
#1253 = EDGE_CURVE ( 'NONE', #1380, #2265, #1388, .T. ) ;
#1254 = ORIENTED_EDGE ( 'NONE', *, *, #3301, .F. ) ;
#1255 = LINE ( 'NONE', #2756, #1687 ) ;
#1256 = CARTESIAN_POINT ( 'NONE',  ( -1.450000000000000400, 1.149999999999999689, -0.9999999999999997780 ) ) ;
#1257 = ORIENTED_EDGE ( 'NONE', *, *, #2370, .T. ) ;
#1258 = LINE ( 'NONE', #2735, #1478 ) ;
#1259 = EDGE_CURVE ( 'NONE', #1493, #3555, #2138, .T. ) ;
#1260 = DIRECTION ( 'NONE',  ( -1.000000000000000000, 0.000000000000000000, 0.000000000000000000 ) ) ;
#1261 = DIRECTION ( 'NONE',  ( -1.000000000000000000, 0.000000000000000000, 1.606225440719265627E-16 ) ) ;
#1262 = ORIENTED_EDGE ( 'NONE', *, *, #3531, .F. ) ;
#1263 = FACE_OUTER_BOUND ( 'NONE', #1372, .T. ) ;
#1264 = DIRECTION ( 'NONE',  ( 0.000000000000000000, -1.000000000000000000, 0.000000000000000000 ) ) ;
#1265 = CARTESIAN_POINT ( 'NONE',  ( 1.549999999999991385, 0.9999999999999997780, 0.000000000000000000 ) ) ;
#1266 = ORIENTED_EDGE ( 'NONE', *, *, #2554, .F. ) ;
#1267 = VECTOR ( 'NONE', #1394, 1000.000000000000000 ) ;
#1268 = VERTEX_POINT ( 'NONE', #1812 ) ;
#1269 = EDGE_CURVE ( 'NONE', #3230, #3519, #1441, .T. ) ;
#1270 = DIRECTION ( 'NONE',  ( -1.084202172485504804E-16, 0.000000000000000000, -1.000000000000000000 ) ) ;
#1271 = ORIENTED_EDGE ( 'NONE', *, *, #1665, .T. ) ;
#1272 = DIRECTION ( 'NONE',  ( 0.000000000000000000, 0.000000000000000000, 1.000000000000000000 ) ) ;
#1273 = EDGE_LOOP ( 'NONE', ( #3807, #1515, #1131, #3136 ) ) ;
#1274 = CIRCLE ( 'NONE', #2409, 0.2500000000000000000 ) ;
#1275 = AXIS2_PLACEMENT_3D ( 'NONE', #370, #3981, #2484 ) ;
#1276 = DIRECTION ( 'NONE',  ( -1.000000000000000000, 0.000000000000000000, 0.000000000000000000 ) ) ;
#1277 = CARTESIAN_POINT ( 'NONE',  ( 1.600000000000000089, 0.9999999999999997780, 1.249999999999999778 ) ) ;
#1278 = AXIS2_PLACEMENT_3D ( 'NONE', #1948, #3396, #4138 ) ;
#1279 =( NAMED_UNIT ( * ) SI_UNIT ( $, .STERADIAN. ) SOLID_ANGLE_UNIT ( ) );
#1280 = DIRECTION ( 'NONE',  ( -0.000000000000000000, -1.000000000000000000, -0.000000000000000000 ) ) ;
#1281 = ORIENTED_EDGE ( 'NONE', *, *, #2396, .T. ) ;
#1282 = EDGE_CURVE ( 'NONE', #3126, #1316, #242, .T. ) ;
#1283 = APPLICATION_CONTEXT ( 'automotive_design' ) ;
#1284 = PLANE ( 'NONE',  #1644 ) ;
#1285 = EDGE_CURVE ( 'NONE', #2237, #855, #3384, .T. ) ;
#1286 = EDGE_LOOP ( 'NONE', ( #2227, #1440, #3151, #1342 ) ) ;
#1287 = CIRCLE ( 'NONE', #4119, 0.2499999999999985012 ) ;
#1288 = CARTESIAN_POINT ( 'NONE',  ( -1.450000000000000400, 1.149999999999999689, -0.9999999999999997780 ) ) ;
#1289 = CARTESIAN_POINT ( 'NONE',  ( -1.370871215252208009, 0.4999999999999998890, 1.149999999999999689 ) ) ;
#1290 = LINE ( 'NONE', #2693, #1891 ) ;
#1291 = ORIENTED_EDGE ( 'NONE', *, *, #224, .F. ) ;
#1292 = DIRECTION ( 'NONE',  ( -1.501203008056852445E-15, 0.000000000000000000, 1.000000000000000000 ) ) ;
#1293 = ORIENTED_EDGE ( 'NONE', *, *, #1001, .T. ) ;
#1294 = DIRECTION ( 'NONE',  ( -0.000000000000000000, -1.000000000000000000, 0.000000000000000000 ) ) ;
#1295 = CARTESIAN_POINT ( 'NONE',  ( 1.600000000000000089, 0.9999999999999997780, -1.099999999999999867 ) ) ;
#1296 = ORIENTED_EDGE ( 'NONE', *, *, #1991, .F. ) ;
#1297 = DIRECTION ( 'NONE',  ( -0.000000000000000000, -1.000000000000000000, -0.000000000000000000 ) ) ;
#1298 = ORIENTED_EDGE ( 'NONE', *, *, #3644, .T. ) ;
#1299 = AXIS2_PLACEMENT_3D ( 'NONE', #1771, #2056, #988 ) ;
#1300 = ORIENTED_EDGE ( 'NONE', *, *, #737, .T. ) ;
#1301 = CARTESIAN_POINT ( 'NONE',  ( 1.600000000000000089, 0.9999999999999997780, -1.249999999999999778 ) ) ;
#1302 = CARTESIAN_POINT ( 'NONE',  ( 0.6000000000000000888, 0.000000000000000000, 1.149999999999999689 ) ) ;
#1303 = DIRECTION ( 'NONE',  ( -1.000000000000000000, 0.000000000000000000, 0.000000000000000000 ) ) ;
#1304 = SURFACE_STYLE_FILL_AREA ( #1568 ) ;
#1305 = PLANE ( 'NONE',  #3342 ) ;
#1306 = AXIS2_PLACEMENT_3D ( 'NONE', #335, #4689, #1053 ) ;
#1307 = VECTOR ( 'NONE', #2698, 1000.000000000000000 ) ;
#1308 = EDGE_CURVE ( 'NONE', #442, #1855, #792, .T. ) ;
#1309 = FACE_OUTER_BOUND ( 'NONE', #1318, .T. ) ;
#1310 = VECTOR ( 'NONE', #4611, 1000.000000000000000 ) ;
#1311 = ORIENTED_EDGE ( 'NONE', *, *, #4564, .T. ) ;
#1312 = EDGE_CURVE ( 'NONE', #3171, #4180, #1882, .T. ) ;
#1313 = AXIS2_PLACEMENT_3D ( 'NONE', #619, #1700, #2426 ) ;
#1314 = CARTESIAN_POINT ( 'NONE',  ( 1.350000000000000089, 0.4999999999999998890, 1.249999999999999778 ) ) ;
#1315 = DIRECTION ( 'NONE',  ( -0.000000000000000000, -1.000000000000000000, -0.000000000000000000 ) ) ;
#1316 = VERTEX_POINT ( 'NONE', #4442 ) ;
#1317 = VECTOR ( 'NONE', #1757, 1000.000000000000000 ) ;
#1318 = EDGE_LOOP ( 'NONE', ( #1845, #3628, #2169, #4113 ) ) ;
#1319 = LINE ( 'NONE', #3539, #4143 ) ;
#1320 = ORIENTED_EDGE ( 'NONE', *, *, #1329, .T. ) ;
#1321 = DIRECTION ( 'NONE',  ( 0.000000000000000000, 0.000000000000000000, 1.000000000000000000 ) ) ;
#1322 = ORIENTED_EDGE ( 'NONE', *, *, #3986, .F. ) ;
#1323 = SURFACE_STYLE_FILL_AREA ( #1000 ) ;
#1324 = EDGE_LOOP ( 'NONE', ( #2810, #1785, #587, #1470 ) ) ;
#1325 = DIRECTION ( 'NONE',  ( 0.000000000000000000, 0.000000000000000000, 1.000000000000000000 ) ) ;
#1326 = CARTESIAN_POINT ( 'NONE',  ( -1.350000000000000089, 0.000000000000000000, -1.249999999999999778 ) ) ;
#1327 = CARTESIAN_POINT ( 'NONE',  ( 0.000000000000000000, 0.9999999999999997780, 1.249999999999999778 ) ) ;
#1328 = CYLINDRICAL_SURFACE ( 'NONE', #1194, 0.1524669288197409156 ) ;
#1329 = EDGE_CURVE ( 'NONE', #2308, #1774, #1157, .T. ) ;
#1330 = EDGE_CURVE ( 'NONE', #855, #2137, #318, .T. ) ;
#1331 = ORIENTED_EDGE ( 'NONE', *, *, #1543, .T. ) ;
#1332 = FACE_OUTER_BOUND ( 'NONE', #4468, .T. ) ;
#1333 = LINE ( 'NONE', #2508, #1060 ) ;
#1334 = CYLINDRICAL_SURFACE ( 'NONE', #2496, 0.04999999999999991257 ) ;
#1335 = ORIENTED_EDGE ( 'NONE', *, *, #3636, .T. ) ;
#1336 = EDGE_CURVE ( 'NONE', #3166, #1207, #396, .T. ) ;
#1337 = LINE ( 'NONE', #4607, #1142 ) ;
#1338 = CARTESIAN_POINT ( 'NONE',  ( -1.600000000000000089, 0.9999999999999997780, -0.2749999999999914180 ) ) ;
#1339 = LINE ( 'NONE', #4204, #272 ) ;
#1340 = ORIENTED_EDGE ( 'NONE', *, *, #1414, .T. ) ;
#1341 = CARTESIAN_POINT ( 'NONE',  ( -1.004584529893781442, 1.199999999999999956, 0.6868262879948838773 ) ) ;
#1342 = ORIENTED_EDGE ( 'NONE', *, *, #3440, .F. ) ;
#1343 = EDGE_CURVE ( 'NONE', #3146, #2175, #4123, .T. ) ;
#1344 = CARTESIAN_POINT ( 'NONE',  ( -1.549999999999991385, 0.000000000000000000, -0.3250000000000000111 ) ) ;
#1345 = DIRECTION ( 'NONE',  ( 0.000000000000000000, 0.000000000000000000, 1.000000000000000000 ) ) ;
#1346 = AXIS2_PLACEMENT_3D ( 'NONE', #4197, #3825, #572 ) ;
#1347 = CARTESIAN_POINT ( 'NONE',  ( 1.599999999999998312, 0.4999999999999998890, -1.249999999999999778 ) ) ;
#1348 = VECTOR ( 'NONE', #2855, 1000.000000000000000 ) ;
#1349 = CARTESIAN_POINT ( 'NONE',  ( -1.350000000000000311, 1.149999999999999911, -0.9999999999999997780 ) ) ;
#1350 = ORIENTED_EDGE ( 'NONE', *, *, #798, .F. ) ;
#1351 = DIRECTION ( 'NONE',  ( -0.000000000000000000, -1.000000000000000000, -0.000000000000000000 ) ) ;
#1352 = ADVANCED_FACE ( 'NONE', ( #1673 ), #2311, .F. ) ;
#1353 = EDGE_CURVE ( 'NONE', #2830, #1248, #3113, .T. ) ;
#1354 = CARTESIAN_POINT ( 'NONE',  ( -1.600000000000000089, 0.9999999999999997780, 0.000000000000000000 ) ) ;
#1355 = EDGE_LOOP ( 'NONE', ( #1293, #2590, #149, #4077 ) ) ;
#1356 = CARTESIAN_POINT ( 'NONE',  ( -1.600000000000000311, 0.4999999999999998890, -1.249999999999999778 ) ) ;
#1357 = ORIENTED_EDGE ( 'NONE', *, *, #3358, .F. ) ;
#1358 = LINE ( 'NONE', #2822, #430 ) ;
#1359 = VERTEX_POINT ( 'NONE', #3428 ) ;
#1360 = ORIENTED_EDGE ( 'NONE', *, *, #2731, .T. ) ;
#1361 = VECTOR ( 'NONE', #4200, 1000.000000000000000 ) ;
#1362 = ORIENTED_EDGE ( 'NONE', *, *, #293, .F. ) ;
#1363 = LINE ( 'NONE', #2831, #3192 ) ;
#1364 = EDGE_CURVE ( 'NONE', #3467, #2925, #2649, .T. ) ;
#1365 = DIRECTION ( 'NONE',  ( -0.000000000000000000, -1.000000000000000000, -0.000000000000000000 ) ) ;
#1366 = CARTESIAN_POINT ( 'NONE',  ( 1.370871215252208009, 0.000000000000000000, 1.149999999999999911 ) ) ;
#1367 = DIRECTION ( 'NONE',  ( 0.000000000000000000, 0.000000000000000000, -1.000000000000000000 ) ) ;
#1368 = TOROIDAL_SURFACE ( 'NONE', #4056, 0.1499999999999998834, 0.05000000000000000278 ) ;
#1369 = DIRECTION ( 'NONE',  ( -0.000000000000000000, -1.000000000000000000, -0.000000000000000000 ) ) ;
#1370 = DIRECTION ( 'NONE',  ( 0.000000000000000000, 0.000000000000000000, 1.000000000000000000 ) ) ;
#1371 = AXIS2_PLACEMENT_3D ( 'NONE', #1862, #2650, #4491 ) ;
#1372 = EDGE_LOOP ( 'NONE', ( #2451, #842, #32, #2748, #4389, #3590, #2604, #3687, #864, #3533, #661, #4393, #2612, #4245, #3345, #2953, #3497, #2195, #3561, #3263, #1562, #2633, #56, #701 ) ) ;
#1373 = VECTOR ( 'NONE', #2274, 1000.000000000000000 ) ;
#1374 = DIRECTION ( 'NONE',  ( -0.000000000000000000, -1.000000000000000000, -0.000000000000000000 ) ) ;
#1375 = ORIENTED_EDGE ( 'NONE', *, *, #2528, .F. ) ;
#1376 = LINE ( 'NONE', #394, #3402 ) ;
#1377 = ORIENTED_EDGE ( 'NONE', *, *, #4009, .F. ) ;
#1378 = LINE ( 'NONE', #2849, #1500 ) ;
#1379 = CARTESIAN_POINT ( 'NONE',  ( -1.350000000000000311, 1.199999999999999956, -0.9999999999999997780 ) ) ;
#1380 = VERTEX_POINT ( 'NONE', #4202 ) ;
#1381 = ADVANCED_FACE ( 'NONE', ( #3805 ), #3759, .T. ) ;
#1382 = AXIS2_PLACEMENT_3D ( 'NONE', #730, #4031, #2159 ) ;
#1383 = ADVANCED_FACE ( 'NONE', ( #3064 ), #4537, .T. ) ;
#1384 = ORIENTED_EDGE ( 'NONE', *, *, #3205, .T. ) ;
#1385 = FACE_OUTER_BOUND ( 'NONE', #1273, .T. ) ;
#1386 = DIRECTION ( 'NONE',  ( 0.000000000000000000, 0.000000000000000000, -1.000000000000000000 ) ) ;
#1387 = ORIENTED_EDGE ( 'NONE', *, *, #3755, .T. ) ;
#1388 = LINE ( 'NONE', #733, #1348 ) ;
#1389 = CARTESIAN_POINT ( 'NONE',  ( 1.600000000000000089, 0.000000000000000000, 0.9999999999999997780 ) ) ;
#1390 = DIRECTION ( 'NONE',  ( -0.000000000000000000, 1.000000000000000000, -0.000000000000000000 ) ) ;
#1391 = ADVANCED_BREP_SHAPE_REPRESENTATION ( 'ECS-3225MVLC-040-CN-TR', ( #4161, #4083, #2592, #4067, #2550, #1036, #4167, #3970, #582 ), #3996 ) ;
#1392 = EDGE_CURVE ( 'NONE', #696, #3146, #985, .T. ) ;
#1393 = EDGE_CURVE ( 'NONE', #2457, #2976, #2820, .T. ) ;
#1394 = DIRECTION ( 'NONE',  ( -0.000000000000000000, -1.000000000000000000, -0.000000000000000000 ) ) ;
#1395 = DIRECTION ( 'NONE',  ( -1.084202172485504804E-16, -0.000000000000000000, -1.000000000000000000 ) ) ;
#1396 = CARTESIAN_POINT ( 'NONE',  ( 1.600000000000000089, 0.9999999999999997780, 0.000000000000000000 ) ) ;
#1397 = ORIENTED_EDGE ( 'NONE', *, *, #1472, .T. ) ;
#1398 = EDGE_CURVE ( 'NONE', #2985, #1624, #646, .T. ) ;
#1399 = CARTESIAN_POINT ( 'NONE',  ( -1.004584529893781442, 1.149999999999999911, 0.5343593591751429894 ) ) ;
#1400 = LINE ( 'NONE', #3320, #2912 ) ;
#1401 = LINE ( 'NONE', #1695, #34 ) ;
#1402 = DIRECTION ( 'NONE',  ( 0.000000000000000000, 0.000000000000000000, -1.000000000000000000 ) ) ;
#1403 = VECTOR ( 'NONE', #1038, 1000.000000000000000 ) ;
#1404 = EDGE_LOOP ( 'NONE', ( #4402, #3623, #518, #3161, #3464, #4049 ) ) ;
#1405 = CARTESIAN_POINT ( 'NONE',  ( -1.004584529893781442, 1.199999999999999956, 0.5343593591751429894 ) ) ;
#1406 = ORIENTED_EDGE ( 'NONE', *, *, #892, .F. ) ;
#1407 = CARTESIAN_POINT ( 'NONE',  ( -1.350000000000000311, 1.149999999999999689, 0.9999999999999995559 ) ) ;
#1408 = VERTEX_POINT ( 'NONE', #4672 ) ;
#1409 = VERTEX_POINT ( 'NONE', #3952 ) ;
#1410 =( LENGTH_UNIT ( ) NAMED_UNIT ( * ) SI_UNIT ( .MILLI., .METRE. ) );
#1411 = CARTESIAN_POINT ( 'NONE',  ( -1.600000000000000311, 1.750000000000001332, -1.249999999999999778 ) ) ;
#1412 = LINE ( 'NONE', #3927, #439 ) ;
#1413 = FACE_OUTER_BOUND ( 'NONE', #2034, .T. ) ;
#1414 = EDGE_CURVE ( 'NONE', #468, #4071, #4194, .T. ) ;
#1415 = ORIENTED_EDGE ( 'NONE', *, *, #3846, .T. ) ;
#1416 = LINE ( 'NONE', #331, #1824 ) ;
#1417 = CARTESIAN_POINT ( 'NONE',  ( -1.450000000000000400, 0.9999999999999997780, -0.9999999999999997780 ) ) ;
#1418 = CYLINDRICAL_SURFACE ( 'NONE', #1898, 0.2500000000000000000 ) ;
#1419 = UNCERTAINTY_MEASURE_WITH_UNIT (LENGTH_MEASURE( 1.000000000000000082E-05 ), #4057, 'distance_accuracy_value', 'NONE');
#1420 = VECTOR ( 'NONE', #4064, 1000.000000000000000 ) ;
#1421 = CARTESIAN_POINT ( 'NONE',  ( 1.450000000000000178, 1.750000000000001332, -1.249999999999999778 ) ) ;
#1422 = DIRECTION ( 'NONE',  ( -0.000000000000000000, -0.000000000000000000, 1.000000000000000000 ) ) ;
#1423 = AXIS2_PLACEMENT_3D ( 'NONE', #3871, #3165, #2352 ) ;
#1424 = ADVANCED_FACE ( 'NONE', ( #2461 ), #2403, .T. ) ;
#1425 = LINE ( 'NONE', #1446, #3032 ) ;
#1426 = ORIENTED_EDGE ( 'NONE', *, *, #3441, .F. ) ;
#1427 = AXIS2_PLACEMENT_3D ( 'NONE', #2696, #2430, #1041 ) ;
#1428 = DIRECTION ( 'NONE',  ( 0.000000000000000000, -0.000000000000000000, 1.000000000000000000 ) ) ;
#1429 = CARTESIAN_POINT ( 'NONE',  ( -1.600000000000000311, 0.4999999999999998890, -1.249999999999999778 ) ) ;
#1430 = EDGE_CURVE ( 'NONE', #4556, #585, #1378, .T. ) ;
#1431 = VECTOR ( 'NONE', #441, 1000.000000000000000 ) ;
#1432 = ORIENTED_EDGE ( 'NONE', *, *, #2882, .F. ) ;
#1433 = LINE ( 'NONE', #1148, #3776 ) ;
#1434 = VERTEX_POINT ( 'NONE', #2941 ) ;
#1435 = DIRECTION ( 'NONE',  ( -0.000000000000000000, -1.000000000000000000, -0.000000000000000000 ) ) ;
#1436 = CARTESIAN_POINT ( 'NONE',  ( -1.600000000000008749, 0.000000000000000000, -0.3250000000000000111 ) ) ;
#1437 = ORIENTED_EDGE ( 'NONE', *, *, #173, .F. ) ;
#1438 = DIRECTION ( 'NONE',  ( -0.000000000000000000, 1.000000000000000000, -0.000000000000000000 ) ) ;
#1439 = PLANE ( 'NONE',  #2371 ) ;
#1440 = ORIENTED_EDGE ( 'NONE', *, *, #2683, .T. ) ;
#1441 = LINE ( 'NONE', #2903, #4497 ) ;
#1442 = LINE ( 'NONE', #3196, #4372 ) ;
#1443 = FACE_OUTER_BOUND ( 'NONE', #676, .T. ) ;
#1444 = DIRECTION ( 'NONE',  ( 0.000000000000000000, -1.000000000000000000, 0.000000000000000000 ) ) ;
#1445 = DIRECTION ( 'NONE',  ( 0.000000000000000000, -1.000000000000000000, 0.000000000000000000 ) ) ;
#1446 = CARTESIAN_POINT ( 'NONE',  ( -0.6000000000000000888, 0.4999999999999997780, 1.149999999999999689 ) ) ;
#1447 = ORIENTED_EDGE ( 'NONE', *, *, #4125, .T. ) ;
#1448 = EDGE_CURVE ( 'NONE', #449, #4155, #2043, .T. ) ;
#1449 = EDGE_CURVE ( 'NONE', #3398, #4426, #2174, .T. ) ;
#1450 = AXIS2_PLACEMENT_3D ( 'NONE', #1012, #3554, #693 ) ;
#1451 = PLANE ( 'NONE',  #2520 ) ;
#1452 = DIRECTION ( 'NONE',  ( 0.000000000000000000, -0.000000000000000000, -1.000000000000000000 ) ) ;
#1453 = CIRCLE ( 'NONE', #1223, 0.2500000000000000000 ) ;
#1454 = EDGE_LOOP ( 'NONE', ( #2509, #2690, #2236, #1755, #1213, #3999, #3078, #2563, #4486 ) ) ;
#1455 = PLANE ( 'NONE',  #2027 ) ;
#1456 = AXIS2_PLACEMENT_3D ( 'NONE', #2741, #940, #138 ) ;
#1457 = ADVANCED_FACE ( 'NONE', ( #4466 ), #4026, .T. ) ;
#1458 = CARTESIAN_POINT ( 'NONE',  ( 1.549999999999991385, 0.9999999999999997780, 0.5249999999999999112 ) ) ;
#1459 = CARTESIAN_POINT ( 'NONE',  ( 1.450000000000000178, 1.750000000000001332, 1.249999999999999778 ) ) ;
#1460 = DIRECTION ( 'NONE',  ( 0.000000000000000000, 1.000000000000000000, -0.000000000000000000 ) ) ;
#1461 = ORIENTED_EDGE ( 'NONE', *, *, #2744, .T. ) ;
#1462 = CARTESIAN_POINT ( 'NONE',  ( -0.5999999999999998668, 1.750000000000001332, 0.6999999999999997335 ) ) ;
#1463 = ORIENTED_EDGE ( 'NONE', *, *, #2076, .F. ) ;
#1464 = LINE ( 'NONE', #2115, #3295 ) ;
#1465 = VECTOR ( 'NONE', #2490, 1000.000000000000000 ) ;
#1466 = CARTESIAN_POINT ( 'NONE',  ( 1.599999999999998312, 0.000000000000000000, -1.249999999999999778 ) ) ;
#1467 = UNCERTAINTY_MEASURE_WITH_UNIT (LENGTH_MEASURE( 1.000000000000000082E-05 ), #1410, 'distance_accuracy_value', 'NONE');
#1468 = FACE_OUTER_BOUND ( 'NONE', #3855, .T. ) ;
#1469 = CARTESIAN_POINT ( 'NONE',  ( 1.370871215252208009, 0.4999999999999998890, -1.149999999999999689 ) ) ;
#1470 = ORIENTED_EDGE ( 'NONE', *, *, #2187, .F. ) ;
#1471 = LINE ( 'NONE', #1742, #3382 ) ;
#1472 = EDGE_CURVE ( 'NONE', #2267, #172, #398, .T. ) ;
#1473 = CARTESIAN_POINT ( 'NONE',  ( 0.6000000000000000888, 0.4999999999999998890, 1.149999999999999689 ) ) ;
#1474 = LINE ( 'NONE', #761, #3346 ) ;
#1475 = ORIENTED_EDGE ( 'NONE', *, *, #207, .F. ) ;
#1476 = LINE ( 'NONE', #2241, #1800 ) ;
#1477 = ORIENTED_EDGE ( 'NONE', *, *, #3882, .T. ) ;
#1478 = VECTOR ( 'NONE', #4187, 1000.000000000000000 ) ;
#1479 = CARTESIAN_POINT ( 'NONE',  ( 1.549999999999991385, 0.9999999999999997780, 0.000000000000000000 ) ) ;
#1480 = EDGE_CURVE ( 'NONE', #479, #27, #4072, .T. ) ;
#1481 = ORIENTED_EDGE ( 'NONE', *, *, #3418, .F. ) ;
#1482 = PLANE ( 'NONE',  #2763 ) ;
#1483 = CARTESIAN_POINT ( 'NONE',  ( -0.6000000000000000888, 0.000000000000000000, 1.149999999999999689 ) ) ;
#1484 = VECTOR ( 'NONE', #4669, 1000.000000000000000 ) ;
#1485 = DIRECTION ( 'NONE',  ( 0.000000000000000000, -1.000000000000000000, 0.000000000000000000 ) ) ;
#1486 = ORIENTED_EDGE ( 'NONE', *, *, #2296, .T. ) ;
#1487 = CARTESIAN_POINT ( 'NONE',  ( -1.600000000000000311, 0.000000000000000000, -1.249999999999999778 ) ) ;
#1488 = ADVANCED_FACE ( 'NONE', ( #1174 ), #1876, .F. ) ;
#1489 = DIRECTION ( 'NONE',  ( -0.000000000000000000, -1.000000000000000000, -0.000000000000000000 ) ) ;
#1490 = DIRECTION ( 'NONE',  ( -0.000000000000000000, -0.000000000000000000, 1.000000000000000000 ) ) ;
#1491 = DIRECTION ( 'NONE',  ( 0.000000000000000000, 1.000000000000000000, -0.000000000000000000 ) ) ;
#1492 = DIRECTION ( 'NONE',  ( -1.000000000000000000, 0.000000000000000000, 0.000000000000000000 ) ) ;
#1493 = VERTEX_POINT ( 'NONE', #832 ) ;
#1494 = VECTOR ( 'NONE', #2212, 1000.000000000000000 ) ;
#1495 = FACE_OUTER_BOUND ( 'NONE', #2682, .T. ) ;
#1496 = CARTESIAN_POINT ( 'NONE',  ( -1.370871215252208009, 0.4999999999999998890, 1.149999999999999689 ) ) ;
#1497 = CARTESIAN_POINT ( 'NONE',  ( 1.350000000000000311, 0.9999999999999997780, -1.000000000000000000 ) ) ;
#1498 = VECTOR ( 'NONE', #3175, 1000.000000000000000 ) ;
#1499 = EDGE_LOOP ( 'NONE', ( #838, #1978, #144, #484 ) ) ;
#1500 = VECTOR ( 'NONE', #1781, 1000.000000000000114 ) ;
#1501 = DIRECTION ( 'NONE',  ( -0.000000000000000000, -1.000000000000000000, -0.000000000000000000 ) ) ;
#1502 = AXIS2_PLACEMENT_3D ( 'NONE', #3407, #2674, #181 ) ;
#1503 = ORIENTED_EDGE ( 'NONE', *, *, #4092, .T. ) ;
#1504 = VERTEX_POINT ( 'NONE', #808 ) ;
#1505 = EDGE_CURVE ( 'NONE', #3903, #2638, #4008, .T. ) ;
#1506 = LINE ( 'NONE', #16, #3069 ) ;
#1507 = EDGE_CURVE ( 'NONE', #2824, #1609, #420, .T. ) ;
#1508 = ORIENTED_EDGE ( 'NONE', *, *, #3506, .T. ) ;
#1509 = DIRECTION ( 'NONE',  ( 1.000000000000000000, 0.000000000000000000, 0.000000000000000000 ) ) ;
#1510 = EDGE_LOOP ( 'NONE', ( #4374, #4475, #1320, #123 ) ) ;
#1511 = DIRECTION ( 'NONE',  ( -0.000000000000000000, -1.000000000000000000, -0.000000000000000000 ) ) ;
#1512 = EDGE_CURVE ( 'NONE', #1716, #4277, #4572, .T. ) ;
#1513 = CARTESIAN_POINT ( 'NONE',  ( -1.350000000000000089, 0.4999999999999997780, 1.249999999999999778 ) ) ;
#1514 = DIRECTION ( 'NONE',  ( 0.000000000000000000, 0.000000000000000000, 1.000000000000000000 ) ) ;
#1515 = ORIENTED_EDGE ( 'NONE', *, *, #653, .F. ) ;
#1516 = VECTOR ( 'NONE', #909, 1000.000000000000000 ) ;
#1517 = ORIENTED_EDGE ( 'NONE', *, *, #947, .T. ) ;
#1518 = CARTESIAN_POINT ( 'NONE',  ( 1.549999999999991385, 0.9999999999999997780, -0.3250000000000000111 ) ) ;
#1519 = AXIS2_PLACEMENT_3D ( 'NONE', #3908, #4637, #4619 ) ;
#1520 = LINE ( 'NONE', #2922, #3738 ) ;
#1521 = CARTESIAN_POINT ( 'NONE',  ( 1.350000000000000089, 0.4999999999999998890, -1.249999999999999778 ) ) ;
#1522 = DIRECTION ( 'NONE',  ( 0.000000000000000000, 0.000000000000000000, 1.000000000000000000 ) ) ;
#1523 = ORIENTED_EDGE ( 'NONE', *, *, #3308, .F. ) ;
#1524 = VECTOR ( 'NONE', #2973, 1000.000000000000000 ) ;
#1525 = CARTESIAN_POINT ( 'NONE',  ( -1.600000000000000089, 0.000000000000000000, 1.249999999999999778 ) ) ;
#1526 = VERTEX_POINT ( 'NONE', #3753 ) ;
#1527 = VECTOR ( 'NONE', #421, 1000.000000000000000 ) ;
#1528 = FACE_OUTER_BOUND ( 'NONE', #4441, .T. ) ;
#1529 = EDGE_CURVE ( 'NONE', #536, #4126, #3112, .T. ) ;
#1530 = DIRECTION ( 'NONE',  ( -1.000000000000000000, 0.000000000000000000, 0.000000000000000000 ) ) ;
#1531 = EDGE_CURVE ( 'NONE', #2487, #3758, #3084, .T. ) ;
#1532 = PRODUCT_DEFINITION_FORMATION_WITH_SPECIFIED_SOURCE ( 'ANY', '', #684, .NOT_KNOWN. ) ;
#1533 = CARTESIAN_POINT ( 'NONE',  ( 1.600000000000008749, 0.9999999999999997780, -0.3250000000000000111 ) ) ;
#1534 = ORIENTED_EDGE ( 'NONE', *, *, #4086, .T. ) ;
#1535 = DIRECTION ( 'NONE',  ( -1.000000000000000000, 0.000000000000000000, 0.000000000000000000 ) ) ;
#1536 = CIRCLE ( 'NONE', #4225, 0.05000000000000858619 ) ;
#1537 = ORIENTED_EDGE ( 'NONE', *, *, #1343, .T. ) ;
#1538 = CARTESIAN_POINT ( 'NONE',  ( -1.350000000000000311, 1.099999999999999867, 1.199999999999999734 ) ) ;
#1539 = CARTESIAN_POINT ( 'NONE',  ( -1.600000000000000089, 0.000000000000000000, -0.000000000000000000 ) ) ;
#1540 = VERTEX_POINT ( 'NONE', #127 ) ;
#1541 = EDGE_CURVE ( 'NONE', #3082, #411, #4507, .T. ) ;
#1542 = ORIENTED_EDGE ( 'NONE', *, *, #2374, .F. ) ;
#1543 = EDGE_CURVE ( 'NONE', #2504, #1219, #509, .T. ) ;
#1544 = CIRCLE ( 'NONE', #507, 0.1999999999999998723 ) ;
#1545 = DIRECTION ( 'NONE',  ( 1.000000000000000000, 0.000000000000000000, -1.606225440719265874E-16 ) ) ;
#1546 = CARTESIAN_POINT ( 'NONE',  ( -1.350000000000000089, 0.000000000000000000, 1.249999999999999778 ) ) ;
#1547 = CARTESIAN_POINT ( 'NONE',  ( -1.400000000000000355, 1.199999999999999956, 0.9999999999999995559 ) ) ;
#1548 = EDGE_CURVE ( 'NONE', #3894, #3337, #3037, .T. ) ;
#1549 = ORIENTED_EDGE ( 'NONE', *, *, #382, .F. ) ;
#1550 = CARTESIAN_POINT ( 'NONE',  ( 0.6000000000000001998, 0.000000000000000000, 0.4999999999999997780 ) ) ;
#1551 = ORIENTED_EDGE ( 'NONE', *, *, #463, .T. ) ;
#1552 = CARTESIAN_POINT ( 'NONE',  ( -0.8000000000000000444, 0.4999999999999998890, 0.4999999999999997780 ) ) ;
#1553 = ORIENTED_EDGE ( 'NONE', *, *, #1, .F. ) ;
#1554 = ORIENTED_EDGE ( 'NONE', *, *, #2920, .T. ) ;
#1555 = DIRECTION ( 'NONE',  ( 1.000000000000000000, 0.000000000000000000, 0.000000000000000000 ) ) ;
#1556 = AXIS2_PLACEMENT_3D ( 'NONE', #685, #3227, #3887 ) ;
#1557 = DIRECTION ( 'NONE',  ( -1.000000000000000000, -0.000000000000000000, 0.000000000000000000 ) ) ;
#1558 = CARTESIAN_POINT ( 'NONE',  ( -1.549999999999991385, 0.9999999999999997780, 0.000000000000000000 ) ) ;
#1559 = ORIENTED_EDGE ( 'NONE', *, *, #1873, .F. ) ;
#1560 = DIRECTION ( 'NONE',  ( 0.000000000000000000, 0.000000000000000000, 1.000000000000000000 ) ) ;
#1561 = EDGE_CURVE ( 'NONE', #3857, #1595, #1215, .T. ) ;
#1562 = ORIENTED_EDGE ( 'NONE', *, *, #2122, .F. ) ;
#1563 = DIRECTION ( 'NONE',  ( 0.000000000000000000, 0.000000000000000000, -1.000000000000000000 ) ) ;
#1564 = VERTEX_POINT ( 'NONE', #918 ) ;
#1565 = DIRECTION ( 'NONE',  ( -0.000000000000000000, 1.000000000000000000, -0.000000000000000000 ) ) ;
#1566 = EDGE_CURVE ( 'NONE', #844, #2363, #1577, .T. ) ;
#1567 = DIRECTION ( 'NONE',  ( 0.000000000000000000, 0.000000000000000000, 1.000000000000000000 ) ) ;
#1568 = FILL_AREA_STYLE ('',( #3910 ) ) ;
#1569 = VERTEX_POINT ( 'NONE', #1623 ) ;
#1570 = CIRCLE ( 'NONE', #2502, 0.2500000000000002220 ) ;
#1571 = EDGE_CURVE ( 'NONE', #3375, #3672, #3379, .T. ) ;
#1572 = DIRECTION ( 'NONE',  ( 0.000000000000000000, 0.000000000000000000, -1.000000000000000000 ) ) ;
#1573 = CARTESIAN_POINT ( 'NONE',  ( -1.450000000000000400, 0.9999999999999997780, 0.9999999999999995559 ) ) ;
#1574 = ORIENTED_EDGE ( 'NONE', *, *, #715, .F. ) ;
#1575 = DIRECTION ( 'NONE',  ( -0.000000000000000000, -1.000000000000000000, -0.000000000000000000 ) ) ;
#1576 = AXIS2_PLACEMENT_3D ( 'NONE', #2734, #933, #3006 ) ;
#1577 = CIRCLE ( 'NONE', #1973, 0.2500000000000000000 ) ;
#1578 = VERTEX_POINT ( 'NONE', #1573 ) ;
#1579 = DIRECTION ( 'NONE',  ( 0.000000000000000000, 1.000000000000000000, 0.000000000000000000 ) ) ;
#1580 = DIRECTION ( 'NONE',  ( 0.000000000000000000, 1.000000000000000000, -0.000000000000000000 ) ) ;
#1581 =( NAMED_UNIT ( * ) PLANE_ANGLE_UNIT ( ) SI_UNIT ( $, .RADIAN. ) );
#1582 = ORIENTED_EDGE ( 'NONE', *, *, #1449, .F. ) ;
#1583 = AXIS2_PLACEMENT_3D ( 'NONE', #4080, #2249, #3713 ) ;
#1584 = DIRECTION ( 'NONE',  ( -1.668003342285391551E-16, 0.000000000000000000, 1.000000000000000000 ) ) ;
#1585 = DIRECTION ( 'NONE',  ( -0.000000000000000000, -1.000000000000000000, -0.000000000000000000 ) ) ;
#1586 = ORIENTED_EDGE ( 'NONE', *, *, #4250, .T. ) ;
#1587 = CARTESIAN_POINT ( 'NONE',  ( 1.350000000000000311, 1.199999999999999956, 1.049999999999999822 ) ) ;
#1588 = CARTESIAN_POINT ( 'NONE',  ( 1.350000000000000089, 0.000000000000000000, 1.249999999999999778 ) ) ;
#1589 = ORIENTED_EDGE ( 'NONE', *, *, #3358, .T. ) ;
#1590 = EDGE_CURVE ( 'NONE', #4207, #1062, #4145, .T. ) ;
#1591 = DIRECTION ( 'NONE',  ( -1.000000000000000000, 0.000000000000000000, 0.000000000000000000 ) ) ;
#1592 = CARTESIAN_POINT ( 'NONE',  ( -1.350000000000000311, 0.9999999999999997780, -0.9999999999999997780 ) ) ;
#1593 = EDGE_CURVE ( 'NONE', #1933, #3725, #3824, .T. ) ;
#1594 = EDGE_CURVE ( 'NONE', #3448, #1208, #3343, .T. ) ;
#1595 = VERTEX_POINT ( 'NONE', #528 ) ;
#1596 = LINE ( 'NONE', #2306, #3818 ) ;
#1597 = LINE ( 'NONE', #1289, #4646 ) ;
#1598 = CLOSED_SHELL ( 'NONE', ( #3553, #472, #4111, #3041, #2729, #4557, #2829, #1627, #3698, #3386, #1793, #2061, #3557, #4485, #1879, #112, #2434, #919, #2708, #565, #4680 ) ) ;
#1599 = ORIENTED_EDGE ( 'NONE', *, *, #2313, .T. ) ;
#1600 = EDGE_CURVE ( 'NONE', #468, #707, #1597, .T. ) ;
#1601 = VECTOR ( 'NONE', #1721, 1000.000000000000000 ) ;
#1602 = ORIENTED_EDGE ( 'NONE', *, *, #4503, .T. ) ;
#1603 = CARTESIAN_POINT ( 'NONE',  ( 1.350000000000000311, 1.149999999999999911, -1.000000000000000000 ) ) ;
#1604 = DIRECTION ( 'NONE',  ( 0.000000000000000000, -1.000000000000000000, 0.000000000000000000 ) ) ;
#1605 = AXIS2_PLACEMENT_3D ( 'NONE', #2470, #3571, #3290 ) ;
#1606 = LINE ( 'NONE', #3019, #494 ) ;
#1607 = EDGE_LOOP ( 'NONE', ( #4570, #1702, #3480, #3801 ) ) ;
#1608 = VECTOR ( 'NONE', #2413, 1000.000000000000000 ) ;
#1609 = VERTEX_POINT ( 'NONE', #3014 ) ;
#1610 = TOROIDAL_SURFACE ( 'NONE', #2914, 0.05000000000000004441, 0.05000000000000000278 ) ;
#1611 = FACE_OUTER_BOUND ( 'NONE', #245, .T. ) ;
#1612 = FACE_OUTER_BOUND ( 'NONE', #4527, .T. ) ;
#1613 = DIRECTION ( 'NONE',  ( 0.000000000000000000, 0.000000000000000000, -1.000000000000000000 ) ) ;
#1614 = ORIENTED_EDGE ( 'NONE', *, *, #3364, .F. ) ;
#1615 = AXIS2_PLACEMENT_3D ( 'NONE', #2672, #2309, #858 ) ;
#1616 = DIRECTION ( 'NONE',  ( 0.000000000000000000, 0.000000000000000000, -1.000000000000000000 ) ) ;
#1617 = CARTESIAN_POINT ( 'NONE',  ( 0.6000000000000000888, 0.4999999999999998890, -1.149999999999999689 ) ) ;
#1618 = VECTOR ( 'NONE', #4174, 1000.000000000000000 ) ;
#1619 = VERTEX_POINT ( 'NONE', #4219 ) ;
#1620 = EDGE_CURVE ( 'NONE', #2257, #1024, #1241, .T. ) ;
#1621 = VECTOR ( 'NONE', #4181, 1000.000000000000000 ) ;
#1622 = FACE_OUTER_BOUND ( 'NONE', #2014, .T. ) ;
#1623 = CARTESIAN_POINT ( 'NONE',  ( 1.500000000000000000, 0.000000000000000000, 0.4999999999999997780 ) ) ;
#1624 = VERTEX_POINT ( 'NONE', #2692 ) ;
#1625 = LINE ( 'NONE', #3090, #3437 ) ;
#1626 = ORIENTED_EDGE ( 'NONE', *, *, #1777, .F. ) ;
#1627 = ADVANCED_FACE ( 'NONE', ( #2009 ), #4170, .F. ) ;
#1628 = LINE ( 'NONE', #2357, #1310 ) ;
#1629 = SURFACE_STYLE_USAGE ( .BOTH. , #4541 ) ;
#1630 = ORIENTED_EDGE ( 'NONE', *, *, #915, .F. ) ;
#1631 = ORIENTED_EDGE ( 'NONE', *, *, #4366, .T. ) ;
#1632 = CARTESIAN_POINT ( 'NONE',  ( 0.6000000000000000888, 0.4999999999999998890, 1.149999999999999689 ) ) ;
#1633 = CARTESIAN_POINT ( 'NONE',  ( -1.350000000000000311, 0.9999999999999997780, 1.099999999999999645 ) ) ;
#1634 = VERTEX_POINT ( 'NONE', #942 ) ;
#1635 = CARTESIAN_POINT ( 'NONE',  ( 0.5999999999999984235, 0.4999999999999997780, -0.4999999999999997780 ) ) ;
#1636 = EDGE_CURVE ( 'NONE', #2966, #4223, #2332, .T. ) ;
#1637 = PLANE ( 'NONE',  #3896 ) ;
#1638 = DIRECTION ( 'NONE',  ( 1.000000000000000000, -0.000000000000000000, 0.000000000000000000 ) ) ;
#1639 = ORIENTED_EDGE ( 'NONE', *, *, #1531, .T. ) ;
#1640 = DIRECTION ( 'NONE',  ( -0.000000000000000000, -1.000000000000000000, -0.000000000000000000 ) ) ;
#1641 = ORIENTED_EDGE ( 'NONE', *, *, #4244, .F. ) ;
#1642 = CARTESIAN_POINT ( 'NONE',  ( 1.350000000000000089, 0.4999999999999997780, -1.249999999999999778 ) ) ;
#1643 = CARTESIAN_POINT ( 'NONE',  ( -1.450000000000000178, 1.750000000000001332, -1.249999999999999778 ) ) ;
#1644 = AXIS2_PLACEMENT_3D ( 'NONE', #4112, #823, #4502 ) ;
#1645 = ORIENTED_EDGE ( 'NONE', *, *, #1593, .T. ) ;
#1646 = EDGE_CURVE ( 'NONE', #2257, #3398, #1049, .T. ) ;
#1647 = DIRECTION ( 'NONE',  ( 0.000000000000000000, -1.000000000000000000, 0.000000000000000000 ) ) ;
#1648 = DIRECTION ( 'NONE',  ( 1.000000000000000000, -0.000000000000000000, -0.000000000000000000 ) ) ;
#1649 = VERTEX_POINT ( 'NONE', #4196 ) ;
#1650 = DIRECTION ( 'NONE',  ( 0.000000000000000000, -0.000000000000000000, 1.000000000000000000 ) ) ;
#1651 = DIRECTION ( 'NONE',  ( 1.000000000000000000, 0.000000000000000000, 0.000000000000000000 ) ) ;
#1652 = VERTEX_POINT ( 'NONE', #2080 ) ;
#1653 = EDGE_CURVE ( 'NONE', #2457, #2707, #3868, .T. ) ;
#1654 = FACE_OUTER_BOUND ( 'NONE', #530, .T. ) ;
#1655 = VERTEX_POINT ( 'NONE', #271 ) ;
#1656 = VECTOR ( 'NONE', #3401, 1000.000000000000000 ) ;
#1657 = DIRECTION ( 'NONE',  ( -0.000000000000000000, -1.000000000000000000, -0.000000000000000000 ) ) ;
#1658 = EDGE_CURVE ( 'NONE', #1751, #1504, #2843, .T. ) ;
#1659 = CARTESIAN_POINT ( 'NONE',  ( -1.450000000000000178, 0.9999999999999997780, 1.249999999999999778 ) ) ;
#1660 = FACE_OUTER_BOUND ( 'NONE', #2310, .T. ) ;
#1661 = FACE_OUTER_BOUND ( 'NONE', #3365, .T. ) ;
#1662 = CIRCLE ( 'NONE', #1278, 0.05000000000000012768 ) ;
#1663 = VECTOR ( 'NONE', #2952, 1000.000000000000000 ) ;
#1664 = LINE ( 'NONE', #3132, #3959 ) ;
#1665 = EDGE_CURVE ( 'NONE', #4071, #562, #1333, .T. ) ;
#1666 = DIRECTION ( 'NONE',  ( 1.000000000000000000, 0.000000000000000000, -1.606225440719265874E-16 ) ) ;
#1667 = EDGE_LOOP ( 'NONE', ( #2866, #759, #4316, #2872 ) ) ;
#1668 = DIRECTION ( 'NONE',  ( -0.000000000000000000, -1.000000000000000000, -0.000000000000000000 ) ) ;
#1669 = CARTESIAN_POINT ( 'NONE',  ( 0.6000000000000000888, 0.4999999999999998890, -1.149999999999999689 ) ) ;
#1670 = DIRECTION ( 'NONE',  ( 0.000000000000000000, 0.000000000000000000, 1.000000000000000000 ) ) ;
#1671 = ORIENTED_EDGE ( 'NONE', *, *, #4450, .F. ) ;
#1672 = ORIENTED_EDGE ( 'NONE', *, *, #3614, .F. ) ;
#1673 = FACE_OUTER_BOUND ( 'NONE', #922, .T. ) ;
#1674 = CARTESIAN_POINT ( 'NONE',  ( -1.004584529893781442, 1.199999999999999956, 0.5343593591751429894 ) ) ;
#1675 = DIRECTION ( 'NONE',  ( 0.000000000000000000, 0.000000000000000000, 1.000000000000000000 ) ) ;
#1676 = ORIENTED_EDGE ( 'NONE', *, *, #1246, .F. ) ;
#1677 = FACE_OUTER_BOUND ( 'NONE', #2645, .T. ) ;
#1678 = EDGE_LOOP ( 'NONE', ( #3362, #997, #2348, #3729 ) ) ;
#1679 = AXIS2_PLACEMENT_3D ( 'NONE', #3111, #2375, #174 ) ;
#1680 = PLANE ( 'NONE',  #203 ) ;
#1681 = EDGE_CURVE ( 'NONE', #1205, #473, #989, .T. ) ;
#1682 = EDGE_CURVE ( 'NONE', #3781, #4180, #2885, .T. ) ;
#1683 = DIRECTION ( 'NONE',  ( 0.000000000000000000, 0.000000000000000000, -1.000000000000000000 ) ) ;
#1684 = AXIS2_PLACEMENT_3D ( 'NONE', #3735, #491, #1934 ) ;
#1685 = DIRECTION ( 'NONE',  ( 0.000000000000000000, -1.000000000000000000, 0.000000000000000000 ) ) ;
#1686 = CYLINDRICAL_SURFACE ( 'NONE', #315, 0.2499999999999997780 ) ;
#1687 = VECTOR ( 'NONE', #3075, 1000.000000000000000 ) ;
#1688 = PRESENTATION_LAYER_ASSIGNMENT (  '', '', ( #1773 ) ) ;
#1689 = LINE ( 'NONE', #4624, #670 ) ;
#1690 = CARTESIAN_POINT ( 'NONE',  ( 1.500000000000000000, 0.4999999999999998890, 0.4999999999999997780 ) ) ;
#1691 = ADVANCED_FACE ( 'NONE', ( #3208 ), #1013, .T. ) ;
#1692 = VECTOR ( 'NONE', #3660, 1000.000000000000000 ) ;
#1693 = EDGE_LOOP ( 'NONE', ( #2787, #1974, #2161, #2012 ) ) ;
#1694 = PRESENTATION_LAYER_ASSIGNMENT (  '', '', ( #1238 ) ) ;
#1695 = CARTESIAN_POINT ( 'NONE',  ( 1.600000000000000089, 0.9999999999999997780, 0.000000000000000000 ) ) ;
#1696 = LINE ( 'NONE', #3580, #152 ) ;
#1697 = CARTESIAN_POINT ( 'NONE',  ( 1.350000000000000089, 0.4999999999999997780, 1.249999999999999778 ) ) ;
#1698 = ORIENTED_EDGE ( 'NONE', *, *, #1144, .F. ) ;
#1699 = AXIS2_PLACEMENT_3D ( 'NONE', #2752, #3904, #2407 ) ;
#1700 = DIRECTION ( 'NONE',  ( 0.000000000000000000, 1.000000000000000000, -0.000000000000000000 ) ) ;
#1701 = DIRECTION ( 'NONE',  ( 0.000000000000000000, 0.000000000000000000, 1.000000000000000000 ) ) ;
#1702 = ORIENTED_EDGE ( 'NONE', *, *, #713, .T. ) ;
#1703 = CARTESIAN_POINT ( 'NONE',  ( -1.500000000000000000, 0.4999999999999997780, 1.020871215252207698 ) ) ;
#1704 = ORIENTED_EDGE ( 'NONE', *, *, #4450, .T. ) ;
#1705 = PLANE ( 'NONE',  #3313 ) ;
#1706 = EDGE_LOOP ( 'NONE', ( #3068, #3011, #1384, #3509 ) ) ;
#1707 = VERTEX_POINT ( 'NONE', #4264 ) ;
#1708 = DIRECTION ( 'NONE',  ( 0.000000000000000000, 1.000000000000000000, 0.000000000000000000 ) ) ;
#1709 = LINE ( 'NONE', #2365, #2984 ) ;
#1710 = CARTESIAN_POINT ( 'NONE',  ( 1.500000000000000000, 0.000000000000000000, -1.020871215252207698 ) ) ;
#1711 = CARTESIAN_POINT ( 'NONE',  ( 0.000000000000000000, 0.000000000000000000, 1.249999999999999778 ) ) ;
#1712 = EDGE_CURVE ( 'NONE', #750, #81, #3182, .T. ) ;
#1713 = EDGE_CURVE ( 'NONE', #804, #4207, #1696, .T. ) ;
#1714 = CARTESIAN_POINT ( 'NONE',  ( -1.600000000000008749, 0.9999999999999997780, 0.5249999999999999112 ) ) ;
#1715 = DIRECTION ( 'NONE',  ( -0.000000000000000000, -1.000000000000000000, -0.000000000000000000 ) ) ;
#1716 = VERTEX_POINT ( 'NONE', #2031 ) ;
#1717 = VECTOR ( 'NONE', #4069, 1000.000000000000000 ) ;
#1718 = FACE_OUTER_BOUND ( 'NONE', #3754, .T. ) ;
#1719 = EDGE_CURVE ( 'NONE', #3448, #3166, #3164, .T. ) ;
#1720 = CARTESIAN_POINT ( 'NONE',  ( -1.350000000000000089, 0.000000000000000000, 1.249999999999999778 ) ) ;
#1721 = DIRECTION ( 'NONE',  ( -0.000000000000000000, -1.000000000000000000, -0.000000000000000000 ) ) ;
#1722 = DIRECTION ( 'NONE',  ( 1.000000000000000000, 0.000000000000000000, 0.000000000000000000 ) ) ;
#1723 = ORIENTED_EDGE ( 'NONE', *, *, #2975, .T. ) ;
#1724 = LINE ( 'NONE', #2106, #1403 ) ;
#1725 = EDGE_CURVE ( 'NONE', #4221, #397, #2721, .T. ) ;
#1726 = DIRECTION ( 'NONE',  ( 0.000000000000000000, 0.000000000000000000, -1.000000000000000000 ) ) ;
#1727 = ORIENTED_EDGE ( 'NONE', *, *, #1541, .F. ) ;
#1728 = ORIENTED_EDGE ( 'NONE', *, *, #2511, .F. ) ;
#1729 = AXIS2_PLACEMENT_3D ( 'NONE', #1407, #1088, #4345 ) ;
#1730 = CARTESIAN_POINT ( 'NONE',  ( -1.350000000000000311, 1.099999999999999867, -1.149999999999999245 ) ) ;
#1731 = ORIENTED_EDGE ( 'NONE', *, *, #1821, .F. ) ;
#1732 = CARTESIAN_POINT ( 'NONE',  ( 1.350000000000000311, 1.149999999999999689, 0.9999999999999995559 ) ) ;
#1733 = DIRECTION ( 'NONE',  ( -0.000000000000000000, -0.000000000000000000, 1.000000000000000000 ) ) ;
#1734 = DIRECTION ( 'NONE',  ( 0.000000000000000000, 0.000000000000000000, -1.000000000000000000 ) ) ;
#1735 = CARTESIAN_POINT ( 'NONE',  ( -0.6000000000000000888, 0.4999999999999997780, 1.149999999999999689 ) ) ;
#1736 = AXIS2_PLACEMENT_3D ( 'NONE', #4448, #1489, #2931 ) ;
#1737 = AXIS2_PLACEMENT_3D ( 'NONE', #3682, #101, #1087 ) ;
#1738 = DIRECTION ( 'NONE',  ( 0.000000000000000000, -0.000000000000000000, -1.000000000000000000 ) ) ;
#1739 = CARTESIAN_POINT ( 'NONE',  ( 0.6000000000000000888, 0.4999999999999998890, 1.149999999999999689 ) ) ;
#1740 = ORIENTED_EDGE ( 'NONE', *, *, #1961, .T. ) ;
#1741 = CARTESIAN_POINT ( 'NONE',  ( 1.600000000000000089, 1.750000000000001332, 0.9999999999999997780 ) ) ;
#1742 = CARTESIAN_POINT ( 'NONE',  ( 0.6000000000000000888, 0.000000000000000000, -1.149999999999999689 ) ) ;
#1743 = EDGE_CURVE ( 'NONE', #1634, #3538, #640, .T. ) ;
#1744 = LINE ( 'NONE', #1354, #2661 ) ;
#1745 = ADVANCED_FACE ( 'NONE', ( #317 ), #4695, .F. ) ;
#1746 = DIRECTION ( 'NONE',  ( 0.000000000000000000, 0.000000000000000000, 1.000000000000000000 ) ) ;
#1747 = ORIENTED_EDGE ( 'NONE', *, *, #1681, .T. ) ;
#1748 = CARTESIAN_POINT ( 'NONE',  ( -1.600000000000000089, 1.750000000000001332, 1.249999999999999778 ) ) ;
#1749 = VECTOR ( 'NONE', #3062, 1000.000000000000000 ) ;
#1750 = DIRECTION ( 'NONE',  ( -0.000000000000000000, -1.000000000000000000, -0.000000000000000000 ) ) ;
#1751 = VERTEX_POINT ( 'NONE', #2770 ) ;
#1752 = CARTESIAN_POINT ( 'NONE',  ( 1.500000000000000000, 1.750000000000001332, 0.4999999999999997780 ) ) ;
#1753 = CARTESIAN_POINT ( 'NONE',  ( -1.350000000000000311, 1.199999999999999956, -1.099999999999999867 ) ) ;
#1754 = EDGE_CURVE ( 'NONE', #458, #81, #4241, .T. ) ;
#1755 = ORIENTED_EDGE ( 'NONE', *, *, #3524, .T. ) ;
#1756 = ORIENTED_EDGE ( 'NONE', *, *, #3336, .T. ) ;
#1757 = DIRECTION ( 'NONE',  ( -0.000000000000000000, -0.000000000000000000, 1.000000000000000000 ) ) ;
#1758 = ORIENTED_EDGE ( 'NONE', *, *, #3412, .F. ) ;
#1759 = LINE ( 'NONE', #3991, #1126 ) ;
#1760 = DIRECTION ( 'NONE',  ( 0.000000000000000000, 1.000000000000000000, 0.000000000000000000 ) ) ;
#1761 = CARTESIAN_POINT ( 'NONE',  ( -1.350000000000000089, 0.000000000000000000, -1.249999999999999778 ) ) ;
#1762 = EDGE_CURVE ( 'NONE', #481, #2695, #1169, .T. ) ;
#1763 = CARTESIAN_POINT ( 'NONE',  ( 1.350000000000000311, 1.149999999999999689, -1.149999999999999911 ) ) ;
#1764 = AXIS2_PLACEMENT_3D ( 'NONE', #2998, #903, #1956 ) ;
#1765 = VECTOR ( 'NONE', #1101, 1000.000000000000000 ) ;
#1766 = DIRECTION ( 'NONE',  ( 0.000000000000000000, -1.000000000000000000, 0.000000000000000000 ) ) ;
#1767 = LINE ( 'NONE', #4641, #388 ) ;
#1768 = AXIS2_PLACEMENT_3D ( 'NONE', #4078, #1579, #3408 ) ;
#1769 = ORIENTED_EDGE ( 'NONE', *, *, #3941, .F. ) ;
#1770 = AXIS2_PLACEMENT_3D ( 'NONE', #2263, #2992, #4412 ) ;
#1771 = CARTESIAN_POINT ( 'NONE',  ( 1.600000000000000089, 0.9999999999999997780, 0.000000000000000000 ) ) ;
#1772 = CARTESIAN_POINT ( 'NONE',  ( -1.500000000000000222, 1.099999999999999867, 0.9999999999999995559 ) ) ;
#1773 = STYLED_ITEM ( 'NONE', ( #3806 ), #2592 ) ;
#1774 = VERTEX_POINT ( 'NONE', #1871 ) ;
#1775 = AXIS2_PLACEMENT_3D ( 'NONE', #4010, #749, #2943 ) ;
#1776 = CIRCLE ( 'NONE', #354, 0.1000000000000000472 ) ;
#1777 = EDGE_CURVE ( 'NONE', #3109, #2066, #2575, .T. ) ;
#1778 = CARTESIAN_POINT ( 'NONE',  ( -0.6000000000000000888, 0.4999999999999998890, 1.149999999999999689 ) ) ;
#1779 = AXIS2_PLACEMENT_3D ( 'NONE', #3071, #4544, #1252 ) ;
#1780 = ORIENTED_EDGE ( 'NONE', *, *, #3002, .F. ) ;
#1781 = DIRECTION ( 'NONE',  ( 0.7071067811865479058, 0.000000000000000000, 0.7071067811865471286 ) ) ;
#1782 = CARTESIAN_POINT ( 'NONE',  ( -1.500000000000000000, 0.4999999999999997780, 1.020871215252207698 ) ) ;
#1783 = ORIENTED_EDGE ( 'NONE', *, *, #2154, .T. ) ;
#1784 = LINE ( 'NONE', #2109, #1692 ) ;
#1785 = ORIENTED_EDGE ( 'NONE', *, *, #2948, .T. ) ;
#1786 = DIRECTION ( 'NONE',  ( 0.000000000000000000, 0.000000000000000000, -1.000000000000000000 ) ) ;
#1787 = EDGE_CURVE ( 'NONE', #2780, #2240, #1570, .T. ) ;
#1788 = DIRECTION ( 'NONE',  ( -0.000000000000000000, 0.000000000000000000, -1.000000000000000000 ) ) ;
#1789 = EDGE_LOOP ( 'NONE', ( #2273, #2513, #4642, #1481 ) ) ;
#1790 = DIRECTION ( 'NONE',  ( 0.000000000000000000, -1.000000000000000000, 0.000000000000000000 ) ) ;
#1791 = DIRECTION ( 'NONE',  ( 0.000000000000000000, 1.000000000000000000, -0.000000000000000000 ) ) ;
#1792 = CARTESIAN_POINT ( 'NONE',  ( -1.600000000000000089, 1.750000000000001332, -0.9999999999999997780 ) ) ;
#1793 = ADVANCED_FACE ( 'NONE', ( #3350 ), #3653, .T. ) ;
#1794 = CARTESIAN_POINT ( 'NONE',  ( 1.350000000000000311, 1.149999999999999689, 1.199999999999999289 ) ) ;
#1795 = VERTEX_POINT ( 'NONE', #2615 ) ;
#1796 = PLANE ( 'NONE',  #968 ) ;
#1797 = CARTESIAN_POINT ( 'NONE',  ( -1.450000000000000400, 1.149999999999999911, -0.9999999999999995559 ) ) ;
#1798 = CARTESIAN_POINT ( 'NONE',  ( 1.500000000000000000, 0.4999999999999998890, 1.020871215252207698 ) ) ;
#1799 = CARTESIAN_POINT ( 'NONE',  ( 1.549999999999991385, 0.9999999999999997780, 0.000000000000000000 ) ) ;
#1800 = VECTOR ( 'NONE', #483, 1000.000000000000000 ) ;
#1801 = ORIENTED_EDGE ( 'NONE', *, *, #1018, .F. ) ;
#1802 = DIRECTION ( 'NONE',  ( 1.000000000000000000, -0.000000000000000000, 0.000000000000000000 ) ) ;
#1803 = ORIENTED_EDGE ( 'NONE', *, *, #3301, .T. ) ;
#1804 = CARTESIAN_POINT ( 'NONE',  ( -1.350000000000000311, 1.099999999999999867, -0.9999999999999997780 ) ) ;
#1805 = CARTESIAN_POINT ( 'NONE',  ( 0.5999999999999984235, 1.750000000000001332, -0.4999999999999997780 ) ) ;
#1806 = ORIENTED_EDGE ( 'NONE', *, *, #293, .T. ) ;
#1807 = SHAPE_DEFINITION_REPRESENTATION ( #2447, #1391 ) ;
#1808 = FACE_OUTER_BOUND ( 'NONE', #3316, .T. ) ;
#1809 = CARTESIAN_POINT ( 'NONE',  ( 0.5999999999999984235, 0.000000000000000000, -0.4999999999999997780 ) ) ;
#1810 = LINE ( 'NONE', #3315, #875 ) ;
#1811 = ORIENTED_EDGE ( 'NONE', *, *, #1815, .T. ) ;
#1812 = CARTESIAN_POINT ( 'NONE',  ( 1.600000000000000089, 0.4999999999999998890, 0.9999999999999997780 ) ) ;
#1813 = DIRECTION ( 'NONE',  ( 0.000000000000000000, 0.000000000000000000, 1.000000000000000000 ) ) ;
#1814 = EDGE_CURVE ( 'NONE', #4663, #1217, #3264, .T. ) ;
#1815 = EDGE_CURVE ( 'NONE', #432, #1493, #2417, .T. ) ;
#1816 = SURFACE_STYLE_USAGE ( .BOTH. , #4712 ) ;
#1817 = EDGE_CURVE ( 'NONE', #1380, #2616, #391, .T. ) ;
#1818 = VECTOR ( 'NONE', #503, 1000.000000000000000 ) ;
#1819 = DIRECTION ( 'NONE',  ( 0.000000000000000000, 0.000000000000000000, -1.000000000000000000 ) ) ;
#1820 = CARTESIAN_POINT ( 'NONE',  ( 1.400000000000000355, 1.199999999999999956, -1.000000000000000000 ) ) ;
#1821 = EDGE_CURVE ( 'NONE', #2534, #2556, #4002, .T. ) ;
#1822 = ORIENTED_EDGE ( 'NONE', *, *, #3121, .F. ) ;
#1823 = AXIS2_PLACEMENT_3D ( 'NONE', #683, #611, #2052 ) ;
#1824 = VECTOR ( 'NONE', #2518, 1000.000000000000000 ) ;
#1825 = DIRECTION ( 'NONE',  ( -0.000000000000000000, -1.000000000000000000, -0.000000000000000000 ) ) ;
#1826 = DIRECTION ( 'NONE',  ( -1.000000000000000000, 0.000000000000000000, 0.000000000000000000 ) ) ;
#1827 = DIRECTION ( 'NONE',  ( 0.000000000000000000, -1.000000000000000000, 0.000000000000000000 ) ) ;
#1828 = VECTOR ( 'NONE', #1005, 1000.000000000000000 ) ;
#1829 = AXIS2_PLACEMENT_3D ( 'NONE', #1592, #894, #3054 ) ;
#1830 = ORIENTED_EDGE ( 'NONE', *, *, #4631, .T. ) ;
#1831 = DIRECTION ( 'NONE',  ( 0.000000000000000000, -1.000000000000000000, 0.000000000000000000 ) ) ;
#1832 = ORIENTED_EDGE ( 'NONE', *, *, #775, .T. ) ;
#1833 = DIRECTION ( 'NONE',  ( 0.000000000000000000, 1.000000000000000000, -0.000000000000000000 ) ) ;
#1834 = ORIENTED_EDGE ( 'NONE', *, *, #4623, .F. ) ;
#1835 = CARTESIAN_POINT ( 'NONE',  ( 1.450000000000000400, 0.9999999999999997780, 0.9999999999999995559 ) ) ;
#1836 = DIRECTION ( 'NONE',  ( -0.000000000000000000, 1.000000000000000000, -0.000000000000000000 ) ) ;
#1837 = CARTESIAN_POINT ( 'NONE',  ( -1.550000000000000266, 0.9999999999999997780, 0.9999999999999995559 ) ) ;
#1838 = VERTEX_POINT ( 'NONE', #2918 ) ;
#1839 = CARTESIAN_POINT ( 'NONE',  ( -1.400000000000000355, 1.149999999999999911, -0.9999999999999997780 ) ) ;
#1840 = PLANE ( 'NONE',  #1605 ) ;
#1841 = CARTESIAN_POINT ( 'NONE',  ( -0.6000000000000009770, 0.000000000000000000, -0.4999999999999997780 ) ) ;
#1842 = EDGE_CURVE ( 'NONE', #172, #2824, #2552, .T. ) ;
#1843 = DIRECTION ( 'NONE',  ( -0.000000000000000000, -1.000000000000000000, -0.000000000000000000 ) ) ;
#1844 = FACE_OUTER_BOUND ( 'NONE', #4047, .T. ) ;
#1845 = ORIENTED_EDGE ( 'NONE', *, *, #2683, .F. ) ;
#1846 = CIRCLE ( 'NONE', #857, 0.04999999999999991257 ) ;
#1847 = ADVANCED_FACE ( 'NONE', ( #3612 ), #366, .T. ) ;
#1848 = LINE ( 'NONE', #4021, #4596 ) ;
#1849 = CARTESIAN_POINT ( 'NONE',  ( -1.550000000000000488, 1.099999999999999867, -0.9999999999999997780 ) ) ;
#1850 = VECTOR ( 'NONE', #902, 1000.000000000000000 ) ;
#1851 = VERTEX_POINT ( 'NONE', #1849 ) ;
#1852 = LINE ( 'NONE', #1518, #2701 ) ;
#1853 = AXIS2_PLACEMENT_3D ( 'NONE', #2339, #1980, #1683 ) ;
#1854 = EDGE_CURVE ( 'NONE', #4180, #2066, #1474, .T. ) ;
#1855 = VERTEX_POINT ( 'NONE', #55 ) ;
#1856 = AXIS2_PLACEMENT_3D ( 'NONE', #2303, #169, #523 ) ;
#1857 = FILL_AREA_STYLE ('',( #4097 ) ) ;
#1858 = VERTEX_POINT ( 'NONE', #780 ) ;
#1859 = LINE ( 'NONE', #1835, #2994 ) ;
#1860 = CARTESIAN_POINT ( 'NONE',  ( 1.600000000000000089, 0.000000000000000000, 1.099999999999999867 ) ) ;
#1861 = ORIENTED_EDGE ( 'NONE', *, *, #2857, .F. ) ;
#1862 = CARTESIAN_POINT ( 'NONE',  ( -1.600000000000000311, 0.000000000000000000, -1.249999999999999778 ) ) ;
#1863 = DIRECTION ( 'NONE',  ( 0.000000000000000000, 0.000000000000000000, -1.000000000000000000 ) ) ;
#1864 = CARTESIAN_POINT ( 'NONE',  ( -1.450000000000000400, 1.149999999999999689, -0.9999999999999997780 ) ) ;
#1865 = VECTOR ( 'NONE', #1034, 1000.000000000000000 ) ;
#1866 = AXIS2_PLACEMENT_3D ( 'NONE', #3455, #210, #4273 ) ;
#1867 = ORIENTED_EDGE ( 'NONE', *, *, #23, .T. ) ;
#1868 = CARTESIAN_POINT ( 'NONE',  ( -0.6000000000000000888, 0.000000000000000000, 1.149999999999999689 ) ) ;
#1869 = ORIENTED_EDGE ( 'NONE', *, *, #3027, .F. ) ;
#1870 = DIRECTION ( 'NONE',  ( 0.000000000000000000, 0.000000000000000000, 1.000000000000000000 ) ) ;
#1871 = CARTESIAN_POINT ( 'NONE',  ( -1.370871215252208009, 0.000000000000000000, 1.149999999999999689 ) ) ;
#1872 = ORIENTED_EDGE ( 'NONE', *, *, #3579, .T. ) ;
#1873 = EDGE_CURVE ( 'NONE', #1243, #2257, #2217, .T. ) ;
#1874 = LINE ( 'NONE', #763, #3104 ) ;
#1875 = ORIENTED_EDGE ( 'NONE', *, *, #4322, .F. ) ;
#1876 = PLANE ( 'NONE',  #467 ) ;
#1877 = DIRECTION ( 'NONE',  ( -0.000000000000000000, -1.000000000000000000, -0.000000000000000000 ) ) ;
#1878 = ORIENTED_EDGE ( 'NONE', *, *, #3506, .F. ) ;
#1879 = ADVANCED_FACE ( 'NONE', ( #3419 ), #2049, .T. ) ;
#1880 = AXIS2_PLACEMENT_3D ( 'NONE', #805, #1924, #2937 ) ;
#1881 = ORIENTED_EDGE ( 'NONE', *, *, #4039, .F. ) ;
#1882 = LINE ( 'NONE', #3708, #3490 ) ;
#1883 = CARTESIAN_POINT ( 'NONE',  ( 1.600000000000000089, 0.000000000000000000, 0.000000000000000000 ) ) ;
#1884 = DIRECTION ( 'NONE',  ( -0.000000000000000000, -1.000000000000000000, -0.000000000000000000 ) ) ;
#1885 = CARTESIAN_POINT ( 'NONE',  ( 1.549999999999991385, 0.9999999999999997780, 0.5249999999999999112 ) ) ;
#1886 = AXIS2_PLACEMENT_3D ( 'NONE', #443, #2986, #417 ) ;
#1887 = ORIENTED_EDGE ( 'NONE', *, *, #3788, .T. ) ;
#1888 = VECTOR ( 'NONE', #4136, 1000.000000000000000 ) ;
#1889 = EDGE_LOOP ( 'NONE', ( #2549, #2277, #377, #2384, #1072, #546, #255, #2850 ) ) ;
#1890 = AXIS2_PLACEMENT_3D ( 'NONE', #383, #1444, #4355 ) ;
#1891 = VECTOR ( 'NONE', #4172, 1000.000000000000000 ) ;
#1892 = CARTESIAN_POINT ( 'NONE',  ( -1.600000000000000089, 0.000000000000000000, 1.099999999999999867 ) ) ;
#1893 = ORIENTED_EDGE ( 'NONE', *, *, #241, .T. ) ;
#1894 = VECTOR ( 'NONE', #3799, 1000.000000000000000 ) ;
#1895 = CYLINDRICAL_SURFACE ( 'NONE', #2704, 0.04999999999999991257 ) ;
#1896 = EDGE_CURVE ( 'NONE', #1208, #3126, #1662, .T. ) ;
#1897 = EDGE_CURVE ( 'NONE', #3915, #4418, #3706, .T. ) ;
#1898 = AXIS2_PLACEMENT_3D ( 'NONE', #1098, #2183, #2209 ) ;
#1899 = VECTOR ( 'NONE', #664, 1000.000000000000000 ) ;
#1900 = DIRECTION ( 'NONE',  ( 0.000000000000000000, 0.000000000000000000, 1.000000000000000000 ) ) ;
#1901 = ADVANCED_FACE ( 'NONE', ( #4573 ), #1237, .T. ) ;
#1902 = CARTESIAN_POINT ( 'NONE',  ( 1.599999999999998312, 0.4999999999999998890, -1.100000000000000755 ) ) ;
#1903 = DIRECTION ( 'NONE',  ( -1.000000000000000000, -0.000000000000000000, -0.000000000000000000 ) ) ;
#1904 = ORIENTED_EDGE ( 'NONE', *, *, #960, .F. ) ;
#1905 = DIRECTION ( 'NONE',  ( 1.000000000000000000, 0.000000000000000000, 0.000000000000000000 ) ) ;
#1906 = ORIENTED_EDGE ( 'NONE', *, *, #1448, .F. ) ;
#1907 = DIRECTION ( 'NONE',  ( 0.000000000000000000, -1.000000000000000000, 0.000000000000000000 ) ) ;
#1908 = EDGE_CURVE ( 'NONE', #4185, #3017, #401, .T. ) ;
#1909 = CYLINDRICAL_SURFACE ( 'NONE', #3370, 0.05000000000000858619 ) ;
#1910 = EDGE_CURVE ( 'NONE', #4692, #3907, #4482, .T. ) ;
#1911 = EDGE_LOOP ( 'NONE', ( #2848, #4205, #2868, #283, #297, #3576, #3123, #3043 ) ) ;
#1912 = FACE_OUTER_BOUND ( 'NONE', #2839, .T. ) ;
#1913 = VERTEX_POINT ( 'NONE', #2323 ) ;
#1914 = DIRECTION ( 'NONE',  ( -1.000000000000000000, 0.000000000000000000, -0.000000000000000000 ) ) ;
#1915 = ADVANCED_FACE ( 'NONE', ( #3439 ), #1284, .T. ) ;
#1916 = CARTESIAN_POINT ( 'NONE',  ( -1.600000000000000089, 0.4999999999999997780, -1.099999999999999867 ) ) ;
#1917 = EDGE_LOOP ( 'NONE', ( #895, #4679, #13, #191, #1830, #314, #278, #3414, #1447 ) ) ;
#1918 = ORIENTED_EDGE ( 'NONE', *, *, #3162, .F. ) ;
#1919 = FACE_OUTER_BOUND ( 'NONE', #2038, .T. ) ;
#1920 = CLOSED_SHELL ( 'NONE', ( #521, #1915, #2790, #2151, #850, #4158, #588, #1031, #3222, #3340, #4668 ) ) ;
#1921 = CARTESIAN_POINT ( 'NONE',  ( -1.500000000000000000, 0.000000000000000000, -1.020871215252207698 ) ) ;
#1922 = AXIS2_PLACEMENT_3D ( 'NONE', #3207, #4664, #4311 ) ;
#1923 = ORIENTED_EDGE ( 'NONE', *, *, #1681, .F. ) ;
#1924 = DIRECTION ( 'NONE',  ( -0.000000000000000000, 1.000000000000000000, -0.000000000000000000 ) ) ;
#1925 = VECTOR ( 'NONE', #451, 1000.000000000000000 ) ;
#1926 = VERTEX_POINT ( 'NONE', #4089 ) ;
#1927 = ORIENTED_EDGE ( 'NONE', *, *, #4186, .T. ) ;
#1928 = EDGE_CURVE ( 'NONE', #2751, #4663, #2710, .T. ) ;
#1929 = AXIS2_PLACEMENT_3D ( 'NONE', #2167, #2144, #2569 ) ;
#1930 = CARTESIAN_POINT ( 'NONE',  ( 1.600000000000000089, 0.4999999999999998890, 0.9999999999999997780 ) ) ;
#1931 = CIRCLE ( 'NONE', #4602, 0.2500000000000000000 ) ;
#1932 = CARTESIAN_POINT ( 'NONE',  ( -1.600000000000000089, 0.9999999999999997780, -1.099999999999999867 ) ) ;
#1933 = VERTEX_POINT ( 'NONE', #142 ) ;
#1934 = DIRECTION ( 'NONE',  ( 0.000000000000000000, 0.000000000000000000, -1.000000000000000000 ) ) ;
#1935 = DIRECTION ( 'NONE',  ( 0.000000000000000000, -1.000000000000000000, 0.000000000000000000 ) ) ;
#1936 = AXIS2_PLACEMENT_3D ( 'NONE', #3657, #2894, #59 ) ;
#1937 = VERTEX_POINT ( 'NONE', #914 ) ;
#1938 = LINE ( 'NONE', #3411, #3118 ) ;
#1939 = EDGE_CURVE ( 'NONE', #1992, #4358, #3875, .T. ) ;
#1940 = CIRCLE ( 'NONE', #873, 0.2499999999999985012 ) ;
#1941 = VERTEX_POINT ( 'NONE', #480 ) ;
#1942 = ORIENTED_EDGE ( 'NONE', *, *, #3299, .F. ) ;
#1943 = ORIENTED_EDGE ( 'NONE', *, *, #3935, .F. ) ;
#1944 = VECTOR ( 'NONE', #4588, 1000.000000000000000 ) ;
#1945 = EDGE_CURVE ( 'NONE', #597, #944, #1187, .T. ) ;
#1946 = DIRECTION ( 'NONE',  ( 0.000000000000000000, 0.000000000000000000, -1.000000000000000000 ) ) ;
#1947 = CARTESIAN_POINT ( 'NONE',  ( -1.500000000000000000, 0.4999999999999998890, -1.020871215252207698 ) ) ;
#1948 = CARTESIAN_POINT ( 'NONE',  ( -1.350000000000000311, 1.199999999999999956, -0.9999999999999997780 ) ) ;
#1949 = ORIENTED_EDGE ( 'NONE', *, *, #2585, .F. ) ;
#1950 = LINE ( 'NONE', #2577, #2393 ) ;
#1951 = LINE ( 'NONE', #1214, #2140 ) ;
#1952 = DIRECTION ( 'NONE',  ( 0.000000000000000000, 0.000000000000000000, -1.000000000000000000 ) ) ;
#1953 = ORIENTED_EDGE ( 'NONE', *, *, #1963, .T. ) ;
#1954 = VERTEX_POINT ( 'NONE', #1212 ) ;
#1955 = DIRECTION ( 'NONE',  ( 0.000000000000000000, -1.000000000000000000, 0.000000000000000000 ) ) ;
#1956 = DIRECTION ( 'NONE',  ( 0.000000000000000000, 0.000000000000000000, 1.000000000000000000 ) ) ;
#1957 =( LENGTH_UNIT ( ) NAMED_UNIT ( * ) SI_UNIT ( .MILLI., .METRE. ) );
#1958 = ORIENTED_EDGE ( 'NONE', *, *, #633, .F. ) ;
#1959 = EDGE_CURVE ( 'NONE', #3126, #4185, #2660, .T. ) ;
#1960 = ORIENTED_EDGE ( 'NONE', *, *, #3251, .T. ) ;
#1961 = EDGE_CURVE ( 'NONE', #544, #669, #2636, .T. ) ;
#1962 = DIRECTION ( 'NONE',  ( 0.000000000000000000, 0.000000000000000000, 1.000000000000000000 ) ) ;
#1963 = EDGE_CURVE ( 'NONE', #2381, #2402, #2279, .T. ) ;
#1964 = ORIENTED_EDGE ( 'NONE', *, *, #566, .T. ) ;
#1965 = LINE ( 'NONE', #4255, #1163 ) ;
#1966 = CARTESIAN_POINT ( 'NONE',  ( 0.6000000000000000888, 0.4999999999999997780, 1.149999999999999689 ) ) ;
#1967 = EDGE_CURVE ( 'NONE', #3103, #2381, #524, .T. ) ;
#1968 = ORIENTED_EDGE ( 'NONE', *, *, #2349, .F. ) ;
#1969 = FACE_OUTER_BOUND ( 'NONE', #3383, .T. ) ;
#1970 = DIRECTION ( 'NONE',  ( 0.000000000000000000, 0.000000000000000000, 1.000000000000000000 ) ) ;
#1971 = AXIS2_PLACEMENT_3D ( 'NONE', #2933, #4401, #4454 ) ;
#1972 = ORIENTED_EDGE ( 'NONE', *, *, #1224, .F. ) ;
#1973 = AXIS2_PLACEMENT_3D ( 'NONE', #1193, #596, #1952 ) ;
#1974 = ORIENTED_EDGE ( 'NONE', *, *, #1590, .F. ) ;
#1975 = CARTESIAN_POINT ( 'NONE',  ( -0.6000000000000000888, 0.4999999999999998890, 1.149999999999999689 ) ) ;
#1976 = DIRECTION ( 'NONE',  ( 0.000000000000000000, 0.000000000000000000, 1.000000000000000000 ) ) ;
#1977 = DIRECTION ( 'NONE',  ( 0.000000000000000000, 0.000000000000000000, -1.000000000000000000 ) ) ;
#1978 = ORIENTED_EDGE ( 'NONE', *, *, #1364, .F. ) ;
#1979 = EDGE_LOOP ( 'NONE', ( #999, #4490, #1185, #884, #3540, #1872, #96, #1517, #3008 ) ) ;
#1980 = DIRECTION ( 'NONE',  ( -0.000000000000000000, -1.000000000000000000, -0.000000000000000000 ) ) ;
#1981 = CARTESIAN_POINT ( 'NONE',  ( 1.350000000000000311, 0.9999999999999997780, -1.000000000000000000 ) ) ;
#1982 = LINE ( 'NONE', #4184, #3521 ) ;
#1983 = ORIENTED_EDGE ( 'NONE', *, *, #4250, .F. ) ;
#1984 = EDGE_CURVE ( 'NONE', #2066, #1649, #3275, .T. ) ;
#1985 = ORIENTED_EDGE ( 'NONE', *, *, #3500, .F. ) ;
#1986 = AXIS2_PLACEMENT_3D ( 'NONE', #2354, #2401, #2013 ) ;
#1987 = DIRECTION ( 'NONE',  ( 0.000000000000000000, -1.000000000000000000, 0.000000000000000000 ) ) ;
#1988 = DIRECTION ( 'NONE',  ( -0.000000000000000000, -1.000000000000000000, 0.000000000000000000 ) ) ;
#1989 = DIRECTION ( 'NONE',  ( 0.000000000000000000, 0.000000000000000000, 1.000000000000000000 ) ) ;
#1990 = ORIENTED_EDGE ( 'NONE', *, *, #1430, .T. ) ;
#1991 = EDGE_CURVE ( 'NONE', #118, #4033, #4499, .T. ) ;
#1992 = VERTEX_POINT ( 'NONE', #2736 ) ;
#1993 = CIRCLE ( 'NONE', #1684, 0.2500000000000002220 ) ;
#1994 = FILL_AREA_STYLE_COLOUR ( '', #4678 ) ;
#1995 = ORIENTED_EDGE ( 'NONE', *, *, #3245, .T. ) ;
#1996 = CARTESIAN_POINT ( 'NONE',  ( -0.6000000000000000888, 1.750000000000001332, -1.149999999999999689 ) ) ;
#1997 = VECTOR ( 'NONE', #3938, 1000.000000000000000 ) ;
#1998 = ORIENTED_EDGE ( 'NONE', *, *, #3727, .T. ) ;
#1999 = CARTESIAN_POINT ( 'NONE',  ( -1.350000000000000089, 1.750000000000001332, -1.249999999999999778 ) ) ;
#2000 = DIRECTION ( 'NONE',  ( 0.7071067811865479058, -0.000000000000000000, 0.7071067811865472397 ) ) ;
#2001 = LINE ( 'NONE', #1164, #1085 ) ;
#2002 = ORIENTED_EDGE ( 'NONE', *, *, #757, .T. ) ;
#2003 = VECTOR ( 'NONE', #3705, 1000.000000000000000 ) ;
#2004 = EDGE_CURVE ( 'NONE', #3409, #3903, #4257, .T. ) ;
#2005 = DIRECTION ( 'NONE',  ( -0.000000000000000000, 0.000000000000000000, 1.000000000000000000 ) ) ;
#2006 = CIRCLE ( 'NONE', #284, 0.1000000000000000472 ) ;
#2007 = ORIENTED_EDGE ( 'NONE', *, *, #2796, .F. ) ;
#2008 = DIRECTION ( 'NONE',  ( 0.000000000000000000, 0.000000000000000000, -1.000000000000000000 ) ) ;
#2009 = FACE_OUTER_BOUND ( 'NONE', #4209, .T. ) ;
#2010 = CARTESIAN_POINT ( 'NONE',  ( 1.500000000000000000, 0.000000000000000000, -0.4999999999999997780 ) ) ;
#2011 = EDGE_CURVE ( 'NONE', #2638, #855, #3508, .T. ) ;
#2012 = ORIENTED_EDGE ( 'NONE', *, *, #4329, .T. ) ;
#2013 = DIRECTION ( 'NONE',  ( 0.000000000000000000, 0.000000000000000000, 1.000000000000000000 ) ) ;
#2014 = EDGE_LOOP ( 'NONE', ( #399, #2007, #2799, #3804 ) ) ;
#2015 = CARTESIAN_POINT ( 'NONE',  ( -1.004584529893781442, 1.199999999999999956, 0.5343593591751429894 ) ) ;
#2016 = EDGE_CURVE ( 'NONE', #3766, #804, #243, .T. ) ;
#2017 = LINE ( 'NONE', #2431, #867 ) ;
#2018 = EDGE_LOOP ( 'NONE', ( #3637, #2123, #743, #2907 ) ) ;
#2019 = CARTESIAN_POINT ( 'NONE',  ( -1.549999999999991385, 0.9999999999999997780, 0.5249999999999999112 ) ) ;
#2020 = ORIENTED_EDGE ( 'NONE', *, *, #2618, .T. ) ;
#2021 = CARTESIAN_POINT ( 'NONE',  ( -1.450000000000000178, 0.4999999999999998890, -1.249999999999999778 ) ) ;
#2022 = VERTEX_POINT ( 'NONE', #2474 ) ;
#2023 = CARTESIAN_POINT ( 'NONE',  ( -0.5999999999999998668, 0.4999999999999998890, 0.6999999999999997335 ) ) ;
#2024 = CARTESIAN_POINT ( 'NONE',  ( -1.350000000000000311, 1.099999999999999867, -1.199999999999999289 ) ) ;
#2025 = DIRECTION ( 'NONE',  ( 0.000000000000000000, 0.000000000000000000, -1.000000000000000000 ) ) ;
#2026 = DIRECTION ( 'NONE',  ( 0.000000000000000000, 0.000000000000000000, -1.000000000000000000 ) ) ;
#2027 = AXIS2_PLACEMENT_3D ( 'NONE', #2459, #2482, #2816 ) ;
#2028 = ORIENTED_EDGE ( 'NONE', *, *, #2511, .T. ) ;
#2029 = VECTOR ( 'NONE', #3608, 1000.000000000000000 ) ;
#2030 = CYLINDRICAL_SURFACE ( 'NONE', #265, 0.1000000000000000472 ) ;
#2031 = CARTESIAN_POINT ( 'NONE',  ( 1.350000000000000311, 0.9999999999999997780, 1.199999999999999289 ) ) ;
#2032 = LINE ( 'NONE', #990, #3712 ) ;
#2033 = AXIS2_PLACEMENT_3D ( 'NONE', #217, #3031, #564 ) ;
#2034 = EDGE_LOOP ( 'NONE', ( #1022, #307, #1021, #554 ) ) ;
#2035 = EDGE_CURVE ( 'NONE', #1248, #2797, #3844, .T. ) ;
#2036 = EDGE_CURVE ( 'NONE', #411, #516, #336, .T. ) ;
#2037 = AXIS2_PLACEMENT_3D ( 'NONE', #4356, #1491, #2957 ) ;
#2038 = EDGE_LOOP ( 'NONE', ( #4614, #2149, #3881, #3502, #4107, #1740, #3778, #1639 ) ) ;
#2039 = PLANE ( 'NONE',  #276 ) ;
#2040 = ORIENTED_EDGE ( 'NONE', *, *, #3579, .F. ) ;
#2041 = VERTEX_POINT ( 'NONE', #1690 ) ;
#2042 = TOROIDAL_SURFACE ( 'NONE', #1122, 0.1499999999999998834, 0.05000000000000000278 ) ;
#2043 = CIRCLE ( 'NONE', #1737, 0.05000000000000858619 ) ;
#2044 = CARTESIAN_POINT ( 'NONE',  ( -1.400000000000000355, 1.199999999999999956, 0.9999999999999995559 ) ) ;
#2045 = ADVANCED_FACE ( 'NONE', ( #3203 ), #3159, .T. ) ;
#2046 = CARTESIAN_POINT ( 'NONE',  ( -1.600000000000000089, 0.000000000000000000, -1.099999999999999867 ) ) ;
#2047 = CYLINDRICAL_SURFACE ( 'NONE', #1853, 0.1000000000000000472 ) ;
#2048 = CYLINDRICAL_SURFACE ( 'NONE', #1519, 0.1524669288197409156 ) ;
#2049 = TOROIDAL_SURFACE ( 'NONE', #2251, 0.05000000000000004441, 0.05000000000000000278 ) ;
#2050 = DIRECTION ( 'NONE',  ( -1.000000000000000000, 0.000000000000000000, 0.000000000000000000 ) ) ;
#2051 = VECTOR ( 'NONE', #1877, 1000.000000000000000 ) ;
#2052 = DIRECTION ( 'NONE',  ( 1.000000000000000000, 0.000000000000000000, -1.606225440719265874E-16 ) ) ;
#2053 = LINE ( 'NONE', #1052, #3257 ) ;
#2054 = EDGE_CURVE ( 'NONE', #3766, #2428, #1767, .T. ) ;
#2055 = ORIENTED_EDGE ( 'NONE', *, *, #3252, .F. ) ;
#2056 = DIRECTION ( 'NONE',  ( -1.000000000000000000, 0.000000000000000000, 0.000000000000000000 ) ) ;
#2057 = DIRECTION ( 'NONE',  ( 0.000000000000000000, 0.000000000000000000, -1.000000000000000000 ) ) ;
#2058 = DIRECTION ( 'NONE',  ( 0.000000000000000000, 1.000000000000000000, 0.000000000000000000 ) ) ;
#2059 = ORIENTED_EDGE ( 'NONE', *, *, #1050, .F. ) ;
#2060 = ORIENTED_EDGE ( 'NONE', *, *, #2731, .F. ) ;
#2061 = ADVANCED_FACE ( 'NONE', ( #4625 ), #532, .T. ) ;
#2062 = ADVANCED_FACE ( 'NONE', ( #986 ), #2449, .F. ) ;
#2063 = LINE ( 'NONE', #3187, #2429 ) ;
#2064 = ORIENTED_EDGE ( 'NONE', *, *, #3005, .F. ) ;
#2065 = CARTESIAN_POINT ( 'NONE',  ( 1.600000000000000089, 0.4999999999999998890, -1.099999999999999867 ) ) ;
#2066 = VERTEX_POINT ( 'NONE', #4662 ) ;
#2067 = AXIS2_PLACEMENT_3D ( 'NONE', #2454, #316, #2124 ) ;
#2068 = FILL_AREA_STYLE ('',( #702 ) ) ;
#2069 = LINE ( 'NONE', #4278, #3060 ) ;
#2070 = VECTOR ( 'NONE', #1557, 1000.000000000000000 ) ;
#2071 = DIRECTION ( 'NONE',  ( 0.000000000000000000, 0.000000000000000000, 1.000000000000000000 ) ) ;
#2072 = FACE_OUTER_BOUND ( 'NONE', #4545, .T. ) ;
#2073 = CARTESIAN_POINT ( 'NONE',  ( -1.500000000000000000, 1.750000000000001332, 1.020871215252207698 ) ) ;
#2074 = COLOUR_RGB ( '',0.9686274509803921573, 0.8784313725490195957, 0.5999999999999999778 ) ;
#2075 = AXIS2_PLACEMENT_3D ( 'NONE', #3877, #1460, #2924 ) ;
#2076 = EDGE_CURVE ( 'NONE', #343, #1933, #392, .T. ) ;
#2077 = EDGE_LOOP ( 'NONE', ( #85, #3204, #3140, #3923 ) ) ;
#2078 = CARTESIAN_POINT ( 'NONE',  ( 1.500000000000000000, 1.750000000000001332, 1.020871215252207698 ) ) ;
#2079 = DIRECTION ( 'NONE',  ( 0.000000000000000000, 0.000000000000000000, -1.000000000000000000 ) ) ;
#2080 = CARTESIAN_POINT ( 'NONE',  ( 1.600000000000000089, 0.000000000000000000, -0.2749999999999914180 ) ) ;
#2081 = DIRECTION ( 'NONE',  ( 0.000000000000000000, -0.000000000000000000, 1.000000000000000000 ) ) ;
#2082 = VERTEX_POINT ( 'NONE', #687 ) ;
#2083 = VECTOR ( 'NONE', #282, 1000.000000000000000 ) ;
#2084 = DIRECTION ( 'NONE',  ( 0.000000000000000000, 0.000000000000000000, -1.000000000000000000 ) ) ;
#2085 = ORIENTED_EDGE ( 'NONE', *, *, #4297, .T. ) ;
#2086 = CARTESIAN_POINT ( 'NONE',  ( -1.400000000000000355, 1.149999999999999911, 0.9999999999999995559 ) ) ;
#2087 = LINE ( 'NONE', #2065, #1621 ) ;
#2088 = ORIENTED_EDGE ( 'NONE', *, *, #2404, .F. ) ;
#2089 = DIRECTION ( 'NONE',  ( 0.000000000000000000, 0.000000000000000000, -1.000000000000000000 ) ) ;
#2090 = EDGE_LOOP ( 'NONE', ( #393, #1537, #1311, #1867, #4671, #268, #2993, #4696, #19 ) ) ;
#2091 = DIRECTION ( 'NONE',  ( 0.000000000000000000, 0.000000000000000000, -1.000000000000000000 ) ) ;
#2092 = DIRECTION ( 'NONE',  ( 0.000000000000000000, 0.000000000000000000, 1.000000000000000000 ) ) ;
#2093 = EDGE_LOOP ( 'NONE', ( #3015, #1958, #1783, #916 ) ) ;
#2094 = FACE_OUTER_BOUND ( 'NONE', #2794, .T. ) ;
#2095 = DIRECTION ( 'NONE',  ( -1.000000000000000000, 0.000000000000000000, 0.000000000000000000 ) ) ;
#2096 = DIRECTION ( 'NONE',  ( -1.000000000000000000, 0.000000000000000000, -0.000000000000000000 ) ) ;
#2097 = ADVANCED_FACE ( 'NONE', ( #1309 ), #1328, .T. ) ;
#2098 = EDGE_CURVE ( 'NONE', #4698, #3731, #433, .T. ) ;
#2099 = CARTESIAN_POINT ( 'NONE',  ( 1.500000000000000000, 0.4999999999999998890, -1.020871215252207698 ) ) ;
#2100 = ORIENTED_EDGE ( 'NONE', *, *, #414, .F. ) ;
#2101 = VECTOR ( 'NONE', #506, 1000.000000000000000 ) ;
#2102 = ADVANCED_FACE ( 'NONE', ( #3321 ), #72, .F. ) ;
#2103 = CARTESIAN_POINT ( 'NONE',  ( 0.5999999999999984235, 0.4999999999999998890, -0.4999999999999997780 ) ) ;
#2104 = DIRECTION ( 'NONE',  ( 0.000000000000000000, -1.000000000000000000, 0.000000000000000000 ) ) ;
#2105 = EDGE_LOOP ( 'NONE', ( #4542, #1549, #3839, #4492 ) ) ;
#2106 = CARTESIAN_POINT ( 'NONE',  ( -1.500000000000000000, 0.4999999999999998890, -1.020871215252207698 ) ) ;
#2107 = EDGE_CURVE ( 'NONE', #1205, #3811, #4428, .T. ) ;
#2108 = ORIENTED_EDGE ( 'NONE', *, *, #3647, .F. ) ;
#2109 = CARTESIAN_POINT ( 'NONE',  ( -1.550000000000000266, 1.149999999999999689, 0.9999999999999995559 ) ) ;
#2110 = EDGE_LOOP ( 'NONE', ( #4266, #4027, #925, #4521 ) ) ;
#2111 = CARTESIAN_POINT ( 'NONE',  ( 1.350000000000000311, 1.199999999999999956, -1.099999999999999867 ) ) ;
#2112 = CARTESIAN_POINT ( 'NONE',  ( -1.450000000000000178, 1.750000000000001332, 1.249999999999999778 ) ) ;
#2113 = VERTEX_POINT ( 'NONE', #4453 ) ;
#2114 = CARTESIAN_POINT ( 'NONE',  ( 1.450000000000000400, 1.149999999999999911, -1.000000000000000000 ) ) ;
#2115 = CARTESIAN_POINT ( 'NONE',  ( 1.549999999999991385, 0.9999999999999997780, 0.3250000000000000111 ) ) ;
#2116 = AXIS2_PLACEMENT_3D ( 'NONE', #3114, #3512, #273 ) ;
#2117 = CYLINDRICAL_SURFACE ( 'NONE', #1125, 0.04999999999999991257 ) ;
#2118 = VECTOR ( 'NONE', #82, 1000.000000000000000 ) ;
#2119 = VECTOR ( 'NONE', #1722, 1000.000000000000000 ) ;
#2120 = CARTESIAN_POINT ( 'NONE',  ( -0.6000000000000000888, 1.750000000000001332, 1.149999999999999689 ) ) ;
#2121 = DIRECTION ( 'NONE',  ( -0.000000000000000000, -1.000000000000000000, -0.000000000000000000 ) ) ;
#2122 = EDGE_CURVE ( 'NONE', #4580, #2267, #3945, .T. ) ;
#2123 = ORIENTED_EDGE ( 'NONE', *, *, #1253, .F. ) ;
#2124 = DIRECTION ( 'NONE',  ( 0.000000000000000000, 0.000000000000000000, -1.000000000000000000 ) ) ;
#2125 = DIRECTION ( 'NONE',  ( 1.000000000000000000, 0.000000000000000000, -0.000000000000000000 ) ) ;
#2126 = ORIENTED_EDGE ( 'NONE', *, *, #3601, .F. ) ;
#2127 = EDGE_CURVE ( 'NONE', #536, #1117, #1290, .T. ) ;
#2128 = CARTESIAN_POINT ( 'NONE',  ( -1.350000000000000311, 1.149999999999999911, -1.099999999999999867 ) ) ;
#2129 = ORIENTED_EDGE ( 'NONE', *, *, #4623, .T. ) ;
#2130 = DIRECTION ( 'NONE',  ( 0.000000000000000000, 0.000000000000000000, -1.000000000000000000 ) ) ;
#2131 = VERTEX_POINT ( 'NONE', #2329 ) ;
#2132 = ORIENTED_EDGE ( 'NONE', *, *, #3821, .T. ) ;
#2133 = EDGE_CURVE ( 'NONE', #1707, #4563, #2771, .T. ) ;
#2134 = DIRECTION ( 'NONE',  ( -1.000000000000000000, -0.000000000000000000, -0.000000000000000000 ) ) ;
#2135 = CIRCLE ( 'NONE', #2740, 0.2500000000000000000 ) ;
#2136 = FACE_OUTER_BOUND ( 'NONE', #726, .T. ) ;
#2137 = VERTEX_POINT ( 'NONE', #3085 ) ;
#2138 = LINE ( 'NONE', #2162, #3563 ) ;
#2139 = PLANE ( 'NONE',  #3743 ) ;
#2140 = VECTOR ( 'NONE', #964, 1000.000000000000000 ) ;
#2141 = FACE_OUTER_BOUND ( 'NONE', #2090, .T. ) ;
#2142 = ORIENTED_EDGE ( 'NONE', *, *, #1430, .F. ) ;
#2143 = VECTOR ( 'NONE', #428, 1000.000000000000000 ) ;
#2144 = DIRECTION ( 'NONE',  ( 0.000000000000000000, 0.000000000000000000, -1.000000000000000000 ) ) ;
#2145 =( GEOMETRIC_REPRESENTATION_CONTEXT ( 3 ) GLOBAL_UNCERTAINTY_ASSIGNED_CONTEXT ( ( #453 ) ) GLOBAL_UNIT_ASSIGNED_CONTEXT ( ( #1077, #4262, #3891 ) ) REPRESENTATION_CONTEXT ( 'NONE', 'WORKASPACE' ) );
#2146 = ORIENTED_EDGE ( 'NONE', *, *, #2177, .F. ) ;
#2147 = LINE ( 'NONE', #714, #3442 ) ;
#2148 = CARTESIAN_POINT ( 'NONE',  ( 1.350000000000000311, 1.099999999999999867, 0.9999999999999995559 ) ) ;
#2149 = ORIENTED_EDGE ( 'NONE', *, *, #960, .T. ) ;
#2150 = CARTESIAN_POINT ( 'NONE',  ( 1.500000000000000000, 0.4999999999999998890, -0.4999999999999997780 ) ) ;
#2151 = ADVANCED_FACE ( 'NONE', ( #3491 ), #4220, .T. ) ;
#2152 = CIRCLE ( 'NONE', #122, 0.2000000000000000944 ) ;
#2153 = ORIENTED_EDGE ( 'NONE', *, *, #3096, .T. ) ;
#2154 = EDGE_CURVE ( 'NONE', #4011, #8, #4555, .T. ) ;
#2155 = DIRECTION ( 'NONE',  ( 0.000000000000000000, 0.000000000000000000, -1.000000000000000000 ) ) ;
#2156 = ORIENTED_EDGE ( 'NONE', *, *, #803, .F. ) ;
#2157 = VECTOR ( 'NONE', #1297, 1000.000000000000000 ) ;
#2158 = DIRECTION ( 'NONE',  ( 0.000000000000000000, 0.000000000000000000, 1.000000000000000000 ) ) ;
#2159 = DIRECTION ( 'NONE',  ( 0.000000000000000000, 0.000000000000000000, 1.000000000000000000 ) ) ;
#2160 = DIRECTION ( 'NONE',  ( 0.000000000000000000, 0.000000000000000000, -1.000000000000000000 ) ) ;
#2161 = ORIENTED_EDGE ( 'NONE', *, *, #1713, .F. ) ;
#2162 = CARTESIAN_POINT ( 'NONE',  ( -1.600000000000000089, 0.4999999999999998890, -1.099999999999999867 ) ) ;
#2163 = DIRECTION ( 'NONE',  ( 4.818676322157797375E-16, 0.000000000000000000, -1.000000000000000000 ) ) ;
#2164 = DIRECTION ( 'NONE',  ( 1.000000000000000000, -0.000000000000000000, -0.000000000000000000 ) ) ;
#2165 = DIRECTION ( 'NONE',  ( -0.000000000000000000, -1.000000000000000000, -0.000000000000000000 ) ) ;
#2166 = DIRECTION ( 'NONE',  ( 0.000000000000000000, -1.000000000000000000, 0.000000000000000000 ) ) ;
#2167 = CARTESIAN_POINT ( 'NONE',  ( 1.400000000000000355, 1.149999999999999911, -1.000000000000000000 ) ) ;
#2168 = DIRECTION ( 'NONE',  ( -0.000000000000000000, -1.000000000000000000, -0.000000000000000000 ) ) ;
#2169 = ORIENTED_EDGE ( 'NONE', *, *, #3440, .T. ) ;
#2170 = CARTESIAN_POINT ( 'NONE',  ( 1.549999999999991385, 0.000000000000000000, -0.000000000000000000 ) ) ;
#2171 = ORIENTED_EDGE ( 'NONE', *, *, #4711, .F. ) ;
#2172 = CARTESIAN_POINT ( 'NONE',  ( 1.599999999999998312, 0.4999999999999998890, -1.249999999999999778 ) ) ;
#2173 = EDGE_LOOP ( 'NONE', ( #3427, #526, #1046, #4605 ) ) ;
#2174 = LINE ( 'NONE', #1521, #4342 ) ;
#2175 = VERTEX_POINT ( 'NONE', #2010 ) ;
#2176 = EDGE_CURVE ( 'NONE', #1207, #4434, #2032, .T. ) ;
#2177 = EDGE_CURVE ( 'NONE', #655, #3146, #4532, .T. ) ;
#2178 =( NAMED_UNIT ( * ) SI_UNIT ( $, .STERADIAN. ) SOLID_ANGLE_UNIT ( ) );
#2179 = LINE ( 'NONE', #3568, #2458 ) ;
#2180 = ORIENTED_EDGE ( 'NONE', *, *, #3949, .F. ) ;
#2181 = CARTESIAN_POINT ( 'NONE',  ( 1.600000000000000089, 0.4999999999999998890, 1.249999999999999778 ) ) ;
#2182 = CARTESIAN_POINT ( 'NONE',  ( 1.600000000000000089, 0.4999999999999998890, 1.249999999999999778 ) ) ;
#2183 = DIRECTION ( 'NONE',  ( 0.000000000000000000, -1.000000000000000000, 0.000000000000000000 ) ) ;
#2184 = ORIENTED_EDGE ( 'NONE', *, *, #2107, .F. ) ;
#2185 = UNCERTAINTY_MEASURE_WITH_UNIT (LENGTH_MEASURE( 1.000000000000000082E-05 ), #4621, 'distance_accuracy_value', 'NONE');
#2186 = VECTOR ( 'NONE', #3975, 1000.000000000000000 ) ;
#2187 = EDGE_CURVE ( 'NONE', #2578, #3092, #296, .T. ) ;
#2188 = CARTESIAN_POINT ( 'NONE',  ( 1.600000000000000089, 0.9999999999999997780, -0.5750000000000083933 ) ) ;
#2189 = DIRECTION ( 'NONE',  ( 1.000000000000000000, 0.000000000000000000, 0.000000000000000000 ) ) ;
#2190 = VERTEX_POINT ( 'NONE', #2717 ) ;
#2191 = ADVANCED_FACE ( 'NONE', ( #3800 ), #3447, .T. ) ;
#2192 = VECTOR ( 'NONE', #4116, 1000.000000000000000 ) ;
#2193 = CARTESIAN_POINT ( 'NONE',  ( 1.450000000000000178, 0.4999999999999997780, -1.249999999999999778 ) ) ;
#2194 = VECTOR ( 'NONE', #1490, 1000.000000000000000 ) ;
#2195 = ORIENTED_EDGE ( 'NONE', *, *, #327, .T. ) ;
#2196 = CARTESIAN_POINT ( 'NONE',  ( -1.400000000000000355, 1.149999999999999911, 0.9999999999999995559 ) ) ;
#2197 = ORIENTED_EDGE ( 'NONE', *, *, #3888, .T. ) ;
#2198 = DIRECTION ( 'NONE',  ( -0.000000000000000000, -1.000000000000000000, -0.000000000000000000 ) ) ;
#2199 = DIRECTION ( 'NONE',  ( 0.000000000000000000, 0.000000000000000000, 1.000000000000000000 ) ) ;
#2200 = ORIENTED_EDGE ( 'NONE', *, *, #4645, .T. ) ;
#2201 = DIRECTION ( 'NONE',  ( 0.000000000000000000, -0.000000000000000000, 1.000000000000000000 ) ) ;
#2202 = CARTESIAN_POINT ( 'NONE',  ( -1.500000000000000000, 0.4999999999999997780, -0.4999999999999997780 ) ) ;
#2203 = DIRECTION ( 'NONE',  ( -0.000000000000000000, -1.000000000000000000, -0.000000000000000000 ) ) ;
#2204 = EDGE_CURVE ( 'NONE', #3013, #4626, #4496, .T. ) ;
#2205 = ORIENTED_EDGE ( 'NONE', *, *, #4005, .T. ) ;
#2206 = EDGE_CURVE ( 'NONE', #1024, #510, #4341, .T. ) ;
#2207 = CARTESIAN_POINT ( 'NONE',  ( -0.6000000000000000888, 1.750000000000001332, 1.149999999999999689 ) ) ;
#2208 = CARTESIAN_POINT ( 'NONE',  ( 1.599999999999998312, 1.750000000000001332, -1.100000000000000755 ) ) ;
#2209 = DIRECTION ( 'NONE',  ( 0.000000000000000000, 0.000000000000000000, -1.000000000000000000 ) ) ;
#2210 = ORIENTED_EDGE ( 'NONE', *, *, #496, .T. ) ;
#2211 = CIRCLE ( 'NONE', #184, 0.2500000000000000000 ) ;
#2212 = DIRECTION ( 'NONE',  ( 0.000000000000000000, 0.000000000000000000, -1.000000000000000000 ) ) ;
#2213 = ORIENTED_EDGE ( 'NONE', *, *, #4354, .T. ) ;
#2214 = AXIS2_PLACEMENT_3D ( 'NONE', #1981, #2216, #2299 ) ;
#2215 = CARTESIAN_POINT ( 'NONE',  ( -1.350000000000000311, 1.149999999999999689, -0.9999999999999997780 ) ) ;
#2216 = DIRECTION ( 'NONE',  ( -0.000000000000000000, -1.000000000000000000, 0.000000000000000000 ) ) ;
#2217 = LINE ( 'NONE', #1617, #3722 ) ;
#2218 = VECTOR ( 'NONE', #772, 1000.000000000000000 ) ;
#2219 = ADVANCED_FACE ( 'NONE', ( #4629 ), #2042, .T. ) ;
#2220 = ORIENTED_EDGE ( 'NONE', *, *, #3972, .T. ) ;
#2221 = DIRECTION ( 'NONE',  ( 1.000000000000000000, 0.000000000000000000, 0.000000000000000000 ) ) ;
#2222 = PRESENTATION_LAYER_ASSIGNMENT (  '', '', ( #638 ) ) ;
#2223 = AXIS2_PLACEMENT_3D ( 'NONE', #2418, #956, #3174 ) ;
#2224 = FACE_OUTER_BOUND ( 'NONE', #2632, .T. ) ;
#2225 = FACE_OUTER_BOUND ( 'NONE', #2964, .T. ) ;
#2226 = FACE_OUTER_BOUND ( 'NONE', #197, .T. ) ;
#2227 = ORIENTED_EDGE ( 'NONE', *, *, #4597, .F. ) ;
#2228 = CIRCLE ( 'NONE', #198, 0.2500000000000000000 ) ;
#2229 = CARTESIAN_POINT ( 'NONE',  ( 1.600000000000000089, 0.000000000000000000, 1.249999999999999778 ) ) ;
#2230 = ORIENTED_EDGE ( 'NONE', *, *, #167, .T. ) ;
#2231 = CARTESIAN_POINT ( 'NONE',  ( -1.600000000000000089, 0.9999999999999997780, -0.5750000000000083933 ) ) ;
#2232 = FACE_OUTER_BOUND ( 'NONE', #791, .T. ) ;
#2233 = AXIS2_PLACEMENT_3D ( 'NONE', #3544, #2802, #3810 ) ;
#2234 = CARTESIAN_POINT ( 'NONE',  ( 1.599999999999998312, 0.4999999999999998890, -1.249999999999999778 ) ) ;
#2235 = CARTESIAN_POINT ( 'NONE',  ( 1.350000000000000311, 1.149999999999999911, -1.099999999999999867 ) ) ;
#2236 = ORIENTED_EDGE ( 'NONE', *, *, #3935, .T. ) ;
#2237 = VERTEX_POINT ( 'NONE', #1697 ) ;
#2238 = ADVANCED_FACE ( 'NONE', ( #2377 ), #1334, .T. ) ;
#2239 = EDGE_CURVE ( 'NONE', #1954, #1619, #742, .T. ) ;
#2240 = VERTEX_POINT ( 'NONE', #3670 ) ;
#2241 = CARTESIAN_POINT ( 'NONE',  ( -1.350000000000000311, 1.149999999999999689, 1.099999999999999645 ) ) ;
#2242 = ORIENTED_EDGE ( 'NONE', *, *, #2011, .F. ) ;
#2243 = FACE_OUTER_BOUND ( 'NONE', #1917, .T. ) ;
#2244 = ORIENTED_EDGE ( 'NONE', *, *, #4591, .F. ) ;
#2245 = AXIS2_PLACEMENT_3D ( 'NONE', #946, #2892, #4365 ) ;
#2246 = ORIENTED_EDGE ( 'NONE', *, *, #3002, .T. ) ;
#2247 = DIRECTION ( 'NONE',  ( -0.000000000000000000, 0.000000000000000000, -1.000000000000000000 ) ) ;
#2248 = EDGE_LOOP ( 'NONE', ( #3247, #949, #405, #3298, #475, #2440, #2132, #3656, #762, #4101 ) ) ;
#2249 = DIRECTION ( 'NONE',  ( 0.000000000000000000, -1.000000000000000000, 0.000000000000000000 ) ) ;
#2250 = VECTOR ( 'NONE', #2712, 1000.000000000000000 ) ;
#2251 = AXIS2_PLACEMENT_3D ( 'NONE', #4191, #3080, #3724 ) ;
#2252 = ORIENTED_EDGE ( 'NONE', *, *, #436, .F. ) ;
#2253 = ORIENTED_EDGE ( 'NONE', *, *, #1821, .T. ) ;
#2254 = VECTOR ( 'NONE', #2523, 1000.000000000000000 ) ;
#2255 = EDGE_CURVE ( 'NONE', #1652, #3857, #3792, .T. ) ;
#2256 = CARTESIAN_POINT ( 'NONE',  ( 1.550000000000000488, 1.099999999999999867, 0.9999999999999993339 ) ) ;
#2257 = VERTEX_POINT ( 'NONE', #1469 ) ;
#2258 = AXIS2_PLACEMENT_3D ( 'NONE', #681, #3570, #4709 ) ;
#2259 = DIRECTION ( 'NONE',  ( 0.000000000000000000, 0.000000000000000000, 1.000000000000000000 ) ) ;
#2260 = VECTOR ( 'NONE', #4659, 1000.000000000000000 ) ;
#2261 = AXIS2_PLACEMENT_3D ( 'NONE', #1799, #2963, #4363 ) ;
#2262 = ORIENTED_EDGE ( 'NONE', *, *, #3581, .F. ) ;
#2263 = CARTESIAN_POINT ( 'NONE',  ( 1.600000000000000089, 0.4999999999999998890, 1.249999999999999778 ) ) ;
#2264 = EDGE_CURVE ( 'NONE', #3762, #2308, #1425, .T. ) ;
#2265 = VERTEX_POINT ( 'NONE', #95 ) ;
#2266 = CARTESIAN_POINT ( 'NONE',  ( -1.350000000000000089, 0.4999999999999998890, -1.249999999999999778 ) ) ;
#2267 = VERTEX_POINT ( 'NONE', #2909 ) ;
#2268 = DIRECTION ( 'NONE',  ( 0.000000000000000000, -1.000000000000000000, 0.000000000000000000 ) ) ;
#2269 = DIRECTION ( 'NONE',  ( -0.000000000000000000, -0.000000000000000000, -1.000000000000000000 ) ) ;
#2270 = ADVANCED_FACE ( 'NONE', ( #1844 ), #2979, .T. ) ;
#2271 = EDGE_LOOP ( 'NONE', ( #1135, #3946, #4652, #4429 ) ) ;
#2272 = CARTESIAN_POINT ( 'NONE',  ( 1.500000000000000000, 0.000000000000000000, -1.020871215252207698 ) ) ;
#2273 = ORIENTED_EDGE ( 'NONE', *, *, #1963, .F. ) ;
#2274 = DIRECTION ( 'NONE',  ( -1.501203008056852445E-15, 0.000000000000000000, 1.000000000000000000 ) ) ;
#2275 = LINE ( 'NONE', #1916, #2955 ) ;
#2276 = ORIENTED_EDGE ( 'NONE', *, *, #3577, .F. ) ;
#2277 = ORIENTED_EDGE ( 'NONE', *, *, #4244, .T. ) ;
#2278 = FACE_OUTER_BOUND ( 'NONE', #3796, .T. ) ;
#2279 = LINE ( 'NONE', #3746, #1818 ) ;
#2280 = AXIS2_PLACEMENT_3D ( 'NONE', #1240, #3798, #570 ) ;
#2281 = ORIENTED_EDGE ( 'NONE', *, *, #2663, .T. ) ;
#2282 = CARTESIAN_POINT ( 'NONE',  ( -1.350000000000000311, 0.9999999999999997780, 1.099999999999999645 ) ) ;
#2283 = AXIS2_PLACEMENT_3D ( 'NONE', #2207, #332, #2163 ) ;
#2284 = DIRECTION ( 'NONE',  ( 1.501203008056852445E-15, 0.000000000000000000, -1.000000000000000000 ) ) ;
#2285 = ORIENTED_EDGE ( 'NONE', *, *, #3277, .F. ) ;
#2286 = AXIS2_PLACEMENT_3D ( 'NONE', #2364, #2389, #3860 ) ;
#2287 = ADVANCED_FACE ( 'NONE', ( #4357 ), #2524, .T. ) ;
#2288 = ADVANCED_FACE ( 'NONE', ( #912 ), #2631, .F. ) ;
#2289 =( GEOMETRIC_REPRESENTATION_CONTEXT ( 3 ) GLOBAL_UNCERTAINTY_ASSIGNED_CONTEXT ( ( #3626 ) ) GLOBAL_UNIT_ASSIGNED_CONTEXT ( ( #1957, #1581, #3067 ) ) REPRESENTATION_CONTEXT ( 'NONE', 'WORKASPACE' ) );
#2290 = ORIENTED_EDGE ( 'NONE', *, *, #963, .T. ) ;
#2291 = DIRECTION ( 'NONE',  ( -0.000000000000000000, -1.000000000000000000, -0.000000000000000000 ) ) ;
#2292 = DIRECTION ( 'NONE',  ( -0.000000000000000000, -1.000000000000000000, -0.000000000000000000 ) ) ;
#2293 = VECTOR ( 'NONE', #4270, 1000.000000000000000 ) ;
#2294 = ORIENTED_EDGE ( 'NONE', *, *, #3500, .T. ) ;
#2295 = LINE ( 'NONE', #3764, #4423 ) ;
#2296 = EDGE_CURVE ( 'NONE', #4451, #1707, #2275, .T. ) ;
#2297 =( GEOMETRIC_REPRESENTATION_CONTEXT ( 3 ) GLOBAL_UNCERTAINTY_ASSIGNED_CONTEXT ( ( #2185 ) ) GLOBAL_UNIT_ASSIGNED_CONTEXT ( ( #4621, #3101, #2784 ) ) REPRESENTATION_CONTEXT ( 'NONE', 'WORKASPACE' ) );
#2298 = ORIENTED_EDGE ( 'NONE', *, *, #3397, .T. ) ;
#2299 = DIRECTION ( 'NONE',  ( 0.000000000000000000, 0.000000000000000000, -1.000000000000000000 ) ) ;
#2300 = ORIENTED_EDGE ( 'NONE', *, *, #4354, .F. ) ;
#2301 = AXIS2_PLACEMENT_3D ( 'NONE', #770, #2900, #2160 ) ;
#2302 = LINE ( 'NONE', #4500, #1888 ) ;
#2303 = CARTESIAN_POINT ( 'NONE',  ( -1.350000000000000311, 1.099999999999999867, 0.9999999999999995559 ) ) ;
#2304 = CARTESIAN_POINT ( 'NONE',  ( -1.350000000000000311, 1.199999999999999956, 0.9999999999999995559 ) ) ;
#2305 = ORIENTED_EDGE ( 'NONE', *, *, #2206, .F. ) ;
#2306 = CARTESIAN_POINT ( 'NONE',  ( -0.6000000000000000888, 0.000000000000000000, 1.149999999999999689 ) ) ;
#2307 = DIRECTION ( 'NONE',  ( 0.000000000000000000, 0.000000000000000000, 1.000000000000000000 ) ) ;
#2308 = VERTEX_POINT ( 'NONE', #3367 ) ;
#2309 = DIRECTION ( 'NONE',  ( -0.000000000000000000, -1.000000000000000000, -0.000000000000000000 ) ) ;
#2310 = EDGE_LOOP ( 'NONE', ( #1375, #821, #778, #1803 ) ) ;
#2311 = PLANE ( 'NONE',  #613 ) ;
#2312 = DIRECTION ( 'NONE',  ( 0.000000000000000000, 0.000000000000000000, 1.000000000000000000 ) ) ;
#2313 = EDGE_CURVE ( 'NONE', #4168, #1564, #1233, .T. ) ;
#2314 = DIRECTION ( 'NONE',  ( 1.000000000000000000, 0.000000000000000000, 0.000000000000000000 ) ) ;
#2315 = ORIENTED_EDGE ( 'NONE', *, *, #547, .F. ) ;
#2316 = CIRCLE ( 'NONE', #300, 0.2500000000000002220 ) ;
#2317 = CARTESIAN_POINT ( 'NONE',  ( -1.500000000000000000, 0.4999999999999998890, -0.4999999999999997780 ) ) ;
#2318 = CARTESIAN_POINT ( 'NONE',  ( 1.600000000000000089, 0.4999999999999998890, 1.099999999999999867 ) ) ;
#2319 = CARTESIAN_POINT ( 'NONE',  ( 1.500000000000000000, 0.000000000000000000, -1.020871215252207698 ) ) ;
#2320 = ORIENTED_EDGE ( 'NONE', *, *, #2345, .F. ) ;
#2321 = EDGE_CURVE ( 'NONE', #1855, #2432, #2367, .T. ) ;
#2322 = SURFACE_SIDE_STYLE ('',( #2688 ) ) ;
#2323 = CARTESIAN_POINT ( 'NONE',  ( -1.450000000000000178, 0.000000000000000000, 1.249999999999999778 ) ) ;
#2324 = EDGE_CURVE ( 'NONE', #787, #486, #537, .T. ) ;
#2325 = EDGE_LOOP ( 'NONE', ( #2700, #3495, #3063, #1574 ) ) ;
#2326 = AXIS2_PLACEMENT_3D ( 'NONE', #635, #961, #4214 ) ;
#2327 = LINE ( 'NONE', #2665, #342 ) ;
#2328 = DIRECTION ( 'NONE',  ( -1.000000000000000000, -0.000000000000000000, -0.000000000000000000 ) ) ;
#2329 = CARTESIAN_POINT ( 'NONE',  ( 0.5999999999999984235, 0.4999999999999998890, -0.4999999999999997780 ) ) ;
#2330 = ORIENTED_EDGE ( 'NONE', *, *, #1132, .F. ) ;
#2331 = CARTESIAN_POINT ( 'NONE',  ( 1.500000000000000000, 0.000000000000000000, 1.020871215252207698 ) ) ;
#2332 = CIRCLE ( 'NONE', #828, 0.05000000000000858619 ) ;
#2333 = EDGE_LOOP ( 'NONE', ( #2320, #74, #1995, #3443 ) ) ;
#2334 = ORIENTED_EDGE ( 'NONE', *, *, #2637, .F. ) ;
#2335 = CYLINDRICAL_SURFACE ( 'NONE', #1699, 0.1524669288197409156 ) ;
#2336 = EDGE_CURVE ( 'NONE', #110, #1408, #498, .T. ) ;
#2337 = EDGE_CURVE ( 'NONE', #2797, #2925, #3102, .T. ) ;
#2338 = ORIENTED_EDGE ( 'NONE', *, *, #2396, .F. ) ;
#2339 = CARTESIAN_POINT ( 'NONE',  ( -1.350000000000000311, 1.149999999999999689, 0.9999999999999995559 ) ) ;
#2340 = CIRCLE ( 'NONE', #3573, 0.1499999999999999667 ) ;
#2341 = PLANE ( 'NONE',  #3669 ) ;
#2342 = DIRECTION ( 'NONE',  ( 0.000000000000000000, -1.000000000000000000, 0.000000000000000000 ) ) ;
#2343 = CARTESIAN_POINT ( 'NONE',  ( -0.6000000000000000888, 0.4999999999999998890, -1.149999999999999689 ) ) ;
#2344 = VERTEX_POINT ( 'NONE', #2343 ) ;
#2345 = EDGE_CURVE ( 'NONE', #481, #3907, #4549, .T. ) ;
#2346 = DIRECTION ( 'NONE',  ( -0.000000000000000000, 1.000000000000000000, -0.000000000000000000 ) ) ;
#2347 = VECTOR ( 'NONE', #3829, 1000.000000000000000 ) ;
#2348 = ORIENTED_EDGE ( 'NONE', *, *, #1282, .F. ) ;
#2349 = EDGE_CURVE ( 'NONE', #3109, #558, #163, .T. ) ;
#2350 = CARTESIAN_POINT ( 'NONE',  ( 0.000000000000000000, 0.9999999999999997780, 0.000000000000000000 ) ) ;
#2351 = CARTESIAN_POINT ( 'NONE',  ( 0.6000000000000000888, 1.750000000000001332, -1.149999999999999689 ) ) ;
#2352 = DIRECTION ( 'NONE',  ( 0.000000000000000000, 0.000000000000000000, -1.000000000000000000 ) ) ;
#2353 = ORIENTED_EDGE ( 'NONE', *, *, #3821, .F. ) ;
#2354 = CARTESIAN_POINT ( 'NONE',  ( -1.004584529893781442, 1.149999999999999911, 0.6868262879948838773 ) ) ;
#2355 = VECTOR ( 'NONE', #4694, 1000.000000000000000 ) ;
#2356 = ORIENTED_EDGE ( 'NONE', *, *, #3577, .T. ) ;
#2357 = CARTESIAN_POINT ( 'NONE',  ( -1.350000000000000311, 0.9999999999999997780, 1.099999999999999645 ) ) ;
#2358 = VECTOR ( 'NONE', #1955, 1000.000000000000000 ) ;
#2359 = DIRECTION ( 'NONE',  ( 0.000000000000000000, -1.000000000000000000, 0.000000000000000000 ) ) ;
#2360 = ORIENTED_EDGE ( 'NONE', *, *, #3601, .T. ) ;
#2361 = ORIENTED_EDGE ( 'NONE', *, *, #868, .T. ) ;
#2362 = VECTOR ( 'NONE', #2580, 1000.000000000000000 ) ;
#2363 = VERTEX_POINT ( 'NONE', #4477 ) ;
#2364 = CARTESIAN_POINT ( 'NONE',  ( -1.600000000000000089, 0.4999999999999998890, 1.249999999999999778 ) ) ;
#2365 = CARTESIAN_POINT ( 'NONE',  ( -0.5999999999999998668, 0.000000000000000000, 0.6999999999999997335 ) ) ;
#2366 = LINE ( 'NONE', #4657, #4140 ) ;
#2367 = LINE ( 'NONE', #1539, #240 ) ;
#2368 = VECTOR ( 'NONE', #1786, 1000.000000000000000 ) ;
#2369 = DIRECTION ( 'NONE',  ( 0.000000000000000000, 0.000000000000000000, -1.000000000000000000 ) ) ;
#2370 = EDGE_CURVE ( 'NONE', #4479, #3536, #1183, .T. ) ;
#2371 = AXIS2_PLACEMENT_3D ( 'NONE', #3218, #2927, #4032 ) ;
#2372 = ADVANCED_FACE ( 'NONE', ( #2420 ), #1686, .F. ) ;
#2373 = ORIENTED_EDGE ( 'NONE', *, *, #2349, .T. ) ;
#2374 = EDGE_CURVE ( 'NONE', #3241, #4155, #3154, .T. ) ;
#2375 = DIRECTION ( 'NONE',  ( -0.000000000000000000, -1.000000000000000000, -0.000000000000000000 ) ) ;
#2376 = CARTESIAN_POINT ( 'NONE',  ( 1.600000000000008749, 0.9999999999999997780, -0.5249999999999999112 ) ) ;
#2377 = FACE_OUTER_BOUND ( 'NONE', #3768, .T. ) ;
#2378 = ORIENTED_EDGE ( 'NONE', *, *, #4457, .F. ) ;
#2379 = ADVANCED_FACE ( 'NONE', ( #4687 ), #593, .F. ) ;
#2380 = DIRECTION ( 'NONE',  ( 0.000000000000000000, 0.000000000000000000, -1.000000000000000000 ) ) ;
#2381 = VERTEX_POINT ( 'NONE', #2471 ) ;
#2382 = DIRECTION ( 'NONE',  ( 0.000000000000000000, 0.000000000000000000, 1.000000000000000000 ) ) ;
#2383 = DIRECTION ( 'NONE',  ( 0.000000000000000000, 0.000000000000000000, 1.000000000000000000 ) ) ;
#2384 = ORIENTED_EDGE ( 'NONE', *, *, #1854, .T. ) ;
#2385 = CYLINDRICAL_SURFACE ( 'NONE', #125, 0.04999999999999991257 ) ;
#2386 = ORIENTED_EDGE ( 'NONE', *, *, #2204, .T. ) ;
#2387 = ADVANCED_FACE ( 'NONE', ( #4622 ), #1305, .F. ) ;
#2388 = DIRECTION ( 'NONE',  ( -1.000000000000000000, 0.000000000000000000, 0.000000000000000000 ) ) ;
#2389 = DIRECTION ( 'NONE',  ( -0.000000000000000000, 1.000000000000000000, 0.000000000000000000 ) ) ;
#2390 = CARTESIAN_POINT ( 'NONE',  ( -1.004584529893781442, 1.149999999999999911, 0.8392932168146247651 ) ) ;
#2391 = DIRECTION ( 'NONE',  ( 1.000000000000000000, 0.000000000000000000, 0.000000000000000000 ) ) ;
#2392 = CARTESIAN_POINT ( 'NONE',  ( 1.600000000000008749, 0.9999999999999997780, 0.5249999999999999112 ) ) ;
#2393 = VECTOR ( 'NONE', #1104, 1000.000000000000000 ) ;
#2394 = CARTESIAN_POINT ( 'NONE',  ( -1.500000000000000000, 0.4999999999999998890, 1.020871215252207698 ) ) ;
#2395 = ORIENTED_EDGE ( 'NONE', *, *, #1078, .F. ) ;
#2396 = EDGE_CURVE ( 'NONE', #2556, #4702, #1274, .T. ) ;
#2397 = DIRECTION ( 'NONE',  ( 0.000000000000000000, 0.000000000000000000, -1.000000000000000000 ) ) ;
#2398 = DIRECTION ( 'NONE',  ( -0.000000000000000000, -1.000000000000000000, -0.000000000000000000 ) ) ;
#2399 = VECTOR ( 'NONE', #3229, 1000.000000000000000 ) ;
#2400 = ORIENTED_EDGE ( 'NONE', *, *, #4383, .T. ) ;
#2401 = DIRECTION ( 'NONE',  ( 0.000000000000000000, 1.000000000000000000, 0.000000000000000000 ) ) ;
#2402 = VERTEX_POINT ( 'NONE', #958 ) ;
#2403 = CYLINDRICAL_SURFACE ( 'NONE', #1200, 0.2499999999999997780 ) ;
#2404 = EDGE_CURVE ( 'NONE', #3725, #655, #3948, .T. ) ;
#2405 = CARTESIAN_POINT ( 'NONE',  ( 1.350000000000000311, 1.199999999999999956, 0.9999999999999995559 ) ) ;
#2406 = ORIENTED_EDGE ( 'NONE', *, *, #1308, .T. ) ;
#2407 = DIRECTION ( 'NONE',  ( 0.000000000000000000, 0.000000000000000000, -1.000000000000000000 ) ) ;
#2408 = ORIENTED_EDGE ( 'NONE', *, *, #1548, .T. ) ;
#2409 = AXIS2_PLACEMENT_3D ( 'NONE', #3505, #4235, #2026 ) ;
#2410 = AXIS2_PLACEMENT_3D ( 'NONE', #1732, #1708, #4655 ) ;
#2411 = FILL_AREA_STYLE_COLOUR ( '', #799 ) ;
#2412 = PLANE ( 'NONE',  #2233 ) ;
#2413 = DIRECTION ( 'NONE',  ( 0.000000000000000000, -1.000000000000000000, 0.000000000000000000 ) ) ;
#2414 = VECTOR ( 'NONE', #1884, 1000.000000000000000 ) ;
#2415 = ADVANCED_FACE ( 'NONE', ( #2444 ), #3862, .T. ) ;
#2416 = CARTESIAN_POINT ( 'NONE',  ( -0.6000000000000009770, 0.4999999999999998890, -0.4999999999999997780 ) ) ;
#2417 = CIRCLE ( 'NONE', #4109, 0.2500000000000000000 ) ;
#2418 = CARTESIAN_POINT ( 'NONE',  ( -1.350000000000000311, 0.9999999999999997780, -0.9999999999999997780 ) ) ;
#2419 = LINE ( 'NONE', #287, #52 ) ;
#2420 = FACE_OUTER_BOUND ( 'NONE', #2778, .T. ) ;
#2421 = EDGE_LOOP ( 'NONE', ( #3826, #810, #2153, #1523 ) ) ;
#2422 = LINE ( 'NONE', #2078, #3020 ) ;
#2423 = LINE ( 'NONE', #3892, #106 ) ;
#2424 = CARTESIAN_POINT ( 'NONE',  ( 1.350000000000000311, 1.149999999999999911, -1.099999999999999867 ) ) ;
#2425 = ORIENTED_EDGE ( 'NONE', *, *, #2702, .F. ) ;
#2426 = DIRECTION ( 'NONE',  ( 0.000000000000000000, 0.000000000000000000, 1.000000000000000000 ) ) ;
#2427 = CYLINDRICAL_SURFACE ( 'NONE', #4400, 0.2499999999999985012 ) ;
#2428 = VERTEX_POINT ( 'NONE', #2834 ) ;
#2429 = VECTOR ( 'NONE', #4651, 1000.000000000000000 ) ;
#2430 = DIRECTION ( 'NONE',  ( -0.000000000000000000, -1.000000000000000000, -0.000000000000000000 ) ) ;
#2431 = CARTESIAN_POINT ( 'NONE',  ( 1.350000000000000089, 1.750000000000001332, -1.249999999999999778 ) ) ;
#2432 = VERTEX_POINT ( 'NONE', #239 ) ;
#2433 = EDGE_CURVE ( 'NONE', #562, #434, #3548, .T. ) ;
#2434 = ADVANCED_FACE ( 'NONE', ( #310 ), #2117, .T. ) ;
#2435 = CARTESIAN_POINT ( 'NONE',  ( -1.004584529893781442, 1.199999999999999956, 0.8392932168146247651 ) ) ;
#2436 = ORIENTED_EDGE ( 'NONE', *, *, #2911, .T. ) ;
#2437 = VECTOR ( 'NONE', #2655, 1000.000000000000000 ) ;
#2438 = DIRECTION ( 'NONE',  ( 0.000000000000000000, -1.000000000000000000, 0.000000000000000000 ) ) ;
#2439 = CARTESIAN_POINT ( 'NONE',  ( 1.350000000000000311, 0.9999999999999997780, -1.000000000000000000 ) ) ;
#2440 = ORIENTED_EDGE ( 'NONE', *, *, #3783, .T. ) ;
#2441 = AXIS2_PLACEMENT_3D ( 'NONE', #4592, #3884, #2071 ) ;
#2442 = DIRECTION ( 'NONE',  ( 0.000000000000000000, 0.000000000000000000, -1.000000000000000000 ) ) ;
#2443 = SURFACE_STYLE_USAGE ( .BOTH. , #957 ) ;
#2444 = FACE_OUTER_BOUND ( 'NONE', #1017, .T. ) ;
#2445 = AXIS2_PLACEMENT_3D ( 'NONE', #4566, #2732, #3840 ) ;
#2446 = ADVANCED_FACE ( 'NONE', ( #2808 ), #3886, .T. ) ;
#2447 = PRODUCT_DEFINITION_SHAPE ( 'NONE', 'NONE',  #4699 ) ;
#2448 = AXIS2_PLACEMENT_3D ( 'NONE', #2405, #3878, #1726 ) ;
#2449 = CYLINDRICAL_SURFACE ( 'NONE', #2326, 0.05000000000000858619 ) ;
#2450 = VECTOR ( 'NONE', #583, 1000.000000000000000 ) ;
#2451 = ORIENTED_EDGE ( 'NONE', *, *, #2939, .F. ) ;
#2452 = DIRECTION ( 'NONE',  ( -0.000000000000000000, -1.000000000000000000, -0.000000000000000000 ) ) ;
#2453 = CIRCLE ( 'NONE', #4382, 0.2500000000000002220 ) ;
#2454 = CARTESIAN_POINT ( 'NONE',  ( -1.350000000000000311, 1.149999999999999911, 0.9999999999999995559 ) ) ;
#2455 = DIRECTION ( 'NONE',  ( 0.000000000000000000, 1.000000000000000000, 0.000000000000000000 ) ) ;
#2456 = AXIS2_PLACEMENT_3D ( 'NONE', #28, #2477, #4361 ) ;
#2457 = VERTEX_POINT ( 'NONE', #288 ) ;
#2458 = VECTOR ( 'NONE', #703, 1000.000000000000000 ) ;
#2459 = CARTESIAN_POINT ( 'NONE',  ( 1.350000000000000311, 1.199999999999999956, -1.000000000000000000 ) ) ;
#2460 = VERTEX_POINT ( 'NONE', #4595 ) ;
#2461 = FACE_OUTER_BOUND ( 'NONE', #765, .T. ) ;
#2462 = FACE_OUTER_BOUND ( 'NONE', #620, .T. ) ;
#2463 = ORIENTED_EDGE ( 'NONE', *, *, #1064, .F. ) ;
#2464 = FILL_AREA_STYLE ('',( #2488 ) ) ;
#2465 = EDGE_LOOP ( 'NONE', ( #3056, #4313, #3883, #51 ) ) ;
#2466 = SURFACE_STYLE_FILL_AREA ( #2068 ) ;
#2467 = CARTESIAN_POINT ( 'NONE',  ( -1.600000000000000311, 0.4999999999999998890, -1.249999999999999778 ) ) ;
#2468 = DIRECTION ( 'NONE',  ( 0.000000000000000000, 0.000000000000000000, -1.000000000000000000 ) ) ;
#2469 = ORIENTED_EDGE ( 'NONE', *, *, #773, .F. ) ;
#2470 = CARTESIAN_POINT ( 'NONE',  ( -1.600000000000000089, 0.000000000000000000, 1.249999999999999778 ) ) ;
#2471 = CARTESIAN_POINT ( 'NONE',  ( 0.6000000000000000888, 0.4999999999999997780, 1.149999999999999689 ) ) ;
#2472 = LINE ( 'NONE', #4688, #1267 ) ;
#2473 = FACE_OUTER_BOUND ( 'NONE', #1979, .T. ) ;
#2474 = CARTESIAN_POINT ( 'NONE',  ( -1.350000000000000311, 0.9999999999999997780, 1.199999999999999734 ) ) ;
#2475 = EDGE_CURVE ( 'NONE', #2267, #3241, #4281, .T. ) ;
#2476 = ORIENTED_EDGE ( 'NONE', *, *, #3755, .F. ) ;
#2477 = DIRECTION ( 'NONE',  ( -0.000000000000000000, -1.000000000000000000, -0.000000000000000000 ) ) ;
#2478 = PLANE ( 'NONE',  #1456 ) ;
#2479 = CARTESIAN_POINT ( 'NONE',  ( -1.549999999999991385, 0.9999999999999997780, 0.000000000000000000 ) ) ;
#2480 = EDGE_CURVE ( 'NONE', #3519, #510, #4304, .T. ) ;
#2481 = ORIENTED_EDGE ( 'NONE', *, *, #3674, .F. ) ;
#2482 = DIRECTION ( 'NONE',  ( 0.000000000000000000, -1.000000000000000000, 0.000000000000000000 ) ) ;
#2483 = ORIENTED_EDGE ( 'NONE', *, *, #3728, .T. ) ;
#2484 = DIRECTION ( 'NONE',  ( 0.000000000000000000, 0.000000000000000000, 1.000000000000000000 ) ) ;
#2485 = FACE_OUTER_BOUND ( 'NONE', #1510, .T. ) ;
#2486 = DIRECTION ( 'NONE',  ( 0.000000000000000000, 0.000000000000000000, -1.000000000000000000 ) ) ;
#2487 = VERTEX_POINT ( 'NONE', #1763 ) ;
#2488 = FILL_AREA_STYLE_COLOUR ( '', #2757 ) ;
#2489 = ORIENTED_EDGE ( 'NONE', *, *, #868, .F. ) ;
#2490 = DIRECTION ( 'NONE',  ( -0.000000000000000000, -1.000000000000000000, -0.000000000000000000 ) ) ;
#2491 = CYLINDRICAL_SURFACE ( 'NONE', #3610, 0.04999999999999991257 ) ;
#2492 = DIRECTION ( 'NONE',  ( 0.000000000000000000, 0.000000000000000000, -1.000000000000000000 ) ) ;
#2493 = VERTEX_POINT ( 'NONE', #1366 ) ;
#2494 = CARTESIAN_POINT ( 'NONE',  ( -1.550000000000000488, 0.9999999999999997780, -0.9999999999999997780 ) ) ;
#2495 = PLANE ( 'NONE',  #641 ) ;
#2496 = AXIS2_PLACEMENT_3D ( 'NONE', #642, #2081, #2189 ) ;
#2497 = PLANE ( 'NONE',  #485 ) ;
#2498 = AXIS2_PLACEMENT_3D ( 'NONE', #970, #699, #4291 ) ;
#2499 = EDGE_CURVE ( 'NONE', #1219, #1795, #1664, .T. ) ;
#2500 = ADVANCED_FACE ( 'NONE', ( #3273 ), #1418, .T. ) ;
#2501 = COLOUR_RGB ( '',1.000000000000000000, 1.000000000000000000, 1.000000000000000000 ) ;
#2502 = AXIS2_PLACEMENT_3D ( 'NONE', #1121, #3328, #1146 ) ;
#2503 = LINE ( 'NONE', #1794, #793 ) ;
#2504 = VERTEX_POINT ( 'NONE', #4018 ) ;
#2505 = DIRECTION ( 'NONE',  ( 0.000000000000000000, -1.000000000000000000, 0.000000000000000000 ) ) ;
#2506 = EDGE_CURVE ( 'NONE', #27, #434, #738, .T. ) ;
#2507 = DIRECTION ( 'NONE',  ( 0.000000000000000000, 0.000000000000000000, 1.000000000000000000 ) ) ;
#2508 = CARTESIAN_POINT ( 'NONE',  ( -1.350000000000000089, 0.4999999999999998890, 1.249999999999999778 ) ) ;
#2509 = ORIENTED_EDGE ( 'NONE', *, *, #1353, .T. ) ;
#2510 = DIRECTION ( 'NONE',  ( 0.000000000000000000, 0.000000000000000000, -1.000000000000000000 ) ) ;
#2511 = EDGE_CURVE ( 'NONE', #3811, #3562, #3667, .T. ) ;
#2512 = FACE_OUTER_BOUND ( 'NONE', #2110, .T. ) ;
#2513 = ORIENTED_EDGE ( 'NONE', *, *, #965, .T. ) ;
#2514 = DIRECTION ( 'NONE',  ( 1.000000000000000000, 0.000000000000000000, 0.000000000000000000 ) ) ;
#2515 = DIRECTION ( 'NONE',  ( 0.000000000000000000, 1.000000000000000000, 0.000000000000000000 ) ) ;
#2516 = CARTESIAN_POINT ( 'NONE',  ( 1.600000000000008749, 0.9999999999999997780, 0.3250000000000000111 ) ) ;
#2517 = ORIENTED_EDGE ( 'NONE', *, *, #4093, .T. ) ;
#2518 = DIRECTION ( 'NONE',  ( 2.502005013428087277E-15, 0.000000000000000000, -1.000000000000000000 ) ) ;
#2519 = FACE_OUTER_BOUND ( 'NONE', #2600, .T. ) ;
#2520 = AXIS2_PLACEMENT_3D ( 'NONE', #1145, #1870, #412 ) ;
#2521 = AXIS2_PLACEMENT_3D ( 'NONE', #108, #3018, #2312 ) ;
#2522 = CARTESIAN_POINT ( 'NONE',  ( -1.550000000000000488, 1.099999999999999867, -0.9999999999999997780 ) ) ;
#2523 = DIRECTION ( 'NONE',  ( 0.000000000000000000, 0.000000000000000000, -1.000000000000000000 ) ) ;
#2524 = CYLINDRICAL_SURFACE ( 'NONE', #4415, 0.1999999999999998723 ) ;
#2525 = AXIS2_PLACEMENT_3D ( 'NONE', #2886, #3550, #1029 ) ;
#2526 = VERTEX_POINT ( 'NONE', #1841 ) ;
#2527 = LINE ( 'NONE', #1947, #2844 ) ;
#2528 = EDGE_CURVE ( 'NONE', #4426, #3086, #3795, .T. ) ;
#2529 = CARTESIAN_POINT ( 'NONE',  ( 1.350000000000000311, 1.099999999999999867, 0.9999999999999995559 ) ) ;
#2530 = AXIS2_PLACEMENT_3D ( 'NONE', #3982, #724, #2155 ) ;
#2531 = EDGE_CURVE ( 'NONE', #3536, #3781, #3966, .T. ) ;
#2532 = ORIENTED_EDGE ( 'NONE', *, *, #1312, .F. ) ;
#2533 = FACE_BOUND ( 'NONE', #820, .T. ) ;
#2534 = VERTEX_POINT ( 'NONE', #407 ) ;
#2535 = CARTESIAN_POINT ( 'NONE',  ( 1.350000000000000089, 0.4999999999999998890, 1.249999999999999778 ) ) ;
#2536 = DIRECTION ( 'NONE',  ( 0.000000000000000000, 0.000000000000000000, 1.000000000000000000 ) ) ;
#2537 = ADVANCED_FACE ( 'NONE', ( #1443 ), #4421, .F. ) ;
#2538 = ORIENTED_EDGE ( 'NONE', *, *, #50, .F. ) ;
#2539 = CIRCLE ( 'NONE', #2687, 0.1000000000000000472 ) ;
#2540 = CARTESIAN_POINT ( 'NONE',  ( -1.350000000000000311, 0.9999999999999997780, 0.9999999999999995559 ) ) ;
#2541 = DIRECTION ( 'NONE',  ( -0.000000000000000000, 0.000000000000000000, 1.000000000000000000 ) ) ;
#2542 = DIRECTION ( 'NONE',  ( 0.000000000000000000, -1.000000000000000000, 0.000000000000000000 ) ) ;
#2543 = ORIENTED_EDGE ( 'NONE', *, *, #2911, .F. ) ;
#2544 = CARTESIAN_POINT ( 'NONE',  ( 0.000000000000000000, 0.9999999999999997780, -1.249999999999999778 ) ) ;
#2545 = DIRECTION ( 'NONE',  ( 0.000000000000000000, 0.000000000000000000, 1.000000000000000000 ) ) ;
#2546 = ADVANCED_FACE ( 'NONE', ( #2880 ), #3250, .T. ) ;
#2547 = DIRECTION ( 'NONE',  ( 0.000000000000000000, -1.000000000000000000, 0.000000000000000000 ) ) ;
#2548 = DIRECTION ( 'NONE',  ( -4.818676322157797375E-16, 0.000000000000000000, 1.000000000000000000 ) ) ;
#2549 = ORIENTED_EDGE ( 'NONE', *, *, #2324, .T. ) ;
#2550 = MANIFOLD_SOLID_BREP ( 'Boss-Extrude7', #854 ) ;
#2551 = CARTESIAN_POINT ( 'NONE',  ( -1.600000000000000089, 0.9999999999999997780, -0.5750000000000083933 ) ) ;
#2552 = LINE ( 'NONE', #4022, #3107 ) ;
#2553 = ORIENTED_EDGE ( 'NONE', *, *, #4150, .F. ) ;
#2554 = EDGE_CURVE ( 'NONE', #27, #3082, #2135, .T. ) ;
#2555 = CARTESIAN_POINT ( 'NONE',  ( -0.6000000000000000888, 0.4999999999999998890, -1.149999999999999689 ) ) ;
#2556 = VERTEX_POINT ( 'NONE', #3994 ) ;
#2557 = CARTESIAN_POINT ( 'NONE',  ( -1.004584529893781442, 1.199999999999999956, 0.6868262879948838773 ) ) ;
#2558 = EDGE_LOOP ( 'NONE', ( #2823, #4559, #183, #2968 ) ) ;
#2559 =( NAMED_UNIT ( * ) PLANE_ANGLE_UNIT ( ) SI_UNIT ( $, .RADIAN. ) );
#2560 = DIRECTION ( 'NONE',  ( 0.000000000000000000, 0.000000000000000000, 1.000000000000000000 ) ) ;
#2561 = ADVANCED_FACE ( 'NONE', ( #2141 ), #2497, .F. ) ;
#2562 = DIRECTION ( 'NONE',  ( 0.000000000000000000, -1.000000000000000000, 0.000000000000000000 ) ) ;
#2563 = ORIENTED_EDGE ( 'NONE', *, *, #2528, .T. ) ;
#2564 = CARTESIAN_POINT ( 'NONE',  ( 1.500000000000000666, 1.149999999999999689, -1.000000000000000000 ) ) ;
#2565 = DIRECTION ( 'NONE',  ( -0.000000000000000000, 1.000000000000000000, 0.000000000000000000 ) ) ;
#2566 = ORIENTED_EDGE ( 'NONE', *, *, #3972, .F. ) ;
#2567 = UNCERTAINTY_MEASURE_WITH_UNIT (LENGTH_MEASURE( 1.000000000000000082E-05 ), #4693, 'distance_accuracy_value', 'NONE');
#2568 = EDGE_CURVE ( 'NONE', #558, #888, #776, .T. ) ;
#2569 = DIRECTION ( 'NONE',  ( -1.000000000000000000, 0.000000000000000000, 0.000000000000000000 ) ) ;
#2570 = VECTOR ( 'NONE', #4163, 1000.000000000000000 ) ;
#2571 = ORIENTED_EDGE ( 'NONE', *, *, #2568, .T. ) ;
#2572 = VECTOR ( 'NONE', #571, 1000.000000000000000 ) ;
#2573 = DIRECTION ( 'NONE',  ( 2.502005013428087277E-15, -0.000000000000000000, -1.000000000000000000 ) ) ;
#2574 = LINE ( 'NONE', #4385, #1765 ) ;
#2575 = LINE ( 'NONE', #413, #3635 ) ;
#2576 = ORIENTED_EDGE ( 'NONE', *, *, #2531, .T. ) ;
#2577 = CARTESIAN_POINT ( 'NONE',  ( -0.6000000000000009770, 0.4999999999999998890, -0.4999999999999997780 ) ) ;
#2578 = VERTEX_POINT ( 'NONE', #706 ) ;
#2579 = DIRECTION ( 'NONE',  ( 0.000000000000000000, 1.000000000000000000, 0.000000000000000000 ) ) ;
#2580 = DIRECTION ( 'NONE',  ( 0.000000000000000000, -1.000000000000000000, 0.000000000000000000 ) ) ;
#2581 = ORIENTED_EDGE ( 'NONE', *, *, #1945, .F. ) ;
#2582 = ORIENTED_EDGE ( 'NONE', *, *, #4208, .T. ) ;
#2583 = LINE ( 'NONE', #4124, #2143 ) ;
#2584 = EDGE_CURVE ( 'NONE', #1408, #2686, #4127, .T. ) ;
#2585 = EDGE_CURVE ( 'NONE', #2493, #516, #1606, .T. ) ;
#2586 = FILL_AREA_STYLE_COLOUR ( '', #2501 ) ;
#2587 = CARTESIAN_POINT ( 'NONE',  ( -1.600000000000000089, 0.9999999999999997780, 1.249999999999999778 ) ) ;
#2588 = CARTESIAN_POINT ( 'NONE',  ( 1.350000000000000311, 1.149999999999999911, 1.099999999999999645 ) ) ;
#2589 = ADVANCED_FACE ( 'NONE', ( #4512 ), #1204, .F. ) ;
#2590 = ORIENTED_EDGE ( 'NONE', *, *, #3785, .F. ) ;
#2591 = AXIS2_PLACEMENT_3D ( 'NONE', #7, #1428, #3510 ) ;
#2592 = MANIFOLD_SOLID_BREP ( 'Fillet2', #262 ) ;
#2593 = DIRECTION ( 'NONE',  ( 0.000000000000000000, 0.000000000000000000, -1.000000000000000000 ) ) ;
#2594 = CIRCLE ( 'NONE', #4598, 0.2500000000000000000 ) ;
#2595 = EDGE_CURVE ( 'NONE', #1655, #4704, #4514, .T. ) ;
#2596 = ORIENTED_EDGE ( 'NONE', *, *, #62, .T. ) ;
#2597 = CARTESIAN_POINT ( 'NONE',  ( -1.350000000000000311, 0.9999999999999997780, -1.099999999999999867 ) ) ;
#2598 = CIRCLE ( 'NONE', #3992, 0.2500000000000000000 ) ;
#2599 = AXIS2_PLACEMENT_3D ( 'NONE', #2999, #4560, #1675 ) ;
#2600 = EDGE_LOOP ( 'NONE', ( #3876, #41, #100, #3545 ) ) ;
#2601 = LINE ( 'NONE', #4073, #4379 ) ;
#2602 = ORIENTED_EDGE ( 'NONE', *, *, #4455, .F. ) ;
#2603 = LINE ( 'NONE', #105, #2003 ) ;
#2604 = ORIENTED_EDGE ( 'NONE', *, *, #1636, .T. ) ;
#2605 = CARTESIAN_POINT ( 'NONE',  ( -1.370871215252208009, 1.750000000000001332, 1.149999999999999689 ) ) ;
#2606 = CARTESIAN_POINT ( 'NONE',  ( 1.350000000000000311, 0.9999999999999997780, 1.099999999999999645 ) ) ;
#2607 = VECTOR ( 'NONE', #2542, 1000.000000000000000 ) ;
#2608 = ORIENTED_EDGE ( 'NONE', *, *, #4329, .F. ) ;
#2609 = DIRECTION ( 'NONE',  ( 1.000000000000000000, 0.000000000000000000, 0.000000000000000000 ) ) ;
#2610 = ADVANCED_FACE ( 'NONE', ( #4271 ), #2777, .T. ) ;
#2611 = STYLED_ITEM ( 'NONE', ( #4029 ), #1391 ) ;
#2612 = ORIENTED_EDGE ( 'NONE', *, *, #4093, .F. ) ;
#2613 = LINE ( 'NONE', #4501, #3689 ) ;
#2614 = ADVANCED_FACE ( 'NONE', ( #924 ), #3518, .F. ) ;
#2615 = CARTESIAN_POINT ( 'NONE',  ( 1.370871215252208009, 0.000000000000000000, -1.149999999999999689 ) ) ;
#2616 = VERTEX_POINT ( 'NONE', #973 ) ;
#2617 = CARTESIAN_POINT ( 'NONE',  ( -1.600000000000000311, 0.4999999999999997780, -1.249999999999999778 ) ) ;
#2618 = EDGE_CURVE ( 'NONE', #1609, #2428, #1931, .T. ) ;
#2619 = ORIENTED_EDGE ( 'NONE', *, *, #1854, .F. ) ;
#2620 = DIRECTION ( 'NONE',  ( -1.000000000000000000, 0.000000000000000000, 0.000000000000000000 ) ) ;
#2621 = VECTOR ( 'NONE', #3262, 1000.000000000000000 ) ;
#2622 = PLANE ( 'NONE',  #279 ) ;
#2623 = EDGE_LOOP ( 'NONE', ( #2088, #4037, #1463, #2463, #4134, #1881, #1676, #807, #1698 ) ) ;
#2624 = AXIS2_PLACEMENT_3D ( 'NONE', #2392, #3863, #612 ) ;
#2625 = ORIENTED_EDGE ( 'NONE', *, *, #1928, .T. ) ;
#2626 = LINE ( 'NONE', #4103, #1081 ) ;
#2627 = ORIENTED_EDGE ( 'NONE', *, *, #4305, .T. ) ;
#2628 = CARTESIAN_POINT ( 'NONE',  ( -1.350000000000000311, 1.099999999999999867, -0.9999999999999997780 ) ) ;
#2629 = ORIENTED_EDGE ( 'NONE', *, *, #1285, .T. ) ;
#2630 = VECTOR ( 'NONE', #3865, 1000.000000000000000 ) ;
#2631 = CYLINDRICAL_SURFACE ( 'NONE', #2715, 0.05000000000000858619 ) ;
#2632 = EDGE_LOOP ( 'NONE', ( #1161, #3255, #2285, #285 ) ) ;
#2633 = ORIENTED_EDGE ( 'NONE', *, *, #3468, .T. ) ;
#2634 = CARTESIAN_POINT ( 'NONE',  ( -1.600000000000008749, 0.9999999999999997780, -0.5249999999999999112 ) ) ;
#2635 = LINE ( 'NONE', #3051, #569 ) ;
#2636 = LINE ( 'NONE', #3772, #615 ) ;
#2637 = EDGE_CURVE ( 'NONE', #1166, #4698, #196, .T. ) ;
#2638 = VERTEX_POINT ( 'NONE', #2725 ) ;
#2639 = VECTOR ( 'NONE', #2198, 1000.000000000000000 ) ;
#2640 = EDGE_CURVE ( 'NONE', #888, #1578, #1339, .T. ) ;
#2641 = LINE ( 'NONE', #1550, #3331 ) ;
#2642 =( GEOMETRIC_REPRESENTATION_CONTEXT ( 3 ) GLOBAL_UNCERTAINTY_ASSIGNED_CONTEXT ( ( #1419 ) ) GLOBAL_UNIT_ASSIGNED_CONTEXT ( ( #4057, #796, #90 ) ) REPRESENTATION_CONTEXT ( 'NONE', 'WORKASPACE' ) );
#2643 = AXIS2_PLACEMENT_3D ( 'NONE', #195, #2346, #1567 ) ;
#2644 = ORIENTED_EDGE ( 'NONE', *, *, #1743, .T. ) ;
#2645 = EDGE_LOOP ( 'NONE', ( #2210, #2481, #1296, #3835 ) ) ;
#2646 = EDGE_CURVE ( 'NONE', #65, #3098, #2017, .T. ) ;
#2647 = LINE ( 'NONE', #4076, #3280 ) ;
#2648 = ORIENTED_EDGE ( 'NONE', *, *, #2321, .F. ) ;
#2649 = LINE ( 'NONE', #860, #764 ) ;
#2650 = DIRECTION ( 'NONE',  ( 0.000000000000000000, -1.000000000000000000, 0.000000000000000000 ) ) ;
#2651 = ORIENTED_EDGE ( 'NONE', *, *, #3643, .F. ) ;
#2652 = LINE ( 'NONE', #4587, #4613 ) ;
#2653 = DIRECTION ( 'NONE',  ( 0.000000000000000000, 1.000000000000000000, 0.000000000000000000 ) ) ;
#2654 = EDGE_LOOP ( 'NONE', ( #1150, #3179, #1727, #826 ) ) ;
#2655 = DIRECTION ( 'NONE',  ( -0.000000000000000000, -1.000000000000000000, -0.000000000000000000 ) ) ;
#2656 = CARTESIAN_POINT ( 'NONE',  ( -1.350000000000000311, 1.149999999999999689, -0.9999999999999997780 ) ) ;
#2657 = EDGE_LOOP ( 'NONE', ( #2330, #3319, #3188, #4495 ) ) ;
#2658 = DIRECTION ( 'NONE',  ( -0.000000000000000000, -1.000000000000000000, 0.000000000000000000 ) ) ;
#2659 = PLANE ( 'NONE',  #192 ) ;
#2660 = LINE ( 'NONE', #1547, #4332 ) ;
#2661 = VECTOR ( 'NONE', #2812, 1000.000000000000000 ) ;
#2662 = ORIENTED_EDGE ( 'NONE', *, *, #3914, .T. ) ;
#2663 = EDGE_CURVE ( 'NONE', #2722, #130, #3902, .T. ) ;
#2664 = AXIS2_PLACEMENT_3D ( 'NONE', #3813, #1685, #3130 ) ;
#2665 = CARTESIAN_POINT ( 'NONE',  ( 1.549999999999991385, 0.9999999999999997780, 0.000000000000000000 ) ) ;
#2666 = CARTESIAN_POINT ( 'NONE',  ( 1.600000000000000089, 0.000000000000000000, 0.000000000000000000 ) ) ;
#2667 = CARTESIAN_POINT ( 'NONE',  ( 1.370871215252208009, 0.4999999999999998890, 1.149999999999999911 ) ) ;
#2668 = EDGE_LOOP ( 'NONE', ( #3522, #2205, #158, #1602 ) ) ;
#2669 = VECTOR ( 'NONE', #954, 1000.000000000000000 ) ;
#2670 = CIRCLE ( 'NONE', #2223, 0.1000000000000000472 ) ;
#2671 = LINE ( 'NONE', #3040, #25 ) ;
#2672 = CARTESIAN_POINT ( 'NONE',  ( 1.350000000000000311, 1.199999999999999956, -1.000000000000000000 ) ) ;
#2673 = ORIENTED_EDGE ( 'NONE', *, *, #4150, .T. ) ;
#2674 = DIRECTION ( 'NONE',  ( 0.7071067811865471286, 0.000000000000000000, -0.7071067811865479058 ) ) ;
#2675 = EDGE_CURVE ( 'NONE', #58, #1024, #647, .T. ) ;
#2676 = DIRECTION ( 'NONE',  ( 0.000000000000000000, 0.000000000000000000, -1.000000000000000000 ) ) ;
#2677 = CARTESIAN_POINT ( 'NONE',  ( 1.600000000000008749, 0.9999999999999997780, 0.5249999999999999112 ) ) ;
#2678 = ORIENTED_EDGE ( 'NONE', *, *, #625, .T. ) ;
#2679 = DIRECTION ( 'NONE',  ( 0.000000000000000000, 0.000000000000000000, 1.000000000000000000 ) ) ;
#2680 = LINE ( 'NONE', #4157, #1061 ) ;
#2681 = CIRCLE ( 'NONE', #1313, 0.05000000000000858619 ) ;
#2682 = EDGE_LOOP ( 'NONE', ( #1239, #680, #1032, #4231 ) ) ;
#2683 = EDGE_CURVE ( 'NONE', #4626, #499, #2063, .T. ) ;
#2684 = LINE ( 'NONE', #2170, #3216 ) ;
#2685 = CARTESIAN_POINT ( 'NONE',  ( -1.549999999999991385, 0.000000000000000000, -0.000000000000000000 ) ) ;
#2686 = VERTEX_POINT ( 'NONE', #1295 ) ;
#2687 = AXIS2_PLACEMENT_3D ( 'NONE', #2946, #4396, #3928 ) ;
#2688 = SURFACE_STYLE_FILL_AREA ( #4523 ) ;
#2689 = DIRECTION ( 'NONE',  ( -1.000000000000000000, 0.000000000000000000, 0.000000000000000000 ) ) ;
#2690 = ORIENTED_EDGE ( 'NONE', *, *, #3028, .T. ) ;
#2691 = DIRECTION ( 'NONE',  ( -1.668003342285391551E-16, 0.000000000000000000, 1.000000000000000000 ) ) ;
#2692 = CARTESIAN_POINT ( 'NONE',  ( 1.500000000000000000, 0.000000000000000000, 0.4999999999999997780 ) ) ;
#2693 = CARTESIAN_POINT ( 'NONE',  ( -1.350000000000000089, 0.4999999999999997780, -1.249999999999999778 ) ) ;
#2694 = ORIENTED_EDGE ( 'NONE', *, *, #1653, .T. ) ;
#2695 = VERTEX_POINT ( 'NONE', #673 ) ;
#2696 = CARTESIAN_POINT ( 'NONE',  ( -1.350000000000000311, 1.149999999999999689, -0.9999999999999997780 ) ) ;
#2697 = CARTESIAN_POINT ( 'NONE',  ( -1.450000000000000400, 1.149999999999999689, 0.9999999999999995559 ) ) ;
#2698 = DIRECTION ( 'NONE',  ( -0.000000000000000000, -1.000000000000000000, -0.000000000000000000 ) ) ;
#2699 = DIRECTION ( 'NONE',  ( 0.000000000000000000, 0.000000000000000000, -1.000000000000000000 ) ) ;
#2700 = ORIENTED_EDGE ( 'NONE', *, *, #1712, .F. ) ;
#2701 = VECTOR ( 'NONE', #1190, 1000.000000000000000 ) ;
#2702 = EDGE_CURVE ( 'NONE', #3098, #1992, #1358, .T. ) ;
#2703 = DIRECTION ( 'NONE',  ( -0.000000000000000000, -1.000000000000000000, -0.000000000000000000 ) ) ;
#2704 = AXIS2_PLACEMENT_3D ( 'NONE', #2196, #3699, #57 ) ;
#2705 = DIRECTION ( 'NONE',  ( 0.000000000000000000, 0.000000000000000000, -1.000000000000000000 ) ) ;
#2706 = DIRECTION ( 'NONE',  ( 0.000000000000000000, 0.000000000000000000, -1.000000000000000000 ) ) ;
#2707 = VERTEX_POINT ( 'NONE', #1020 ) ;
#2708 = ADVANCED_FACE ( 'NONE', ( #2462 ), #1610, .T. ) ;
#2709 = VECTOR ( 'NONE', #829, 1000.000000000000000 ) ;
#2710 = LINE ( 'NONE', #2256, #15 ) ;
#2711 = ORIENTED_EDGE ( 'NONE', *, *, #2176, .F. ) ;
#2712 = DIRECTION ( 'NONE',  ( 0.000000000000000000, -1.000000000000000000, 0.000000000000000000 ) ) ;
#2713 = CARTESIAN_POINT ( 'NONE',  ( 0.5999999999999984235, 1.750000000000001332, -0.4999999999999997780 ) ) ;
#2714 = DIRECTION ( 'NONE',  ( 0.000000000000000000, 0.000000000000000000, 1.000000000000000000 ) ) ;
#2715 = AXIS2_PLACEMENT_3D ( 'NONE', #4133, #3049, #1613 ) ;
#2716 = VECTOR ( 'NONE', #1066, 1000.000000000000000 ) ;
#2717 = CARTESIAN_POINT ( 'NONE',  ( 1.350000000000000311, 1.149999999999999689, 1.149999999999999245 ) ) ;
#2718 = ORIENTED_EDGE ( 'NONE', *, *, #1353, .F. ) ;
#2719 = DIRECTION ( 'NONE',  ( -0.000000000000000000, -1.000000000000000000, -0.000000000000000000 ) ) ;
#2720 = CARTESIAN_POINT ( 'NONE',  ( -0.8000000000000000444, 0.000000000000000000, 0.4999999999999997780 ) ) ;
#2721 = CIRCLE ( 'NONE', #246, 0.04999999999999991257 ) ;
#2722 = VERTEX_POINT ( 'NONE', #3213 ) ;
#2723 = DIRECTION ( 'NONE',  ( 0.000000000000000000, 0.000000000000000000, -1.000000000000000000 ) ) ;
#2724 = DIRECTION ( 'NONE',  ( 0.000000000000000000, 1.000000000000000000, -0.000000000000000000 ) ) ;
#2725 = CARTESIAN_POINT ( 'NONE',  ( 1.450000000000000178, 0.000000000000000000, 1.249999999999999778 ) ) ;
#2726 = ORIENTED_EDGE ( 'NONE', *, *, #348, .T. ) ;
#2727 = ORIENTED_EDGE ( 'NONE', *, *, #4092, .F. ) ;
#2728 = PLANE ( 'NONE',  #4274 ) ;
#2729 = ADVANCED_FACE ( 'NONE', ( #4675 ), #349, .T. ) ;
#2730 = ORIENTED_EDGE ( 'NONE', *, *, #2762, .T. ) ;
#2731 = EDGE_CURVE ( 'NONE', #130, #4599, #1982, .T. ) ;
#2732 = DIRECTION ( 'NONE',  ( 0.7071067811865472397, 0.000000000000000000, -0.7071067811865479058 ) ) ;
#2733 = DIRECTION ( 'NONE',  ( 1.000000000000000000, 0.000000000000000000, -0.000000000000000000 ) ) ;
#2734 = CARTESIAN_POINT ( 'NONE',  ( -1.350000000000000311, 1.149999999999999689, -0.9999999999999997780 ) ) ;
#2735 = CARTESIAN_POINT ( 'NONE',  ( -0.6000000000000000888, 0.4999999999999998890, 1.149999999999999689 ) ) ;
#2736 = CARTESIAN_POINT ( 'NONE',  ( 1.450000000000000178, 0.000000000000000000, -1.249999999999999778 ) ) ;
#2737 = ADVANCED_FACE ( 'NONE', ( #1612 ), #3392, .F. ) ;
#2738 = EDGE_CURVE ( 'NONE', #4517, #2240, #911, .T. ) ;
#2739 = ORIENTED_EDGE ( 'NONE', *, *, #4213, .T. ) ;
#2740 = AXIS2_PLACEMENT_3D ( 'NONE', #3690, #2547, #3293 ) ;
#2741 = CARTESIAN_POINT ( 'NONE',  ( 1.350000000000000089, 1.750000000000001332, 1.249999999999999778 ) ) ;
#2742 = CARTESIAN_POINT ( 'NONE',  ( -1.450000000000000178, 0.9999999999999997780, -1.249999999999999778 ) ) ;
#2743 = CARTESIAN_POINT ( 'NONE',  ( 1.549999999999991385, 0.000000000000000000, 0.000000000000000000 ) ) ;
#2744 = EDGE_CURVE ( 'NONE', #2722, #2344, #2001, .T. ) ;
#2745 = ORIENTED_EDGE ( 'NONE', *, *, #2956, .F. ) ;
#2746 = DIRECTION ( 'NONE',  ( -1.000000000000000000, 0.000000000000000000, 0.000000000000000000 ) ) ;
#2747 = CIRCLE ( 'NONE', #3594, 0.1499999999999999667 ) ;
#2748 = ORIENTED_EDGE ( 'NONE', *, *, #4359, .T. ) ;
#2749 = VECTOR ( 'NONE', #2452, 1000.000000000000000 ) ;
#2750 = CARTESIAN_POINT ( 'NONE',  ( 1.500000000000000000, 0.4999999999999998890, -1.020871215252207698 ) ) ;
#2751 = VERTEX_POINT ( 'NONE', #3932 ) ;
#2752 = CARTESIAN_POINT ( 'NONE',  ( -1.004584529893781442, 1.199999999999999956, 0.6868262879948838773 ) ) ;
#2753 = ORIENTED_EDGE ( 'NONE', *, *, #3900, .F. ) ;
#2754 = CIRCLE ( 'NONE', #728, 0.04999999999999991257 ) ;
#2755 = ORIENTED_EDGE ( 'NONE', *, *, #3327, .F. ) ;
#2756 = CARTESIAN_POINT ( 'NONE',  ( 1.500000000000000000, 0.4999999999999997780, -1.020871215252207698 ) ) ;
#2757 = COLOUR_RGB ( '',0.9686274509803921573, 0.8784313725490195957, 0.5999999999999999778 ) ;
#2758 = DIRECTION ( 'NONE',  ( -0.000000000000000000, 1.000000000000000000, 0.000000000000000000 ) ) ;
#2759 = LINE ( 'NONE', #2783, #185 ) ;
#2760 = CARTESIAN_POINT ( 'NONE',  ( -1.350000000000000089, 0.4999999999999998890, 1.249999999999999778 ) ) ;
#2761 = DIRECTION ( 'NONE',  ( 0.000000000000000000, 0.000000000000000000, -1.000000000000000000 ) ) ;
#2762 = EDGE_CURVE ( 'NONE', #1408, #4426, #2366, .T. ) ;
#2763 = AXIS2_PLACEMENT_3D ( 'NONE', #3987, #880, #3016 ) ;
#2764 = VECTOR ( 'NONE', #3609, 1000.000000000000000 ) ;
#2765 = DIRECTION ( 'NONE',  ( -0.000000000000000000, -1.000000000000000000, -0.000000000000000000 ) ) ;
#2766 = CIRCLE ( 'NONE', #4464, 0.2500000000000000000 ) ;
#2767 = ORIENTED_EDGE ( 'NONE', *, *, #3336, .F. ) ;
#2768 = ADVANCED_FACE ( 'NONE', ( #4593 ), #3842, .T. ) ;
#2769 = DIRECTION ( 'NONE',  ( 0.000000000000000000, 0.000000000000000000, -1.000000000000000000 ) ) ;
#2770 = CARTESIAN_POINT ( 'NONE',  ( -1.549999999999991385, 0.9999999999999997780, 0.3250000000000000111 ) ) ;
#2771 = LINE ( 'NONE', #201, #3110 ) ;
#2772 = ORIENTED_EDGE ( 'NONE', *, *, #2948, .F. ) ;
#2773 = DIRECTION ( 'NONE',  ( -1.501203008056852445E-15, 0.000000000000000000, 1.000000000000000000 ) ) ;
#2774 = ADVANCED_FACE ( 'NONE', ( #657 ), #3482, .T. ) ;
#2775 = ORIENTED_EDGE ( 'NONE', *, *, #2883, .F. ) ;
#2776 = DIRECTION ( 'NONE',  ( 0.000000000000000000, 1.000000000000000000, 0.000000000000000000 ) ) ;
#2777 = CYLINDRICAL_SURFACE ( 'NONE', #3747, 0.04999999999999991257 ) ;
#2778 = EDGE_LOOP ( 'NONE', ( #913, #4315, #2718, #3189 ) ) ;
#2779 = LINE ( 'NONE', #650, #2157 ) ;
#2780 = VERTEX_POINT ( 'NONE', #1326 ) ;
#2781 = EDGE_LOOP ( 'NONE', ( #3047, #1832, #2629, #2242 ) ) ;
#2782 = CARTESIAN_POINT ( 'NONE',  ( 1.600000000000008749, 0.000000000000000000, -0.5249999999999999112 ) ) ;
#2783 = CARTESIAN_POINT ( 'NONE',  ( -1.500000000000000000, 1.750000000000001332, 1.020871215252207698 ) ) ;
#2784 =( NAMED_UNIT ( * ) SI_UNIT ( $, .STERADIAN. ) SOLID_ANGLE_UNIT ( ) );
#2785 = DIRECTION ( 'NONE',  ( 0.000000000000000000, -1.000000000000000000, 0.000000000000000000 ) ) ;
#2786 = DIRECTION ( 'NONE',  ( 0.000000000000000000, 0.000000000000000000, -1.000000000000000000 ) ) ;
#2787 = ORIENTED_EDGE ( 'NONE', *, *, #3327, .T. ) ;
#2788 = EDGE_CURVE ( 'NONE', #3866, #2578, #2759, .T. ) ;
#2789 = CARTESIAN_POINT ( 'NONE',  ( 1.400000000000000355, 1.149999999999999911, 0.9999999999999995559 ) ) ;
#2790 = ADVANCED_FACE ( 'NONE', ( #2072 ), #4234, .T. ) ;
#2791 = DIRECTION ( 'NONE',  ( 1.000000000000000000, -0.000000000000000000, -0.000000000000000000 ) ) ;
#2792 = EDGE_CURVE ( 'NONE', #2919, #1359, #2670, .T. ) ;
#2793 = AXIS2_PLACEMENT_3D ( 'NONE', #3177, #1666, #3889 ) ;
#2794 = EDGE_LOOP ( 'NONE', ( #455, #1631, #2294, #2353 ) ) ;
#2795 = ORIENTED_EDGE ( 'NONE', *, *, #798, .T. ) ;
#2796 = EDGE_CURVE ( 'NONE', #3731, #987, #3374, .T. ) ;
#2797 = VERTEX_POINT ( 'NONE', #1710 ) ;
#2798 = CARTESIAN_POINT ( 'NONE',  ( -1.600000000000000311, 1.750000000000001332, -1.249999999999999778 ) ) ;
#2799 = ORIENTED_EDGE ( 'NONE', *, *, #4238, .F. ) ;
#2800 = VECTOR ( 'NONE', #450, 1000.000000000000000 ) ;
#2801 = CARTESIAN_POINT ( 'NONE',  ( -1.600000000000000311, 0.000000000000000000, -1.249999999999999778 ) ) ;
#2802 = DIRECTION ( 'NONE',  ( -0.000000000000000000, 1.000000000000000000, 0.000000000000000000 ) ) ;
#2803 = ORIENTED_EDGE ( 'NONE', *, *, #547, .T. ) ;
#2804 = FACE_OUTER_BOUND ( 'NONE', #709, .T. ) ;
#2805 = VECTOR ( 'NONE', #2165, 1000.000000000000000 ) ;
#2806 = FACE_OUTER_BOUND ( 'NONE', #3677, .T. ) ;
#2807 = DIRECTION ( 'NONE',  ( 0.000000000000000000, 0.000000000000000000, 1.000000000000000000 ) ) ;
#2808 = FACE_OUTER_BOUND ( 'NONE', #1324, .T. ) ;
#2809 = CARTESIAN_POINT ( 'NONE',  ( 1.599999999999998312, 0.4999999999999997780, -1.249999999999999778 ) ) ;
#2810 = ORIENTED_EDGE ( 'NONE', *, *, #2788, .F. ) ;
#2811 = LINE ( 'NONE', #3180, #384 ) ;
#2812 = DIRECTION ( 'NONE',  ( 0.000000000000000000, 0.000000000000000000, -1.000000000000000000 ) ) ;
#2813 = CARTESIAN_POINT ( 'NONE',  ( -1.549999999999991385, 0.9999999999999997780, 0.3250000000000000111 ) ) ;
#2814 = ORIENTED_EDGE ( 'NONE', *, *, #806, .F. ) ;
#2815 = ADVANCED_FACE ( 'NONE', ( #1074 ), #2495, .T. ) ;
#2816 = DIRECTION ( 'NONE',  ( 0.000000000000000000, -0.000000000000000000, -1.000000000000000000 ) ) ;
#2817 = CLOSED_SHELL ( 'NONE', ( #1057, #608, #2446, #4016, #1381, #595, #3850, #525, #1691, #4099, #4446, #2546 ) ) ;
#2818 = ORIENTED_EDGE ( 'NONE', *, *, #2122, .T. ) ;
#2819 = AXIS2_PLACEMENT_3D ( 'NONE', #3885, #631, #3528 ) ;
#2820 = LINE ( 'NONE', #671, #3646 ) ;
#2821 = DIRECTION ( 'NONE',  ( 1.000000000000000000, 0.000000000000000000, 0.000000000000000000 ) ) ;
#2822 = CARTESIAN_POINT ( 'NONE',  ( 1.350000000000000089, 0.000000000000000000, -1.249999999999999778 ) ) ;
#2823 = ORIENTED_EDGE ( 'NONE', *, *, #50, .T. ) ;
#2824 = VERTEX_POINT ( 'NONE', #2930 ) ;
#2825 = AXIS2_PLACEMENT_3D ( 'NONE', #365, #3234, #3578 ) ;
#2826 =( NAMED_UNIT ( * ) PLANE_ANGLE_UNIT ( ) SI_UNIT ( $, .RADIAN. ) );
#2827 = DIRECTION ( 'NONE',  ( -1.084202172485504804E-16, 0.000000000000000000, -1.000000000000000000 ) ) ;
#2828 = DIRECTION ( 'NONE',  ( 0.000000000000000000, 0.000000000000000000, -1.000000000000000000 ) ) ;
#2829 = ADVANCED_FACE ( 'NONE', ( #333 ), #4035, .T. ) ;
#2830 = VERTEX_POINT ( 'NONE', #44 ) ;
#2831 = CARTESIAN_POINT ( 'NONE',  ( 1.550000000000000488, 0.9999999999999997780, 0.9999999999999995559 ) ) ;
#2832 = AXIS2_PLACEMENT_3D ( 'NONE', #3223, #4351, #2545 ) ;
#2833 = DIRECTION ( 'NONE',  ( -0.000000000000000000, -1.000000000000000000, -0.000000000000000000 ) ) ;
#2834 = CARTESIAN_POINT ( 'NONE',  ( -1.500000000000000000, 0.000000000000000000, 1.020871215252207698 ) ) ;
#2835 = VECTOR ( 'NONE', #3276, 1000.000000000000000 ) ;
#2836 = VECTOR ( 'NONE', #4686, 1000.000000000000000 ) ;
#2837 = CARTESIAN_POINT ( 'NONE',  ( 0.6000000000000001998, 0.000000000000000000, 0.4999999999999997780 ) ) ;
#2838 = LINE ( 'NONE', #2120, #2835 ) ;
#2839 = EDGE_LOOP ( 'NONE', ( #1226, #1614, #3980, #2972 ) ) ;
#2840 = COLOUR_RGB ( '',0.9686274509803921573, 0.8784313725490195957, 0.5999999999999999778 ) ;
#2841 = VECTOR ( 'NONE', #4248, 1000.000000000000000 ) ;
#2842 = CARTESIAN_POINT ( 'NONE',  ( 0.6000000000000000888, 0.4999999999999998890, -1.149999999999999689 ) ) ;
#2843 = LINE ( 'NONE', #2813, #1206 ) ;
#2844 = VECTOR ( 'NONE', #893, 1000.000000000000000 ) ;
#2845 = ORIENTED_EDGE ( 'NONE', *, *, #725, .F. ) ;
#2846 = CYLINDRICAL_SURFACE ( 'NONE', #3834, 0.1499999999999999667 ) ;
#2847 = DIRECTION ( 'NONE',  ( -0.000000000000000000, -1.000000000000000000, -0.000000000000000000 ) ) ;
#2848 = ORIENTED_EDGE ( 'NONE', *, *, #4028, .T. ) ;
#2849 = CARTESIAN_POINT ( 'NONE',  ( -0.5999999999999998668, 0.4999999999999997780, 0.6999999999999997335 ) ) ;
#2850 = ORIENTED_EDGE ( 'NONE', *, *, #2970, .T. ) ;
#2851 = SURFACE_STYLE_USAGE ( .BOTH. , #1109 ) ;
#2852 = VERTEX_POINT ( 'NONE', #736 ) ;
#2853 = LINE ( 'NONE', #2112, #4540 ) ;
#2854 = VERTEX_POINT ( 'NONE', #4325 ) ;
#2855 = DIRECTION ( 'NONE',  ( -0.000000000000000000, -1.000000000000000000, -0.000000000000000000 ) ) ;
#2856 = DIRECTION ( 'NONE',  ( 0.000000000000000000, 0.000000000000000000, -1.000000000000000000 ) ) ;
#2857 = EDGE_CURVE ( 'NONE', #4126, #2780, #774, .T. ) ;
#2858 = DIRECTION ( 'NONE',  ( -0.000000000000000000, 1.000000000000000000, -0.000000000000000000 ) ) ;
#2859 = DIRECTION ( 'NONE',  ( 0.000000000000000000, 0.000000000000000000, -1.000000000000000000 ) ) ;
#2860 = EDGE_CURVE ( 'NONE', #1933, #4358, #3625, .T. ) ;
#2861 = CARTESIAN_POINT ( 'NONE',  ( 0.6000000000000000888, 0.4999999999999997780, 1.149999999999999689 ) ) ;
#2862 = EDGE_CURVE ( 'NONE', #180, #3092, #4420, .T. ) ;
#2863 = ORIENTED_EDGE ( 'NONE', *, *, #2480, .T. ) ;
#2864 = DIRECTION ( 'NONE',  ( 0.000000000000000000, 0.000000000000000000, -1.000000000000000000 ) ) ;
#2865 = CARTESIAN_POINT ( 'NONE',  ( -1.350000000000000311, 0.9999999999999997780, 1.199999999999999734 ) ) ;
#2866 = ORIENTED_EDGE ( 'NONE', *, *, #757, .F. ) ;
#2867 = DIRECTION ( 'NONE',  ( 0.000000000000000000, 1.000000000000000000, -0.000000000000000000 ) ) ;
#2868 = ORIENTED_EDGE ( 'NONE', *, *, #2098, .T. ) ;
#2869 = VECTOR ( 'NONE', #1715, 1000.000000000000000 ) ;
#2870 = CARTESIAN_POINT ( 'NONE',  ( 1.500000000000000000, 0.4999999999999998890, -1.020871215252207698 ) ) ;
#2871 = CARTESIAN_POINT ( 'NONE',  ( 0.6000000000000001998, 0.000000000000000000, 0.4999999999999997780 ) ) ;
#2872 = ORIENTED_EDGE ( 'NONE', *, *, #3256, .F. ) ;
#2873 = PRESENTATION_STYLE_ASSIGNMENT (( #4705 ) ) ;
#2874 = DIRECTION ( 'NONE',  ( 0.000000000000000000, -1.000000000000000000, 0.000000000000000000 ) ) ;
#2875 = PLANE ( 'NONE',  #739 ) ;
#2876 = ORIENTED_EDGE ( 'NONE', *, *, #3704, .F. ) ;
#2877 = CARTESIAN_POINT ( 'NONE',  ( 1.600000000000000089, 0.000000000000000000, -0.9999999999999997780 ) ) ;
#2878 = CARTESIAN_POINT ( 'NONE',  ( -1.600000000000000311, 0.4999999999999998890, -1.249999999999999778 ) ) ;
#2879 = VECTOR ( 'NONE', #3344, 1000.000000000000000 ) ;
#2880 = FACE_OUTER_BOUND ( 'NONE', #2325, .T. ) ;
#2881 = VECTOR ( 'NONE', #2268, 1000.000000000000000 ) ;
#2882 = EDGE_CURVE ( 'NONE', #4704, #750, #1097, .T. ) ;
#2883 = EDGE_CURVE ( 'NONE', #1707, #536, #1160, .T. ) ;
#2884 = FACE_OUTER_BOUND ( 'NONE', #4243, .T. ) ;
#2885 = CIRCLE ( 'NONE', #92, 0.09999999999999993616 ) ;
#2886 = CARTESIAN_POINT ( 'NONE',  ( -1.600000000000000311, 0.4999999999999998890, -1.249999999999999778 ) ) ;
#2887 = ORIENTED_EDGE ( 'NONE', *, *, #1817, .T. ) ;
#2888 = EDGE_CURVE ( 'NONE', #473, #479, #3828, .T. ) ;
#2889 = CARTESIAN_POINT ( 'NONE',  ( -1.500000000000000000, 0.4999999999999997780, 0.4999999999999997780 ) ) ;
#2890 = CARTESIAN_POINT ( 'NONE',  ( -0.6000000000000000888, 0.4999999999999998890, 1.149999999999999689 ) ) ;
#2891 = ORIENTED_EDGE ( 'NONE', *, *, #2738, .F. ) ;
#2892 = DIRECTION ( 'NONE',  ( -0.000000000000000000, 1.000000000000000000, -0.000000000000000000 ) ) ;
#2893 = EDGE_CURVE ( 'NONE', #2751, #3958, #3780, .T. ) ;
#2894 = DIRECTION ( 'NONE',  ( -1.000000000000000000, 0.000000000000000000, 0.000000000000000000 ) ) ;
#2895 = ORIENTED_EDGE ( 'NONE', *, *, #1269, .F. ) ;
#2896 = PRODUCT_CONTEXT ( 'NONE', #2901, 'mechanical' ) ;
#2897 = CLOSED_SHELL ( 'NONE', ( #861, #513, #3794, #1847, #4416, #4261, #2589, #3911, #2288, #267, #1140, #1210, #3242, #3680, #2910, #824, #545, #2062, #374, #3053, #2774, #3158, #2387, #827, #137, #2102, #665, #4310, #1091, #4148, #386, #4296, #3898, #24, #4658, #3591, #1352, #1199, #4338, #1488, #4504, #3357, #3184, #3, #104, #3588, #934, #2815, #2372, #3422, #1745, #3971, #289, #2614, #3627 ) ) ;
#2898 = CARTESIAN_POINT ( 'NONE',  ( 1.450000000000000400, 1.149999999999999689, 0.9999999999999995559 ) ) ;
#2899 = VECTOR ( 'NONE', #68, 1000.000000000000000 ) ;
#2900 = DIRECTION ( 'NONE',  ( -0.000000000000000000, -1.000000000000000000, 0.000000000000000000 ) ) ;
#2901 = APPLICATION_CONTEXT ( 'automotive_design' ) ;
#2902 = EDGE_LOOP ( 'NONE', ( #4635, #69, #3478, #218, #3525, #1968, #1195, #2378 ) ) ;
#2903 = CARTESIAN_POINT ( 'NONE',  ( -1.350000000000000089, 0.4999999999999998890, -1.249999999999999778 ) ) ;
#2904 = CARTESIAN_POINT ( 'NONE',  ( -1.370871215252208009, 0.000000000000000000, 1.149999999999999689 ) ) ;
#2905 = AXIS2_PLACEMENT_3D ( 'NONE', #2350, #4506, #917 ) ;
#2906 = PRESENTATION_STYLE_ASSIGNMENT (( #1816 ) ) ;
#2907 = ORIENTED_EDGE ( 'NONE', *, *, #1590, .T. ) ;
#2908 = PLANE ( 'NONE',  #4293 ) ;
#2909 = CARTESIAN_POINT ( 'NONE',  ( -1.600000000000000089, 0.9999999999999997780, 1.099999999999999867 ) ) ;
#2910 = ADVANCED_FACE ( 'NONE', ( #156 ), #514, .T. ) ;
#2911 = EDGE_CURVE ( 'NONE', #2852, #2944, #4369, .T. ) ;
#2912 = VECTOR ( 'NONE', #2864, 1000.000000000000000 ) ;
#2913 = ORIENTED_EDGE ( 'NONE', *, *, #2336, .T. ) ;
#2914 = AXIS2_PLACEMENT_3D ( 'NONE', #3955, #3589, #2130 ) ;
#2915 =( NAMED_UNIT ( * ) PLANE_ANGLE_UNIT ( ) SI_UNIT ( $, .RADIAN. ) );
#2916 = CARTESIAN_POINT ( 'NONE',  ( 1.600000000000000089, 0.4999999999999998890, -0.9999999999999997780 ) ) ;
#2917 = CIRCLE ( 'NONE', #3304, 0.2500000000000000000 ) ;
#2918 = CARTESIAN_POINT ( 'NONE',  ( -1.500000000000000000, 1.149999999999999689, -0.9999999999999997780 ) ) ;
#2919 = VERTEX_POINT ( 'NONE', #535 ) ;
#2920 = EDGE_CURVE ( 'NONE', #2237, #3103, #39, .T. ) ;
#2921 = CARTESIAN_POINT ( 'NONE',  ( -1.350000000000000089, 0.000000000000000000, -1.249999999999999778 ) ) ;
#2922 = CARTESIAN_POINT ( 'NONE',  ( 0.6000000000000000888, 0.000000000000000000, -1.149999999999999689 ) ) ;
#2923 = DIRECTION ( 'NONE',  ( -1.000000000000000000, -0.000000000000000000, -0.000000000000000000 ) ) ;
#2924 = DIRECTION ( 'NONE',  ( 0.000000000000000000, 0.000000000000000000, 1.000000000000000000 ) ) ;
#2925 = VERTEX_POINT ( 'NONE', #1222 ) ;
#2926 = PLANE ( 'NONE',  #4608 ) ;
#2927 = DIRECTION ( 'NONE',  ( 0.000000000000000000, 0.000000000000000000, -1.000000000000000000 ) ) ;
#2928 = ORIENTED_EDGE ( 'NONE', *, *, #79, .T. ) ;
#2929 = CYLINDRICAL_SURFACE ( 'NONE', #3985, 0.2500000000000000000 ) ;
#2930 = CARTESIAN_POINT ( 'NONE',  ( -1.600000000000000089, 0.4999999999999998890, 0.9999999999999997780 ) ) ;
#2931 = DIRECTION ( 'NONE',  ( 0.000000000000000000, 0.000000000000000000, -1.000000000000000000 ) ) ;
#2932 = LINE ( 'NONE', #2861, #866 ) ;
#2933 = CARTESIAN_POINT ( 'NONE',  ( 0.6000000000000000888, 1.750000000000001332, -1.149999999999999689 ) ) ;
#2934 = ORIENTED_EDGE ( 'NONE', *, *, #1312, .T. ) ;
#2935 = DIRECTION ( 'NONE',  ( 1.000000000000000000, 0.000000000000000000, -0.000000000000000000 ) ) ;
#2936 = ORIENTED_EDGE ( 'NONE', *, *, #1259, .T. ) ;
#2937 = DIRECTION ( 'NONE',  ( 0.000000000000000000, 0.000000000000000000, 1.000000000000000000 ) ) ;
#2938 = EDGE_CURVE ( 'NONE', #4456, #2534, #4445, .T. ) ;
#2939 = EDGE_CURVE ( 'NONE', #8, #3811, #932, .T. ) ;
#2940 = ORIENTED_EDGE ( 'NONE', *, *, #2506, .T. ) ;
#2941 = CARTESIAN_POINT ( 'NONE',  ( -0.6000000000000000888, 0.000000000000000000, 1.149999999999999689 ) ) ;
#2942 = ADVANCED_FACE ( 'NONE', ( #4511 ), #4154, .T. ) ;
#2943 = DIRECTION ( 'NONE',  ( 0.000000000000000000, 0.000000000000000000, 1.000000000000000000 ) ) ;
#2944 = VERTEX_POINT ( 'NONE', #2015 ) ;
#2945 = FACE_OUTER_BOUND ( 'NONE', #2105, .T. ) ;
#2946 = CARTESIAN_POINT ( 'NONE',  ( 1.350000000000000311, 1.149999999999999911, 0.9999999999999995559 ) ) ;
#2947 = ORIENTED_EDGE ( 'NONE', *, *, #1364, .T. ) ;
#2948 = EDGE_CURVE ( 'NONE', #3866, #180, #227, .T. ) ;
#2949 = DIRECTION ( 'NONE',  ( -0.000000000000000000, 1.000000000000000000, -0.000000000000000000 ) ) ;
#2950 = CARTESIAN_POINT ( 'NONE',  ( -1.600000000000000089, 1.750000000000001332, 1.249999999999999778 ) ) ;
#2951 = UNCERTAINTY_MEASURE_WITH_UNIT (LENGTH_MEASURE( 1.000000000000000082E-05 ), #4703, 'distance_accuracy_value', 'NONE');
#2952 = DIRECTION ( 'NONE',  ( -1.000000000000000000, 0.000000000000000000, 0.000000000000000000 ) ) ;
#2953 = ORIENTED_EDGE ( 'NONE', *, *, #1653, .F. ) ;
#2954 = DIRECTION ( 'NONE',  ( 0.000000000000000000, 0.000000000000000000, 1.000000000000000000 ) ) ;
#2955 = VECTOR ( 'NONE', #4520, 1000.000000000000000 ) ;
#2956 = EDGE_CURVE ( 'NONE', #2041, #1569, #553, .T. ) ;
#2957 = DIRECTION ( 'NONE',  ( 0.000000000000000000, 0.000000000000000000, 1.000000000000000000 ) ) ;
#2958 = ORIENTED_EDGE ( 'NONE', *, *, #2255, .T. ) ;
#2959 = AXIS2_PLACEMENT_3D ( 'NONE', #1603, #1294, #4610 ) ;
#2960 = LINE ( 'NONE', #802, #3630 ) ;
#2961 = SURFACE_STYLE_USAGE ( .BOTH. , #2322 ) ;
#2962 = FACE_OUTER_BOUND ( 'NONE', #1086, .T. ) ;
#2963 = DIRECTION ( 'NONE',  ( 1.000000000000000000, 0.000000000000000000, 0.000000000000000000 ) ) ;
#2964 = EDGE_LOOP ( 'NONE', ( #1641, #3172, #1257, #2576 ) ) ;
#2965 = CARTESIAN_POINT ( 'NONE',  ( -1.600000000000000089, 1.750000000000001332, 1.099999999999999867 ) ) ;
#2966 = VERTEX_POINT ( 'NONE', #3899 ) ;
#2967 = CARTESIAN_POINT ( 'NONE',  ( 1.600000000000000089, 0.9999999999999997780, -0.2749999999999914180 ) ) ;
#2968 = ORIENTED_EDGE ( 'NONE', *, *, #3734, .T. ) ;
#2969 = EDGE_CURVE ( 'NONE', #2240, #3659, #4633, .T. ) ;
#2970 = EDGE_CURVE ( 'NONE', #4552, #787, #1628, .T. ) ;
#2971 = DIRECTION ( 'NONE',  ( -1.000000000000000000, 0.000000000000000000, 0.000000000000000000 ) ) ;
#2972 = ORIENTED_EDGE ( 'NONE', *, *, #1156, .T. ) ;
#2973 = DIRECTION ( 'NONE',  ( -0.000000000000000000, -1.000000000000000000, -0.000000000000000000 ) ) ;
#2974 = ORIENTED_EDGE ( 'NONE', *, *, #2016, .F. ) ;
#2975 = EDGE_CURVE ( 'NONE', #1205, #2460, #1159, .T. ) ;
#2976 = VERTEX_POINT ( 'NONE', #4203 ) ;
#2977 = LINE ( 'NONE', #1538, #4062 ) ;
#2978 = VECTOR ( 'NONE', #616, 1000.000000000000000 ) ;
#2979 = PLANE ( 'NONE',  #1971 ) ;
#2980 = ORIENTED_EDGE ( 'NONE', *, *, #2969, .F. ) ;
#2981 = EDGE_CURVE ( 'NONE', #2707, #4582, #923, .T. ) ;
#2982 = CYLINDRICAL_SURFACE ( 'NONE', #900, 0.1000000000000000472 ) ;
#2983 = CARTESIAN_POINT ( 'NONE',  ( -1.500000000000000000, 1.750000000000001332, -1.020871215252207698 ) ) ;
#2984 = VECTOR ( 'NONE', #2000, 1000.000000000000000 ) ;
#2985 = VERTEX_POINT ( 'NONE', #601 ) ;
#2986 = DIRECTION ( 'NONE',  ( 0.000000000000000000, -0.000000000000000000, 1.000000000000000000 ) ) ;
#2987 = VECTOR ( 'NONE', #446, 1000.000000000000000 ) ;
#2988 = ORIENTED_EDGE ( 'NONE', *, *, #1398, .T. ) ;
#2989 = DIRECTION ( 'NONE',  ( 1.000000000000000000, 0.000000000000000000, 0.000000000000000000 ) ) ;
#2990 = DIRECTION ( 'NONE',  ( 0.000000000000000000, -1.000000000000000000, 0.000000000000000000 ) ) ;
#2991 = PRESENTATION_LAYER_ASSIGNMENT (  '', '', ( #4165 ) ) ;
#2992 = DIRECTION ( 'NONE',  ( 0.000000000000000000, -1.000000000000000000, 0.000000000000000000 ) ) ;
#2993 = ORIENTED_EDGE ( 'NONE', *, *, #2702, .T. ) ;
#2994 = VECTOR ( 'NONE', #1092, 1000.000000000000000 ) ;
#2995 = ORIENTED_EDGE ( 'NONE', *, *, #3397, .F. ) ;
#2996 = CARTESIAN_POINT ( 'NONE',  ( -1.600000000000000089, 0.9999999999999997780, -1.249999999999999778 ) ) ;
#2997 = VECTOR ( 'NONE', #3567, 1000.000000000000000 ) ;
#2998 = CARTESIAN_POINT ( 'NONE',  ( -1.004584529893781442, 1.199999999999999956, 0.6868262879948838773 ) ) ;
#2999 = CARTESIAN_POINT ( 'NONE',  ( -1.600000000000000089, 0.4999999999999997780, 1.249999999999999778 ) ) ;
#3000 = EDGE_LOOP ( 'NONE', ( #3597, #688, #3720, #594 ) ) ;
#3001 = MECHANICAL_DESIGN_GEOMETRIC_PRESENTATION_REPRESENTATION (  '', ( #2611 ), #129 ) ;
#3002 = EDGE_CURVE ( 'NONE', #4185, #385, #2754, .T. ) ;
#3003 = ORIENTED_EDGE ( 'NONE', *, *, #1665, .F. ) ;
#3004 = DIRECTION ( 'NONE',  ( -1.000000000000000000, -0.000000000000000000, 1.606225440719265874E-16 ) ) ;
#3005 = EDGE_CURVE ( 'NONE', #4580, #1941, #1319, .T. ) ;
#3006 = DIRECTION ( 'NONE',  ( 0.000000000000000000, 0.000000000000000000, 1.000000000000000000 ) ) ;
#3007 = ORIENTED_EDGE ( 'NONE', *, *, #887, .T. ) ;
#3008 = ORIENTED_EDGE ( 'NONE', *, *, #4322, .T. ) ;
#3009 = DIRECTION ( 'NONE',  ( -0.000000000000000000, -0.000000000000000000, 1.000000000000000000 ) ) ;
#3010 = ADVANCED_FACE ( 'NONE', ( #3853, #302 ), #2039, .F. ) ;
#3011 = ORIENTED_EDGE ( 'NONE', *, *, #1105, .T. ) ;
#3012 = FACE_OUTER_BOUND ( 'NONE', #3115, .T. ) ;
#3013 = VERTEX_POINT ( 'NONE', #1674 ) ;
#3014 = CARTESIAN_POINT ( 'NONE',  ( -1.600000000000000089, 0.000000000000000000, 0.9999999999999997780 ) ) ;
#3015 = ORIENTED_EDGE ( 'NONE', *, *, #463, .F. ) ;
#3016 = DIRECTION ( 'NONE',  ( 0.000000000000000000, 0.000000000000000000, 1.000000000000000000 ) ) ;
#3017 = VERTEX_POINT ( 'NONE', #971 ) ;
#3018 = DIRECTION ( 'NONE',  ( -1.000000000000000000, 0.000000000000000000, 0.000000000000000000 ) ) ;
#3019 = CARTESIAN_POINT ( 'NONE',  ( 0.6000000000000000888, 0.000000000000000000, 1.149999999999999689 ) ) ;
#3020 = VECTOR ( 'NONE', #2505, 1000.000000000000000 ) ;
#3021 = ORIENTED_EDGE ( 'NONE', *, *, #2499, .F. ) ;
#3022 = CARTESIAN_POINT ( 'NONE',  ( -1.004584529893781442, 1.149999999999999911, 0.6868262879948838773 ) ) ;
#3023 = EDGE_LOOP ( 'NONE', ( #1360, #251, #4251, #2281 ) ) ;
#3024 = LINE ( 'NONE', #843, #3145 ) ;
#3025 = VECTOR ( 'NONE', #171, 1000.000000000000000 ) ;
#3026 = EDGE_LOOP ( 'NONE', ( #1985, #2129, #161, #1377 ) ) ;
#3027 = EDGE_CURVE ( 'NONE', #962, #2113, #3377, .T. ) ;
#3028 = EDGE_CURVE ( 'NONE', #1248, #3467, #371, .T. ) ;
#3029 = CARTESIAN_POINT ( 'NONE',  ( 1.600000000000000089, 0.4999999999999997780, -0.9999999999999997780 ) ) ;
#3030 = VECTOR ( 'NONE', #248, 1000.000000000000000 ) ;
#3031 = DIRECTION ( 'NONE',  ( -0.000000000000000000, -1.000000000000000000, 0.000000000000000000 ) ) ;
#3032 = VECTOR ( 'NONE', #1492, 1000.000000000000000 ) ;
#3033 = ORIENTED_EDGE ( 'NONE', *, *, #1398, .F. ) ;
#3034 = VECTOR ( 'NONE', #2382, 1000.000000000000000 ) ;
#3035 = EDGE_CURVE ( 'NONE', #2487, #2695, #47, .T. ) ;
#3036 = LINE ( 'NONE', #1288, #3138 ) ;
#3037 = LINE ( 'NONE', #3848, #2192 ) ;
#3038 = ORIENTED_EDGE ( 'NONE', *, *, #625, .F. ) ;
#3039 = AXIS2_PLACEMENT_3D ( 'NONE', #3499, #556, #3072 ) ;
#3040 = CARTESIAN_POINT ( 'NONE',  ( 1.450000000000000400, 0.9999999999999997780, 0.9999999999999995559 ) ) ;
#3041 = ADVANCED_FACE ( 'NONE', ( #672 ), #322, .T. ) ;
#3042 = CARTESIAN_POINT ( 'NONE',  ( -1.004584529893781442, 1.149999999999999911, 0.6868262879948838773 ) ) ;
#3043 = ORIENTED_EDGE ( 'NONE', *, *, #1908, .T. ) ;
#3044 = LINE ( 'NONE', #862, #935 ) ;
#3045 = DIRECTION ( 'NONE',  ( 0.000000000000000000, 0.000000000000000000, 1.000000000000000000 ) ) ;
#3046 = ORIENTED_EDGE ( 'NONE', *, *, #1529, .F. ) ;
#3047 = ORIENTED_EDGE ( 'NONE', *, *, #1505, .F. ) ;
#3048 = DIRECTION ( 'NONE',  ( 0.000000000000000000, 1.000000000000000000, 0.000000000000000000 ) ) ;
#3049 = DIRECTION ( 'NONE',  ( -0.000000000000000000, -1.000000000000000000, -0.000000000000000000 ) ) ;
#3050 = ORIENTED_EDGE ( 'NONE', *, *, #3734, .F. ) ;
#3051 = CARTESIAN_POINT ( 'NONE',  ( 0.6000000000000000888, 0.4999999999999997780, -1.149999999999999689 ) ) ;
#3052 = AXIS2_PLACEMENT_3D ( 'NONE', #2182, #2858, #1048 ) ;
#3053 = ADVANCED_FACE ( 'NONE', ( #4344 ), #1067, .F. ) ;
#3054 = DIRECTION ( 'NONE',  ( 0.000000000000000000, 0.000000000000000000, 1.000000000000000000 ) ) ;
#3055 = VECTOR ( 'NONE', #4362, 1000.000000000000000 ) ;
#3056 = ORIENTED_EDGE ( 'NONE', *, *, #836, .T. ) ;
#3057 = CARTESIAN_POINT ( 'NONE',  ( 0.6000000000000000888, 0.000000000000000000, -1.149999999999999689 ) ) ;
#3058 = DIRECTION ( 'NONE',  ( 0.000000000000000000, 0.000000000000000000, -1.000000000000000000 ) ) ;
#3059 = ORIENTED_EDGE ( 'NONE', *, *, #1216, .T. ) ;
#3060 = VECTOR ( 'NONE', #3271, 1000.000000000000000 ) ;
#3061 = AXIS2_PLACEMENT_3D ( 'NONE', #1379, #1042, #2486 ) ;
#3062 = DIRECTION ( 'NONE',  ( -1.000000000000000000, 0.000000000000000000, 0.000000000000000000 ) ) ;
#3063 = ORIENTED_EDGE ( 'NONE', *, *, #2788, .T. ) ;
#3064 = FACE_OUTER_BOUND ( 'NONE', #4550, .T. ) ;
#3065 = CARTESIAN_POINT ( 'NONE',  ( -0.6000000000000000888, 0.4999999999999997780, 1.149999999999999689 ) ) ;
#3066 = EDGE_CURVE ( 'NONE', #1851, #481, #3150, .T. ) ;
#3067 =( NAMED_UNIT ( * ) SI_UNIT ( $, .STERADIAN. ) SOLID_ANGLE_UNIT ( ) );
#3068 = ORIENTED_EDGE ( 'NONE', *, *, #972, .F. ) ;
#3069 = VECTOR ( 'NONE', #2158, 1000.000000000000000 ) ;
#3070 = FACE_OUTER_BOUND ( 'NONE', #666, .T. ) ;
#3071 = CARTESIAN_POINT ( 'NONE',  ( -0.6000000000000000888, 1.750000000000001332, -1.149999999999999689 ) ) ;
#3072 = DIRECTION ( 'NONE',  ( 0.000000000000000000, 0.000000000000000000, 1.000000000000000000 ) ) ;
#3073 = AXIS2_PLACEMENT_3D ( 'NONE', #3042, #232, #212 ) ;
#3074 = EDGE_LOOP ( 'NONE', ( #3707, #3270, #4449, #1262 ) ) ;
#3075 = DIRECTION ( 'NONE',  ( 0.000000000000000000, 0.000000000000000000, 1.000000000000000000 ) ) ;
#3076 = FACE_OUTER_BOUND ( 'NONE', #3552, .T. ) ;
#3077 = DIRECTION ( 'NONE',  ( -0.000000000000000000, -1.000000000000000000, -0.000000000000000000 ) ) ;
#3078 = ORIENTED_EDGE ( 'NONE', *, *, #1449, .T. ) ;
#3079 = VECTOR ( 'NONE', #2134, 1000.000000000000000 ) ;
#3080 = DIRECTION ( 'NONE',  ( -0.000000000000000000, -1.000000000000000000, 0.000000000000000000 ) ) ;
#3081 = AXIS2_PLACEMENT_3D ( 'NONE', #1236, #822, #1591 ) ;
#3082 = VERTEX_POINT ( 'NONE', #2667 ) ;
#3083 = CARTESIAN_POINT ( 'NONE',  ( -1.370871215252208009, 0.000000000000000000, -1.149999999999999689 ) ) ;
#3084 = LINE ( 'NONE', #148, #1656 ) ;
#3085 = CARTESIAN_POINT ( 'NONE',  ( 1.370871215252208009, 0.000000000000000000, 1.149999999999999911 ) ) ;
#3086 = VERTEX_POINT ( 'NONE', #1902 ) ;
#3087 = CIRCLE ( 'NONE', #1556, 0.05000000000000858619 ) ;
#3088 = EDGE_CURVE ( 'NONE', #2534, #4451, #2917, .T. ) ;
#3089 = ADVANCED_FACE ( 'NONE', ( #2225 ), #1175, .T. ) ;
#3090 = CARTESIAN_POINT ( 'NONE',  ( -0.6000000000000000888, 0.4999999999999997780, -1.149999999999999689 ) ) ;
#3091 = EDGE_LOOP ( 'NONE', ( #3282, #2483, #3007, #768 ) ) ;
#3092 = VERTEX_POINT ( 'NONE', #176 ) ;
#3093 = CYLINDRICAL_SURFACE ( 'NONE', #576, 0.1499999999999990785 ) ;
#3094 = EDGE_LOOP ( 'NONE', ( #4364, #319, #4647, #4147 ) ) ;
#3095 = FACE_OUTER_BOUND ( 'NONE', #3420, .T. ) ;
#3096 = EDGE_CURVE ( 'NONE', #1316, #2919, #3683, .T. ) ;
#3097 = CARTESIAN_POINT ( 'NONE',  ( -1.450000000000000400, 1.199999999999999956, 0.9999999999999995559 ) ) ;
#3098 = VERTEX_POINT ( 'NONE', #3334 ) ;
#3099 = FACE_OUTER_BOUND ( 'NONE', #2018, .T. ) ;
#3100 = LINE ( 'NONE', #4548, #4522 ) ;
#3101 =( NAMED_UNIT ( * ) PLANE_ANGLE_UNIT ( ) SI_UNIT ( $, .RADIAN. ) );
#3102 = LINE ( 'NONE', #2319, #466 ) ;
#3103 = VERTEX_POINT ( 'NONE', #83 ) ;
#3104 = VECTOR ( 'NONE', #3307, 1000.000000000000000 ) ;
#3105 = LINE ( 'NONE', #1421, #4320 ) ;
#3106 = ADVANCED_FACE ( 'NONE', ( #833 ), #17, .T. ) ;
#3107 = VECTOR ( 'NONE', #716, 1000.000000000000000 ) ;
#3108 = CARTESIAN_POINT ( 'NONE',  ( 0.6000000000000000888, 1.750000000000001332, 1.149999999999999689 ) ) ;
#3109 = VERTEX_POINT ( 'NONE', #3432 ) ;
#3110 = VECTOR ( 'NONE', #4242, 1000.000000000000000 ) ;
#3111 = CARTESIAN_POINT ( 'NONE',  ( -1.600000000000000089, 0.4999999999999998890, 1.249999999999999778 ) ) ;
#3112 = LINE ( 'NONE', #1643, #10 ) ;
#3113 = CIRCLE ( 'NONE', #1055, 0.2499999999999997780 ) ;
#3114 = CARTESIAN_POINT ( 'NONE',  ( 1.599999999999998312, 0.000000000000000000, -1.249999999999999778 ) ) ;
#3115 = EDGE_LOOP ( 'NONE', ( #3983, #1322, #1780, #1155 ) ) ;
#3116 = PLANE ( 'NONE',  #668 ) ;
#3117 = AXIS2_PLACEMENT_3D ( 'NONE', #2148, #1102, #4406 ) ;
#3118 = VECTOR ( 'NONE', #1585, 1000.000000000000000 ) ;
#3119 = ORIENTED_EDGE ( 'NONE', *, *, #947, .F. ) ;
#3120 = DIRECTION ( 'NONE',  ( 4.818676322157797375E-16, 0.000000000000000000, -1.000000000000000000 ) ) ;
#3121 = EDGE_CURVE ( 'NONE', #3337, #1564, #1938, .T. ) ;
#3122 = DIRECTION ( 'NONE',  ( 1.000000000000000000, 0.000000000000000000, 0.000000000000000000 ) ) ;
#3123 = ORIENTED_EDGE ( 'NONE', *, *, #1959, .T. ) ;
#3124 = FACE_OUTER_BOUND ( 'NONE', #1706, .T. ) ;
#3125 = CIRCLE ( 'NONE', #3039, 0.1499999999999998557 ) ;
#3126 = VERTEX_POINT ( 'NONE', #1228 ) ;
#3127 = DIRECTION ( 'NONE',  ( -0.000000000000000000, -0.000000000000000000, 1.000000000000000000 ) ) ;
#3128 = LINE ( 'NONE', #1002, #1944 ) ;
#3129 = ORIENTED_EDGE ( 'NONE', *, *, #222, .F. ) ;
#3130 = DIRECTION ( 'NONE',  ( 0.000000000000000000, 0.000000000000000000, -1.000000000000000000 ) ) ;
#3131 = DIRECTION ( 'NONE',  ( -0.000000000000000000, -1.000000000000000000, -0.000000000000000000 ) ) ;
#3132 = CARTESIAN_POINT ( 'NONE',  ( 0.6000000000000000888, 0.000000000000000000, -1.149999999999999689 ) ) ;
#3133 = EDGE_CURVE ( 'NONE', #2041, #231, #3691, .T. ) ;
#3134 = DIRECTION ( 'NONE',  ( -0.000000000000000000, 1.000000000000000000, -0.000000000000000000 ) ) ;
#3135 = EDGE_CURVE ( 'NONE', #180, #4556, #2680, .T. ) ;
#3136 = ORIENTED_EDGE ( 'NONE', *, *, #1719, .F. ) ;
#3137 = FACE_OUTER_BOUND ( 'NONE', #4617, .T. ) ;
#3138 = VECTOR ( 'NONE', #3823, 1000.000000000000000 ) ;
#3139 = DIRECTION ( 'NONE',  ( 0.000000000000000000, 1.000000000000000000, 0.000000000000000000 ) ) ;
#3140 = ORIENTED_EDGE ( 'NONE', *, *, #992, .T. ) ;
#3141 = DIRECTION ( 'NONE',  ( -0.000000000000000000, -1.000000000000000000, -0.000000000000000000 ) ) ;
#3142 = AXIS2_PLACEMENT_3D ( 'NONE', #1487, #2949, #3688 ) ;
#3143 = EDGE_LOOP ( 'NONE', ( #1082, #1486, #419, #2489 ) ) ;
#3144 = DIRECTION ( 'NONE',  ( 1.000000000000000000, -0.000000000000000000, 4.818676322157797375E-16 ) ) ;
#3145 = VECTOR ( 'NONE', #1141, 1000.000000000000000 ) ;
#3146 = VERTEX_POINT ( 'NONE', #2272 ) ;
#3147 = DIRECTION ( 'NONE',  ( -1.000000000000000000, 0.000000000000000000, 1.606225440719265874E-16 ) ) ;
#3148 = ORIENTED_EDGE ( 'NONE', *, *, #4603, .T. ) ;
#3149 = DIRECTION ( 'NONE',  ( 0.000000000000000000, 0.000000000000000000, 1.000000000000000000 ) ) ;
#3150 = CIRCLE ( 'NONE', #1090, 0.1999999999999997613 ) ;
#3151 = ORIENTED_EDGE ( 'NONE', *, *, #3191, .T. ) ;
#3152 = FACE_OUTER_BOUND ( 'NONE', #831, .T. ) ;
#3153 = CARTESIAN_POINT ( 'NONE',  ( 1.350000000000000089, 0.000000000000000000, -1.249999999999999778 ) ) ;
#3154 = LINE ( 'NONE', #3843, #1498 ) ;
#3155 = EDGE_CURVE ( 'NONE', #2526, #597, #3391, .T. ) ;
#3156 = AXIS2_PLACEMENT_3D ( 'NONE', #1632, #3410, #1584 ) ;
#3157 = ADVANCED_FACE ( 'NONE', ( #517 ), #4494, .T. ) ;
#3158 = ADVANCED_FACE ( 'NONE', ( #474 ), #538, .F. ) ;
#3159 = CYLINDRICAL_SURFACE ( 'NONE', #2793, 0.04999999999999991257 ) ;
#3160 = AXIS2_PLACEMENT_3D ( 'NONE', #1730, #2388, #3149 ) ;
#3161 = ORIENTED_EDGE ( 'NONE', *, *, #2475, .T. ) ;
#3162 = EDGE_CURVE ( 'NONE', #3672, #2797, #3198, .T. ) ;
#3163 = DIRECTION ( 'NONE',  ( 0.000000000000000000, 0.000000000000000000, 1.000000000000000000 ) ) ;
#3164 = LINE ( 'NONE', #2424, #2119 ) ;
#3165 = DIRECTION ( 'NONE',  ( 0.000000000000000000, -1.000000000000000000, 0.000000000000000000 ) ) ;
#3166 = VERTEX_POINT ( 'NONE', #2235 ) ;
#3167 = EDGE_LOOP ( 'NONE', ( #3390, #4346, #3852, #1508 ) ) ;
#3168 = DIRECTION ( 'NONE',  ( -1.000000000000000000, 0.000000000000000000, 0.000000000000000000 ) ) ;
#3169 = ORIENTED_EDGE ( 'NONE', *, *, #1393, .F. ) ;
#3170 = CYLINDRICAL_SURFACE ( 'NONE', #4691, 0.1499999999999999667 ) ;
#3171 = VERTEX_POINT ( 'NONE', #454 ) ;
#3172 = ORIENTED_EDGE ( 'NONE', *, *, #3727, .F. ) ;
#3173 = LINE ( 'NONE', #3463, #636 ) ;
#3174 = DIRECTION ( 'NONE',  ( 0.000000000000000000, 0.000000000000000000, -1.000000000000000000 ) ) ;
#3175 = DIRECTION ( 'NONE',  ( -0.000000000000000000, -1.000000000000000000, -0.000000000000000000 ) ) ;
#3176 = AXIS2_PLACEMENT_3D ( 'NONE', #3210, #3583, #3947 ) ;
#3177 = CARTESIAN_POINT ( 'NONE',  ( -1.350000000000000311, 1.099999999999999867, -1.149999999999999245 ) ) ;
#3178 = EDGE_CURVE ( 'NONE', #8, #1926, #1181, .T. ) ;
#3179 = ORIENTED_EDGE ( 'NONE', *, *, #2036, .F. ) ;
#3180 = CARTESIAN_POINT ( 'NONE',  ( 1.549999999999991385, 0.9999999999999997780, -0.5249999999999999112 ) ) ;
#3181 = LINE ( 'NONE', #639, #4212 ) ;
#3182 = LINE ( 'NONE', #4665, #841 ) ;
#3183 = ORIENTED_EDGE ( 'NONE', *, *, #600, .T. ) ;
#3184 = ADVANCED_FACE ( 'NONE', ( #1912 ), #3363, .F. ) ;
#3185 = LINE ( 'NONE', #1405, #1484 ) ;
#3186 = VECTOR ( 'NONE', #2859, 1000.000000000000000 ) ;
#3187 = CARTESIAN_POINT ( 'NONE',  ( -1.004584529893781442, 1.199999999999999956, 0.8392932168146247651 ) ) ;
#3188 = ORIENTED_EDGE ( 'NONE', *, *, #2738, .T. ) ;
#3189 = ORIENTED_EDGE ( 'NONE', *, *, #404, .T. ) ;
#3190 = AXIS2_PLACEMENT_3D ( 'NONE', #4256, #984, #3225 ) ;
#3191 = EDGE_CURVE ( 'NONE', #499, #3973, #3565, .T. ) ;
#3192 = VECTOR ( 'NONE', #1025, 1000.000000000000000 ) ;
#3193 = VECTOR ( 'NONE', #1511, 1000.000000000000000 ) ;
#3194 = DIRECTION ( 'NONE',  ( 1.000000000000000000, -0.000000000000000000, 0.000000000000000000 ) ) ;
#3195 = EDGE_LOOP ( 'NONE', ( #2020, #478, #1406, #4682 ) ) ;
#3196 = CARTESIAN_POINT ( 'NONE',  ( -1.350000000000000311, 1.199999999999999956, -1.050000000000000044 ) ) ;
#3197 = CARTESIAN_POINT ( 'NONE',  ( 1.350000000000000311, 0.9999999999999997780, 1.099999999999999645 ) ) ;
#3198 = CIRCLE ( 'NONE', #542, 0.2499999999999997780 ) ;
#3199 = CARTESIAN_POINT ( 'NONE',  ( -1.600000000000000089, 0.9999999999999997780, 0.000000000000000000 ) ) ;
#3200 = AXIS2_PLACEMENT_3D ( 'NONE', #150, #2971, #4414 ) ;
#3201 = PLANE ( 'NONE',  #825 ) ;
#3202 = CARTESIAN_POINT ( 'NONE',  ( 1.600000000000000089, 0.000000000000000000, 0.2749999999999914180 ) ) ;
#3203 = FACE_OUTER_BOUND ( 'NONE', #4015, .T. ) ;
#3204 = ORIENTED_EDGE ( 'NONE', *, *, #907, .T. ) ;
#3205 = EDGE_CURVE ( 'NONE', #118, #2022, #2295, .T. ) ;
#3206 = EDGE_CURVE ( 'NONE', #669, #2487, #3125, .T. ) ;
#3207 = CARTESIAN_POINT ( 'NONE',  ( -1.350000000000000311, 1.149999999999999689, 0.9999999999999995559 ) ) ;
#3208 = FACE_OUTER_BOUND ( 'NONE', #3026, .T. ) ;
#3209 = VERTEX_POINT ( 'NONE', #3458 ) ;
#3210 = CARTESIAN_POINT ( 'NONE',  ( -1.600000000000008749, 0.9999999999999997780, 0.3249999999999998446 ) ) ;
#3211 = ADVANCED_FACE ( 'NONE', ( #3095 ), #2728, .F. ) ;
#3212 = DIRECTION ( 'NONE',  ( 0.000000000000000000, 0.000000000000000000, 1.000000000000000000 ) ) ;
#3213 = CARTESIAN_POINT ( 'NONE',  ( -1.370871215252208009, 0.4999999999999998890, -1.149999999999999689 ) ) ;
#3214 = EDGE_LOOP ( 'NONE', ( #2108, #614, #906, #3119 ) ) ;
#3215 = ORIENTED_EDGE ( 'NONE', *, *, #3281, .F. ) ;
#3216 = VECTOR ( 'NONE', #519, 1000.000000000000000 ) ;
#3217 = LINE ( 'NONE', #4319, #1465 ) ;
#3218 = CARTESIAN_POINT ( 'NONE',  ( -0.8000000000000000444, 0.4999999999999998890, 0.4999999999999997780 ) ) ;
#3219 = ORIENTED_EDGE ( 'NONE', *, *, #313, .T. ) ;
#3220 = DIRECTION ( 'NONE',  ( -0.000000000000000000, -1.000000000000000000, -0.000000000000000000 ) ) ;
#3221 = AXIS2_PLACEMENT_3D ( 'NONE', #4710, #1790, #4017 ) ;
#3222 = ADVANCED_FACE ( 'NONE', ( #1808 ), #3566, .T. ) ;
#3223 = CARTESIAN_POINT ( 'NONE',  ( -1.350000000000000311, 1.099999999999999867, 0.9999999999999995559 ) ) ;
#3224 = DIRECTION ( 'NONE',  ( 0.000000000000000000, -1.000000000000000000, 0.000000000000000000 ) ) ;
#3225 = DIRECTION ( 'NONE',  ( 0.000000000000000000, 0.000000000000000000, -1.000000000000000000 ) ) ;
#3226 = VECTOR ( 'NONE', #3476, 1000.000000000000000 ) ;
#3227 = DIRECTION ( 'NONE',  ( 0.000000000000000000, 1.000000000000000000, -0.000000000000000000 ) ) ;
#3228 = LINE ( 'NONE', #3575, #4139 ) ;
#3229 = DIRECTION ( 'NONE',  ( 0.000000000000000000, 0.000000000000000000, -1.000000000000000000 ) ) ;
#3230 = VERTEX_POINT ( 'NONE', #2266 ) ;
#3231 = MECHANICAL_DESIGN_GEOMETRIC_PRESENTATION_REPRESENTATION (  '', ( #504 ), #2297 ) ;
#3232 = DIRECTION ( 'NONE',  ( -1.000000000000000000, 0.000000000000000000, -2.502005013428087277E-15 ) ) ;
#3233 = AXIS2_PLACEMENT_3D ( 'NONE', #223, #2719, #4199 ) ;
#3234 = DIRECTION ( 'NONE',  ( -1.000000000000000000, 0.000000000000000000, -2.502005013428087277E-15 ) ) ;
#3235 = CARTESIAN_POINT ( 'NONE',  ( -1.600000000000000089, 0.9999999999999997780, 0.000000000000000000 ) ) ;
#3236 = ORIENTED_EDGE ( 'NONE', *, *, #4461, .F. ) ;
#3237 = PRESENTATION_LAYER_ASSIGNMENT (  '', '', ( #2611 ) ) ;
#3238 = DIRECTION ( 'NONE',  ( 0.000000000000000000, 1.000000000000000000, 0.000000000000000000 ) ) ;
#3239 = ORIENTED_EDGE ( 'NONE', *, *, #23, .F. ) ;
#3240 = FACE_OUTER_BOUND ( 'NONE', #1607, .T. ) ;
#3241 = VERTEX_POINT ( 'NONE', #1134 ) ;
#3242 = ADVANCED_FACE ( 'NONE', ( #856 ), #3404, .T. ) ;
#3243 = ORIENTED_EDGE ( 'NONE', *, *, #1658, .F. ) ;
#3244 = CARTESIAN_POINT ( 'NONE',  ( -0.8000000000000000444, 0.4999999999999998890, 0.4999999999999997780 ) ) ;
#3245 = EDGE_CURVE ( 'NONE', #2695, #4692, #1197, .T. ) ;
#3246 = CARTESIAN_POINT ( 'NONE',  ( -1.600000000000000089, 0.4999999999999997780, 1.249999999999999778 ) ) ;
#3247 = ORIENTED_EDGE ( 'NONE', *, *, #715, .T. ) ;
#3248 = DIRECTION ( 'NONE',  ( -1.000000000000000000, 0.000000000000000000, 0.000000000000000000 ) ) ;
#3249 = CARTESIAN_POINT ( 'NONE',  ( -1.350000000000000311, 1.199999999999999956, 0.9999999999999995559 ) ) ;
#3250 = CYLINDRICAL_SURFACE ( 'NONE', #3648, 0.2500000000000000000 ) ;
#3251 = EDGE_CURVE ( 'NONE', #1526, #4434, #2671, .T. ) ;
#3252 = EDGE_CURVE ( 'NONE', #748, #4634, #2647, .T. ) ;
#3253 = CARTESIAN_POINT ( 'NONE',  ( 1.350000000000000311, 1.199999999999999956, -1.050000000000000044 ) ) ;
#3254 = VECTOR ( 'NONE', #1802, 1000.000000000000000 ) ;
#3255 = ORIENTED_EDGE ( 'NONE', *, *, #1156, .F. ) ;
#3256 = EDGE_CURVE ( 'NONE', #3711, #2638, #2340, .T. ) ;
#3257 = VECTOR ( 'NONE', #1028, 1000.000000000000000 ) ;
#3258 = CARTESIAN_POINT ( 'NONE',  ( -1.004584529893781442, 1.149999999999999911, 0.6868262879948838773 ) ) ;
#3259 = SURFACE_STYLE_USAGE ( .BOTH. , #3302 ) ;
#3260 = PLANE ( 'NONE',  #2591 ) ;
#3261 = ORIENTED_EDGE ( 'NONE', *, *, #2792, .T. ) ;
#3262 = DIRECTION ( 'NONE',  ( 1.668003342285391551E-16, 0.000000000000000000, -1.000000000000000000 ) ) ;
#3263 = ORIENTED_EDGE ( 'NONE', *, *, #2475, .F. ) ;
#3264 = CIRCLE ( 'NONE', #3117, 0.1999999999999998723 ) ;
#3265 = DIRECTION ( 'NONE',  ( -0.000000000000000000, 0.000000000000000000, 1.000000000000000000 ) ) ;
#3266 = ORIENTED_EDGE ( 'NONE', *, *, #2970, .F. ) ;
#3267 = VECTOR ( 'NONE', #1989, 1000.000000000000000 ) ;
#3268 = CARTESIAN_POINT ( 'NONE',  ( 1.350000000000000311, 1.149999999999999911, -1.050000000000000044 ) ) ;
#3269 = EDGE_CURVE ( 'NONE', #2265, #1434, #63, .T. ) ;
#3270 = ORIENTED_EDGE ( 'NONE', *, *, #1719, .T. ) ;
#3271 = DIRECTION ( 'NONE',  ( 0.000000000000000000, -1.000000000000000000, 0.000000000000000000 ) ) ;
#3272 = LINE ( 'NONE', #682, #4135 ) ;
#3273 = FACE_OUTER_BOUND ( 'NONE', #4436, .T. ) ;
#3274 = VECTOR ( 'NONE', #175, 1000.000000000000000 ) ;
#3275 = CIRCLE ( 'NONE', #1829, 0.1000000000000000472 ) ;
#3276 = DIRECTION ( 'NONE',  ( 0.000000000000000000, -1.000000000000000000, 0.000000000000000000 ) ) ;
#3277 = EDGE_CURVE ( 'NONE', #493, #3700, #3686, .T. ) ;
#3278 = ORIENTED_EDGE ( 'NONE', *, *, #79, .F. ) ;
#3279 = CARTESIAN_POINT ( 'NONE',  ( 1.600000000000000089, 1.750000000000001332, -1.099999999999999867 ) ) ;
#3280 = VECTOR ( 'NONE', #3732, 1000.000000000000000 ) ;
#3281 = EDGE_CURVE ( 'NONE', #4536, #3230, #598, .T. ) ;
#3282 = ORIENTED_EDGE ( 'NONE', *, *, #3096, .F. ) ;
#3283 = FACE_OUTER_BOUND ( 'NONE', #1911, .T. ) ;
#3284 = DIRECTION ( 'NONE',  ( 1.000000000000000000, 0.000000000000000000, -0.000000000000000000 ) ) ;
#3285 = DIRECTION ( 'NONE',  ( 0.000000000000000000, 0.000000000000000000, 1.000000000000000000 ) ) ;
#3286 = ORIENTED_EDGE ( 'NONE', *, *, #235, .F. ) ;
#3287 = SURFACE_STYLE_FILL_AREA ( #2464 ) ;
#3288 = CARTESIAN_POINT ( 'NONE',  ( 1.600000000000000089, 0.4999999999999998890, 1.249999999999999778 ) ) ;
#3289 = ORIENTED_EDGE ( 'NONE', *, *, #4237, .T. ) ;
#3290 = DIRECTION ( 'NONE',  ( 0.000000000000000000, 0.000000000000000000, 1.000000000000000000 ) ) ;
#3291 = DIRECTION ( 'NONE',  ( 0.000000000000000000, -0.000000000000000000, -1.000000000000000000 ) ) ;
#3292 = AXIS2_PLACEMENT_3D ( 'NONE', #3652, #3787, #1962 ) ;
#3293 = DIRECTION ( 'NONE',  ( 0.000000000000000000, 0.000000000000000000, -1.000000000000000000 ) ) ;
#3294 = UNCERTAINTY_MEASURE_WITH_UNIT (LENGTH_MEASURE( 1.000000000000000082E-05 ), #769, 'distance_accuracy_value', 'NONE');
#3295 = VECTOR ( 'NONE', #1365, 1000.000000000000000 ) ;
#3296 = AXIS2_PLACEMENT_3D ( 'NONE', #883, #2314, #1977 ) ;
#3297 = FILL_AREA_STYLE_COLOUR ( '', #2074 ) ;
#3298 = ORIENTED_EDGE ( 'NONE', *, *, #489, .T. ) ;
#3299 = EDGE_CURVE ( 'NONE', #2344, #493, #1337, .T. ) ;
#3300 = EDGE_CURVE ( 'NONE', #1795, #3098, #1287, .T. ) ;
#3301 = EDGE_CURVE ( 'NONE', #2686, #3086, #4175, .T. ) ;
#3302 = SURFACE_SIDE_STYLE ('',( #4333 ) ) ;
#3303 = PLANE ( 'NONE',  #189 ) ;
#3304 = AXIS2_PLACEMENT_3D ( 'NONE', #4146, #2990, #3425 ) ;
#3305 = DIRECTION ( 'NONE',  ( -1.000000000000000000, 0.000000000000000000, 0.000000000000000000 ) ) ;
#3306 = ORIENTED_EDGE ( 'NONE', *, *, #4238, .T. ) ;
#3307 = DIRECTION ( 'NONE',  ( 1.000000000000000000, 0.000000000000000000, 0.000000000000000000 ) ) ;
#3308 = EDGE_CURVE ( 'NONE', #153, #2919, #3493, .T. ) ;
#3309 = CIRCLE ( 'NONE', #1096, 0.1499999999999999667 ) ;
#3310 = ORIENTED_EDGE ( 'NONE', *, *, #4366, .F. ) ;
#3311 = CARTESIAN_POINT ( 'NONE',  ( 1.600000000000000089, 1.750000000000001332, -0.9999999999999997780 ) ) ;
#3312 = ORIENTED_EDGE ( 'NONE', *, *, #1106, .F. ) ;
#3313 = AXIS2_PLACEMENT_3D ( 'NONE', #3808, #3541, #4206 ) ;
#3314 = DIRECTION ( 'NONE',  ( 0.000000000000000000, 0.000000000000000000, -1.000000000000000000 ) ) ;
#3315 = CARTESIAN_POINT ( 'NONE',  ( -1.500000000000000000, 0.4999999999999998890, 0.4999999999999997780 ) ) ;
#3316 = EDGE_LOOP ( 'NONE', ( #1731, #4508, #1887, #2338 ) ) ;
#3317 = DIRECTION ( 'NONE',  ( -0.000000000000000000, -1.000000000000000000, -0.000000000000000000 ) ) ;
#3318 = CARTESIAN_POINT ( 'NONE',  ( 1.500000000000000000, 0.000000000000000000, 1.020871215252207698 ) ) ;
#3319 = ORIENTED_EDGE ( 'NONE', *, *, #3535, .T. ) ;
#3320 = CARTESIAN_POINT ( 'NONE',  ( -1.600000000000000089, 0.000000000000000000, -0.000000000000000000 ) ) ;
#3321 = FACE_OUTER_BOUND ( 'NONE', #651, .T. ) ;
#3322 = ORIENTED_EDGE ( 'NONE', *, *, #3756, .T. ) ;
#3323 = VECTOR ( 'NONE', #1640, 1000.000000000000000 ) ;
#3324 = CARTESIAN_POINT ( 'NONE',  ( 1.549999999999991385, 0.9999999999999997780, 0.3250000000000000111 ) ) ;
#3325 = EDGE_CURVE ( 'NONE', #3890, #748, #1625, .T. ) ;
#3326 = CARTESIAN_POINT ( 'NONE',  ( 1.350000000000000311, 0.9999999999999997780, 0.9999999999999995559 ) ) ;
#3327 = EDGE_CURVE ( 'NONE', #1147, #1062, #967, .T. ) ;
#3328 = DIRECTION ( 'NONE',  ( 0.000000000000000000, -1.000000000000000000, 0.000000000000000000 ) ) ;
#3329 = ORIENTED_EDGE ( 'NONE', *, *, #4538, .T. ) ;
#3330 = LINE ( 'NONE', #78, #896 ) ;
#3331 = VECTOR ( 'NONE', #2221, 1000.000000000000000 ) ;
#3332 = VERTEX_POINT ( 'NONE', #921 ) ;
#3333 = CARTESIAN_POINT ( 'NONE',  ( -1.500000000000000000, 0.4999999999999998890, 1.020871215252207698 ) ) ;
#3334 = CARTESIAN_POINT ( 'NONE',  ( 1.350000000000000089, 0.000000000000000000, -1.249999999999999778 ) ) ;
#3335 = CARTESIAN_POINT ( 'NONE',  ( -0.6000000000000000888, 0.4999999999999997780, -1.149999999999999689 ) ) ;
#3336 = EDGE_CURVE ( 'NONE', #2854, #845, #4051, .T. ) ;
#3337 = VERTEX_POINT ( 'NONE', #3514 ) ;
#3338 = ORIENTED_EDGE ( 'NONE', *, *, #1910, .F. ) ;
#3339 = DIRECTION ( 'NONE',  ( -1.000000000000000000, 0.000000000000000000, 0.000000000000000000 ) ) ;
#3340 = ADVANCED_FACE ( 'NONE', ( #277 ), #3116, .T. ) ;
#3341 = CARTESIAN_POINT ( 'NONE',  ( 0.6000000000000001998, 0.4999999999999998890, 0.4999999999999997780 ) ) ;
#3342 = AXIS2_PLACEMENT_3D ( 'NONE', #1327, #632, #2096 ) ;
#3343 = CIRCLE ( 'NONE', #3421, 0.04999999999999991257 ) ;
#3344 = DIRECTION ( 'NONE',  ( -4.818676322157797375E-16, -0.000000000000000000, 1.000000000000000000 ) ) ;
#3345 = ORIENTED_EDGE ( 'NONE', *, *, #3854, .F. ) ;
#3346 = VECTOR ( 'NONE', #3305, 1000.000000000000000 ) ;
#3347 = AXIS2_PLACEMENT_3D ( 'NONE', #2628, #886, #4516 ) ;
#3348 = DIRECTION ( 'NONE',  ( 0.000000000000000000, 0.000000000000000000, -1.000000000000000000 ) ) ;
#3349 = LINE ( 'NONE', #1546, #579 ) ;
#3350 = FACE_OUTER_BOUND ( 'NONE', #3929, .T. ) ;
#3351 = ORIENTED_EDGE ( 'NONE', *, *, #1636, .F. ) ;
#3352 = EDGE_CURVE ( 'NONE', #1913, #458, #70, .T. ) ;
#3353 = LINE ( 'NONE', #4114, #1717 ) ;
#3354 = PLANE ( 'NONE',  #4447 ) ;
#3355 = CARTESIAN_POINT ( 'NONE',  ( 1.550000000000000488, 0.9999999999999997780, -1.000000000000000000 ) ) ;
#3356 = EDGE_LOOP ( 'NONE', ( #2197, #3243, #1758, #643 ) ) ;
#3357 = ADVANCED_FACE ( 'NONE', ( #747 ), #3895, .F. ) ;
#3358 = EDGE_CURVE ( 'NONE', #4556, #4249, #33, .T. ) ;
#3359 = ORIENTED_EDGE ( 'NONE', *, *, #3088, .F. ) ;
#3360 = DIRECTION ( 'NONE',  ( -0.000000000000000000, -1.000000000000000000, -0.000000000000000000 ) ) ;
#3361 = LINE ( 'NONE', #794, #3444 ) ;
#3362 = ORIENTED_EDGE ( 'NONE', *, *, #1594, .F. ) ;
#3363 = PLANE ( 'NONE',  #1129 ) ;
#3364 = EDGE_CURVE ( 'NONE', #432, #944, #1724, .T. ) ;
#3365 = EDGE_LOOP ( 'NONE', ( #1893, #4115, #1923, #1723 ) ) ;
#3366 = CIRCLE ( 'NONE', #4367, 0.2500000000000000000 ) ;
#3367 = CARTESIAN_POINT ( 'NONE',  ( -1.370871215252208009, 0.4999999999999997780, 1.149999999999999689 ) ) ;
#3368 = VERTEX_POINT ( 'NONE', #667 ) ;
#3369 = ORIENTED_EDGE ( 'NONE', *, *, #496, .F. ) ;
#3370 = AXIS2_PLACEMENT_3D ( 'NONE', #1202, #2292, #2676 ) ;
#3371 = VECTOR ( 'NONE', #3475, 1000.000000000000000 ) ;
#3372 = DIRECTION ( 'NONE',  ( 1.000000000000000000, 0.000000000000000000, 0.000000000000000000 ) ) ;
#3373 = DIRECTION ( 'NONE',  ( -0.000000000000000000, -0.000000000000000000, -1.000000000000000000 ) ) ;
#3374 = CIRCLE ( 'NONE', #2819, 0.04999999999999991257 ) ;
#3375 = VERTEX_POINT ( 'NONE', #1015 ) ;
#3376 = CARTESIAN_POINT ( 'NONE',  ( -1.600000000000000089, 0.4999999999999998890, -1.099999999999999867 ) ) ;
#3377 = CIRCLE ( 'NONE', #2075, 0.05000000000000858619 ) ;
#3378 = ORIENTED_EDGE ( 'NONE', *, *, #689, .F. ) ;
#3379 = LINE ( 'NONE', #2666, #4265 ) ;
#3380 = ORIENTED_EDGE ( 'NONE', *, *, #2595, .F. ) ;
#3381 =( GEOMETRIC_REPRESENTATION_CONTEXT ( 3 ) GLOBAL_UNCERTAINTY_ASSIGNED_CONTEXT ( ( #4353 ) ) GLOBAL_UNIT_ASSIGNED_CONTEXT ( ( #328, #2826, #4615 ) ) REPRESENTATION_CONTEXT ( 'NONE', 'WORKASPACE' ) );
#3382 = VECTOR ( 'NONE', #2573, 1000.000000000000000 ) ;
#3383 = EDGE_LOOP ( 'NONE', ( #3664, #2262, #1942, #415 ) ) ;
#3384 = LINE ( 'NONE', #4054, #2881 ) ;
#3385 = LINE ( 'NONE', #1249, #3515 ) ;
#3386 = ADVANCED_FACE ( 'NONE', ( #2533, #3283 ), #1455, .F. ) ;
#3387 = VECTOR ( 'NONE', #3859, 1000.000000000000000 ) ;
#3388 = DIRECTION ( 'NONE',  ( -1.734723475976807094E-15, 0.000000000000000000, 1.000000000000000000 ) ) ;
#3389 = EDGE_CURVE ( 'NONE', #2616, #468, #4289, .T. ) ;
#3390 = ORIENTED_EDGE ( 'NONE', *, *, #4529, .F. ) ;
#3391 = LINE ( 'NONE', #3782, #1663 ) ;
#3392 = CYLINDRICAL_SURFACE ( 'NONE', #416, 0.1000000000000000472 ) ;
#3393 = ORIENTED_EDGE ( 'NONE', *, *, #410, .F. ) ;
#3394 = EDGE_CURVE ( 'NONE', #3973, #499, #4706, .T. ) ;
#3395 = CARTESIAN_POINT ( 'NONE',  ( -1.350000000000000311, 1.149999999999999689, 1.149999999999999467 ) ) ;
#3396 = DIRECTION ( 'NONE',  ( 0.000000000000000000, 1.000000000000000000, -0.000000000000000000 ) ) ;
#3397 = EDGE_CURVE ( 'NONE', #2985, #236, #4267, .T. ) ;
#3398 = VERTEX_POINT ( 'NONE', #4004 ) ;
#3399 = LINE ( 'NONE', #2597, #2101 ) ;
#3400 = LINE ( 'NONE', #2713, #928 ) ;
#3401 = DIRECTION ( 'NONE',  ( -1.000000000000000000, 0.000000000000000000, 1.606225440719265874E-16 ) ) ;
#3402 = VECTOR ( 'NONE', #2847, 1000.000000000000000 ) ;
#3403 = ORIENTED_EDGE ( 'NONE', *, *, #2969, .T. ) ;
#3404 = PLANE ( 'NONE',  #3200 ) ;
#3405 = AXIS2_PLACEMENT_3D ( 'NONE', #2555, #3678, #3655 ) ;
#3406 = EDGE_LOOP ( 'NONE', ( #2602, #1234, #1065, #2436 ) ) ;
#3407 = CARTESIAN_POINT ( 'NONE',  ( -0.5999999999999998668, 1.750000000000001332, 0.6999999999999997335 ) ) ;
#3408 = DIRECTION ( 'NONE',  ( 0.000000000000000000, 0.000000000000000000, 1.000000000000000000 ) ) ;
#3409 = VERTEX_POINT ( 'NONE', #4314 ) ;
#3410 = DIRECTION ( 'NONE',  ( -1.000000000000000000, 0.000000000000000000, -1.668003342285391551E-16 ) ) ;
#3411 = CARTESIAN_POINT ( 'NONE',  ( -1.549999999999991385, 0.9999999999999997780, -0.5249999999999999112 ) ) ;
#3412 = EDGE_CURVE ( 'NONE', #2457, #1751, #3549, .T. ) ;
#3413 = AXIS2_PLACEMENT_3D ( 'NONE', #2634, #1825, #3348 ) ;
#3414 = ORIENTED_EDGE ( 'NONE', *, *, #4300, .T. ) ;
#3415 = DIRECTION ( 'NONE',  ( 0.000000000000000000, 0.000000000000000000, -1.000000000000000000 ) ) ;
#3416 = ORIENTED_EDGE ( 'NONE', *, *, #1777, .T. ) ;
#3417 = FILL_AREA_STYLE_COLOUR ( '', #4228 ) ;
#3418 = EDGE_CURVE ( 'NONE', #2402, #3777, #4648, .T. ) ;
#3419 = FACE_OUTER_BOUND ( 'NONE', #4407, .T. ) ;
#3420 = EDGE_LOOP ( 'NONE', ( #874, #4272, #2400, #2739 ) ) ;
#3421 = AXIS2_PLACEMENT_3D ( 'NONE', #3470, #853, #3775 ) ;
#3422 = ADVANCED_FACE ( 'NONE', ( #321 ), #2427, .F. ) ;
#3423 = DIRECTION ( 'NONE',  ( -1.000000000000000000, 0.000000000000000000, -1.668003342285391551E-16 ) ) ;
#3424 = CARTESIAN_POINT ( 'NONE',  ( 0.6000000000000000888, 0.4999999999999998890, 1.149999999999999689 ) ) ;
#3425 = DIRECTION ( 'NONE',  ( 2.602085213965210642E-15, 0.000000000000000000, 1.000000000000000000 ) ) ;
#3426 = ORIENTED_EDGE ( 'NONE', *, *, #4237, .F. ) ;
#3427 = ORIENTED_EDGE ( 'NONE', *, *, #4425, .F. ) ;
#3428 = CARTESIAN_POINT ( 'NONE',  ( -1.350000000000000311, 0.9999999999999997780, -1.099999999999999867 ) ) ;
#3429 = LINE ( 'NONE', #4539, #1850 ) ;
#3430 = ORIENTED_EDGE ( 'NONE', *, *, #3739, .F. ) ;
#3431 = FACE_OUTER_BOUND ( 'NONE', #840, .T. ) ;
#3432 = CARTESIAN_POINT ( 'NONE',  ( -1.350000000000000311, 1.149999999999999689, -1.099999999999999867 ) ) ;
#3433 = ORIENTED_EDGE ( 'NONE', *, *, #1224, .T. ) ;
#3434 = FACE_OUTER_BOUND ( 'NONE', #3167, .T. ) ;
#3435 = FACE_OUTER_BOUND ( 'NONE', #2654, .T. ) ;
#3436 = ORIENTED_EDGE ( 'NONE', *, *, #438, .T. ) ;
#3437 = VECTOR ( 'NONE', #2773, 1000.000000000000000 ) ;
#3438 = VECTOR ( 'NONE', #3224, 1000.000000000000000 ) ;
#3439 = FACE_OUTER_BOUND ( 'NONE', #4041, .T. ) ;
#3440 = EDGE_CURVE ( 'NONE', #3013, #3973, #3185, .T. ) ;
#3441 = EDGE_CURVE ( 'NONE', #904, #3569, #1376, .T. ) ;
#3442 = VECTOR ( 'NONE', #3534, 1000.000000000000000 ) ;
#3443 = ORIENTED_EDGE ( 'NONE', *, *, #1910, .T. ) ;
#3444 = VECTOR ( 'NONE', #1509, 1000.000000000000000 ) ;
#3445 = DIRECTION ( 'NONE',  ( 0.000000000000000000, -1.000000000000000000, 0.000000000000000000 ) ) ;
#3446 = CARTESIAN_POINT ( 'NONE',  ( 1.370871215252208009, 0.4999999999999998890, -1.149999999999999689 ) ) ;
#3447 = PLANE ( 'NONE',  #1346 ) ;
#3448 = VERTEX_POINT ( 'NONE', #2128 ) ;
#3449 = EDGE_CURVE ( 'NONE', #4104, #110, #4171, .T. ) ;
#3450 = AXIS2_PLACEMENT_3D ( 'NONE', #238, #1303, #2807 ) ;
#3451 = ORIENTED_EDGE ( 'NONE', *, *, #404, .F. ) ;
#3452 = DIRECTION ( 'NONE',  ( -0.000000000000000000, -1.000000000000000000, -0.000000000000000000 ) ) ;
#3453 = ORIENTED_EDGE ( 'NONE', *, *, #4603, .F. ) ;
#3454 = MECHANICAL_DESIGN_GEOMETRIC_PRESENTATION_REPRESENTATION (  '', ( #4165 ), #1016 ) ;
#3455 = CARTESIAN_POINT ( 'NONE',  ( -1.600000000000000089, 0.4999999999999998890, 1.249999999999999778 ) ) ;
#3456 = ORIENTED_EDGE ( 'NONE', *, *, #3325, .F. ) ;
#3457 = ADVANCED_FACE ( 'NONE', ( #9 ), #299, .T. ) ;
#3458 = CARTESIAN_POINT ( 'NONE',  ( 1.600000000000000089, 0.4999999999999997780, 0.9999999999999997780 ) ) ;
#3459 = LINE ( 'NONE', #213, #3387 ) ;
#3460 = VECTOR ( 'NONE', #1485, 1000.000000000000000 ) ;
#3461 = ORIENTED_EDGE ( 'NONE', *, *, #2404, .T. ) ;
#3462 = DIRECTION ( 'NONE',  ( -1.000000000000000000, 0.000000000000000000, -0.000000000000000000 ) ) ;
#3463 = CARTESIAN_POINT ( 'NONE',  ( -1.500000000000000000, 0.000000000000000000, 1.020871215252207698 ) ) ;
#3464 = ORIENTED_EDGE ( 'NONE', *, *, #2374, .T. ) ;
#3465 = CARTESIAN_POINT ( 'NONE',  ( 1.370871215252208009, 0.4999999999999998890, 1.149999999999999911 ) ) ;
#3466 = CARTESIAN_POINT ( 'NONE',  ( 1.350000000000000311, 0.9999999999999997780, -1.199999999999999734 ) ) ;
#3467 = VERTEX_POINT ( 'NONE', #2150 ) ;
#3468 = EDGE_CURVE ( 'NONE', #4580, #2460, #3616, .T. ) ;
#3469 = CARTESIAN_POINT ( 'NONE',  ( -1.350000000000000311, 1.099999999999999867, 1.199999999999999734 ) ) ;
#3470 = CARTESIAN_POINT ( 'NONE',  ( -1.350000000000000311, 1.149999999999999911, -1.050000000000000044 ) ) ;
#3471 = CARTESIAN_POINT ( 'NONE',  ( -1.004584529893781442, 1.199999999999999956, 0.6868262879948838773 ) ) ;
#3472 = ORIENTED_EDGE ( 'NONE', *, *, #2433, .T. ) ;
#3473 = LINE ( 'NONE', #1462, #2607 ) ;
#3474 = VECTOR ( 'NONE', #1831, 1000.000000000000000 ) ;
#3475 = DIRECTION ( 'NONE',  ( 0.000000000000000000, 0.000000000000000000, -1.000000000000000000 ) ) ;
#3476 = DIRECTION ( 'NONE',  ( -0.000000000000000000, -1.000000000000000000, -0.000000000000000000 ) ) ;
#3477 = ORIENTED_EDGE ( 'NONE', *, *, #2054, .T. ) ;
#3478 = ORIENTED_EDGE ( 'NONE', *, *, #1743, .F. ) ;
#3479 = FACE_OUTER_BOUND ( 'NONE', #2421, .T. ) ;
#3480 = ORIENTED_EDGE ( 'NONE', *, *, #4700, .T. ) ;
#3481 = CARTESIAN_POINT ( 'NONE',  ( -1.450000000000000178, 0.4999999999999997780, -1.249999999999999778 ) ) ;
#3482 = PLANE ( 'NONE',  #3450 ) ;
#3483 = DIRECTION ( 'NONE',  ( -1.000000000000000000, 0.000000000000000000, -0.000000000000000000 ) ) ;
#3484 = VECTOR ( 'NONE', #2057, 1000.000000000000000 ) ;
#3485 = CARTESIAN_POINT ( 'NONE',  ( 1.350000000000000089, 0.000000000000000000, 1.249999999999999778 ) ) ;
#3486 = ORIENTED_EDGE ( 'NONE', *, *, #3888, .F. ) ;
#3487 = CARTESIAN_POINT ( 'NONE',  ( 1.550000000000000266, 1.149999999999999689, 0.9999999999999995559 ) ) ;
#3488 = DIRECTION ( 'NONE',  ( -1.000000000000000000, 0.000000000000000000, 0.000000000000000000 ) ) ;
#3489 = DIRECTION ( 'NONE',  ( -1.000000000000000000, 0.000000000000000000, 0.000000000000000000 ) ) ;
#3490 = VECTOR ( 'NONE', #3360, 1000.000000000000000 ) ;
#3491 = FACE_OUTER_BOUND ( 'NONE', #2657, .T. ) ;
#3492 = EDGE_LOOP ( 'NONE', ( #1869, #1437, #3322, #4098 ) ) ;
#3493 = LINE ( 'NONE', #204, #2347 ) ;
#3494 = AXIS2_PLACEMENT_3D ( 'NONE', #1497, #3696, #1452 ) ;
#3495 = ORIENTED_EDGE ( 'NONE', *, *, #1018, .T. ) ;
#3496 = CARTESIAN_POINT ( 'NONE',  ( -1.350000000000000311, 0.9999999999999997780, -0.9999999999999997780 ) ) ;
#3497 = ORIENTED_EDGE ( 'NONE', *, *, #3412, .T. ) ;
#3498 = ORIENTED_EDGE ( 'NONE', *, *, #773, .T. ) ;
#3499 = CARTESIAN_POINT ( 'NONE',  ( 1.350000000000000311, 1.149999999999999689, -1.000000000000000000 ) ) ;
#3500 = EDGE_CURVE ( 'NONE', #1100, #1043, #1433, .T. ) ;
#3501 = CARTESIAN_POINT ( 'NONE',  ( 1.600000000000008749, 0.000000000000000000, 0.5249999999999999112 ) ) ;
#3502 = ORIENTED_EDGE ( 'NONE', *, *, #3674, .T. ) ;
#3503 = CARTESIAN_POINT ( 'NONE',  ( -1.600000000000000089, 0.9999999999999997780, 0.000000000000000000 ) ) ;
#3504 = CARTESIAN_POINT ( 'NONE',  ( 1.599999999999998312, 0.4999999999999997780, -1.249999999999999778 ) ) ;
#3505 = CARTESIAN_POINT ( 'NONE',  ( -1.600000000000000311, 0.000000000000000000, -1.249999999999999778 ) ) ;
#3506 = EDGE_CURVE ( 'NONE', #1634, #4552, #1476, .T. ) ;
#3507 = CARTESIAN_POINT ( 'NONE',  ( 1.600000000000000089, 0.9999999999999997780, 0.5750000000000083933 ) ) ;
#3508 = LINE ( 'NONE', #3485, #2630 ) ;
#3509 = ORIENTED_EDGE ( 'NONE', *, *, #264, .T. ) ;
#3510 = DIRECTION ( 'NONE',  ( 1.000000000000000000, 0.000000000000000000, -0.000000000000000000 ) ) ;
#3511 = CIRCLE ( 'NONE', #1450, 0.04999999999999991257 ) ;
#3512 = DIRECTION ( 'NONE',  ( 0.000000000000000000, -1.000000000000000000, 0.000000000000000000 ) ) ;
#3513 = EDGE_LOOP ( 'NONE', ( #3516, #1153, #2571, #4239 ) ) ;
#3514 = CARTESIAN_POINT ( 'NONE',  ( -1.549999999999991385, 0.9999999999999997780, -0.5249999999999999112 ) ) ;
#3515 = VECTOR ( 'NONE', #4177, 1000.000000000000000 ) ;
#3516 = ORIENTED_EDGE ( 'NONE', *, *, #692, .F. ) ;
#3517 = VECTOR ( 'NONE', #1395, 1000.000000000000000 ) ;
#3518 = PLANE ( 'NONE',  #4284 ) ;
#3519 = VERTEX_POINT ( 'NONE', #2921 ) ;
#3520 = CARTESIAN_POINT ( 'NONE',  ( -0.6000000000000000888, 0.000000000000000000, -1.149999999999999689 ) ) ;
#3521 = VECTOR ( 'NONE', #4452, 1000.000000000000000 ) ;
#3522 = ORIENTED_EDGE ( 'NONE', *, *, #3245, .F. ) ;
#3523 = SURFACE_SIDE_STYLE ('',( #2466 ) ) ;
#3524 = EDGE_CURVE ( 'NONE', #2131, #1243, #3353, .T. ) ;
#3525 = ORIENTED_EDGE ( 'NONE', *, *, #2568, .F. ) ;
#3526 = CARTESIAN_POINT ( 'NONE',  ( 1.350000000000000311, 1.099999999999999867, 1.199999999999999289 ) ) ;
#3527 = DIRECTION ( 'NONE',  ( 0.000000000000000000, 0.000000000000000000, 1.000000000000000000 ) ) ;
#3528 = DIRECTION ( 'NONE',  ( 0.000000000000000000, 0.000000000000000000, -1.000000000000000000 ) ) ;
#3529 = DIRECTION ( 'NONE',  ( -0.000000000000000000, 0.000000000000000000, 1.000000000000000000 ) ) ;
#3530 = COLOUR_RGB ( '',0.9686274509803921573, 0.8784313725490195957, 0.5999999999999999778 ) ;
#3531 = EDGE_CURVE ( 'NONE', #1359, #852, #3399, .T. ) ;
#3532 = AXIS2_PLACEMENT_3D ( 'NONE', #2467, #1438, #4012 ) ;
#3533 = ORIENTED_EDGE ( 'NONE', *, *, #2336, .F. ) ;
#3534 = DIRECTION ( 'NONE',  ( -1.000000000000000000, 0.000000000000000000, 0.000000000000000000 ) ) ;
#3535 = EDGE_CURVE ( 'NONE', #1117, #4517, #2316, .T. ) ;
#3536 = VERTEX_POINT ( 'NONE', #1124 ) ;
#3537 = DIRECTION ( 'NONE',  ( -0.000000000000000000, -1.000000000000000000, -0.000000000000000000 ) ) ;
#3538 = VERTEX_POINT ( 'NONE', #124 ) ;
#3539 = CARTESIAN_POINT ( 'NONE',  ( -1.450000000000000178, 0.9999999999999997780, 1.249999999999999778 ) ) ;
#3540 = ORIENTED_EDGE ( 'NONE', *, *, #3418, .T. ) ;
#3541 = DIRECTION ( 'NONE',  ( -1.606225440719265874E-16, 0.000000000000000000, -1.000000000000000000 ) ) ;
#3542 = ORIENTED_EDGE ( 'NONE', *, *, #1571, .F. ) ;
#3543 = DIRECTION ( 'NONE',  ( 1.000000000000000000, 0.000000000000000000, -1.084202172485504804E-16 ) ) ;
#3544 = CARTESIAN_POINT ( 'NONE',  ( -1.600000000000000089, 0.4999999999999998890, 1.249999999999999778 ) ) ;
#3545 = ORIENTED_EDGE ( 'NONE', *, *, #3785, .T. ) ;
#3546 = CARTESIAN_POINT ( 'NONE',  ( -1.350000000000000311, 1.199999999999999956, -1.050000000000000044 ) ) ;
#3547 = CARTESIAN_POINT ( 'NONE',  ( 1.450000000000000400, 0.9999999999999997780, 0.9999999999999995559 ) ) ;
#3548 = LINE ( 'NONE', #1711, #4571 ) ;
#3549 = CIRCLE ( 'NONE', #3176, 0.05000000000000858619 ) ;
#3550 = DIRECTION ( 'NONE',  ( -0.000000000000000000, -1.000000000000000000, -0.000000000000000000 ) ) ;
#3551 = AXIS2_PLACEMENT_3D ( 'NONE', #1714, #4640, #4282 ) ;
#3552 = EDGE_LOOP ( 'NONE', ( #1362, #3169, #2694, #4575 ) ) ;
#3553 = ADVANCED_FACE ( 'NONE', ( #4484 ), #849, .F. ) ;
#3554 = DIRECTION ( 'NONE',  ( 1.000000000000000000, 0.000000000000000000, 0.000000000000000000 ) ) ;
#3555 = VERTEX_POINT ( 'NONE', #3376 ) ;
#3556 = DIRECTION ( 'NONE',  ( 0.000000000000000000, 0.000000000000000000, 1.000000000000000000 ) ) ;
#3557 = ADVANCED_FACE ( 'NONE', ( #3012 ), #1895, .T. ) ;
#3558 = ORIENTED_EDGE ( 'NONE', *, *, #2004, .F. ) ;
#3559 = DIRECTION ( 'NONE',  ( 0.000000000000000000, 0.000000000000000000, -1.000000000000000000 ) ) ;
#3560 = DIRECTION ( 'NONE',  ( 0.000000000000000000, 1.000000000000000000, -0.000000000000000000 ) ) ;
#3561 = ORIENTED_EDGE ( 'NONE', *, *, #3765, .T. ) ;
#3562 = VERTEX_POINT ( 'NONE', #145 ) ;
#3563 = VECTOR ( 'NONE', #378, 1000.000000000000000 ) ;
#3564 = CARTESIAN_POINT ( 'NONE',  ( 1.600000000000000089, 0.9999999999999997780, 0.2749999999999914180 ) ) ;
#3565 = CIRCLE ( 'NONE', #3797, 0.1524669288197409156 ) ;
#3566 = CYLINDRICAL_SURFACE ( 'NONE', #4046, 0.2500000000000000000 ) ;
#3567 = DIRECTION ( 'NONE',  ( -0.000000000000000000, -1.000000000000000000, -0.000000000000000000 ) ) ;
#3568 = CARTESIAN_POINT ( 'NONE',  ( 1.600000000000000089, 0.9999999999999997780, 0.000000000000000000 ) ) ;
#3569 = VERTEX_POINT ( 'NONE', #2282 ) ;
#3570 = DIRECTION ( 'NONE',  ( 1.000000000000000000, 0.000000000000000000, 0.000000000000000000 ) ) ;
#3571 = DIRECTION ( 'NONE',  ( -0.000000000000000000, 1.000000000000000000, 0.000000000000000000 ) ) ;
#3572 = CARTESIAN_POINT ( 'NONE',  ( 1.350000000000000311, 1.149999999999999911, 1.049999999999999822 ) ) ;
#3573 = AXIS2_PLACEMENT_3D ( 'NONE', #2229, #812, #487 ) ;
#3574 = CARTESIAN_POINT ( 'NONE',  ( -1.500000000000000000, 0.4999999999999998890, 1.020871215252207698 ) ) ;
#3575 = CARTESIAN_POINT ( 'NONE',  ( 1.500000000000000000, 0.000000000000000000, 1.020871215252207698 ) ) ;
#3576 = ORIENTED_EDGE ( 'NONE', *, *, #1896, .T. ) ;
#3577 = EDGE_CURVE ( 'NONE', #4418, #3857, #1852, .T. ) ;
#3578 = DIRECTION ( 'NONE',  ( -2.502005013428087277E-15, 0.000000000000000000, 1.000000000000000000 ) ) ;
#3579 = EDGE_CURVE ( 'NONE', #3777, #1624, #2641, .T. ) ;
#3580 = CARTESIAN_POINT ( 'NONE',  ( -0.8000000000000000444, 0.4999999999999998890, 0.4999999999999997780 ) ) ;
#3581 = EDGE_CURVE ( 'NONE', #493, #2526, #1950, .T. ) ;
#3582 = ORIENTED_EDGE ( 'NONE', *, *, #851, .T. ) ;
#3583 = DIRECTION ( 'NONE',  ( -0.000000000000000000, -1.000000000000000000, 0.000000000000000000 ) ) ;
#3584 = CIRCLE ( 'NONE', #2214, 0.09999999999999982514 ) ;
#3585 = EDGE_LOOP ( 'NONE', ( #3266, #1878, #2644, #1300 ) ) ;
#3586 = DIRECTION ( 'NONE',  ( -1.000000000000000000, 0.000000000000000000, -0.000000000000000000 ) ) ;
#3587 = DIRECTION ( 'NONE',  ( 1.000000000000000000, 0.000000000000000000, -0.000000000000000000 ) ) ;
#3588 = ADVANCED_FACE ( 'NONE', ( #4048 ), #783, .F. ) ;
#3589 = DIRECTION ( 'NONE',  ( -0.000000000000000000, -1.000000000000000000, 0.000000000000000000 ) ) ;
#3590 = ORIENTED_EDGE ( 'NONE', *, *, #94, .T. ) ;
#3591 = ADVANCED_FACE ( 'NONE', ( #4024 ), #459, .F. ) ;
#3592 = DIRECTION ( 'NONE',  ( 0.000000000000000000, 0.000000000000000000, 1.000000000000000000 ) ) ;
#3593 = ORIENTED_EDGE ( 'NONE', *, *, #2296, .F. ) ;
#3594 = AXIS2_PLACEMENT_3D ( 'NONE', #3599, #1760, #1813 ) ;
#3595 = CARTESIAN_POINT ( 'NONE',  ( 1.600000000000000089, 0.000000000000000000, 0.000000000000000000 ) ) ;
#3596 = DIRECTION ( 'NONE',  ( 1.000000000000000000, 0.000000000000000000, -0.000000000000000000 ) ) ;
#3597 = ORIENTED_EDGE ( 'NONE', *, *, #1211, .F. ) ;
#3598 = AXIS2_PLACEMENT_3D ( 'NONE', #4210, #2758, #561 ) ;
#3599 = CARTESIAN_POINT ( 'NONE',  ( 1.350000000000000311, 1.149999999999999689, 0.9999999999999995559 ) ) ;
#3600 = CARTESIAN_POINT ( 'NONE',  ( -1.600000000000000311, 0.4999999999999997780, -1.249999999999999778 ) ) ;
#3601 = EDGE_CURVE ( 'NONE', #1540, #2985, #1874, .T. ) ;
#3602 = CARTESIAN_POINT ( 'NONE',  ( 1.600000000000000089, 0.9999999999999997780, 0.5750000000000083933 ) ) ;
#3603 = CIRCLE ( 'NONE', #1775, 0.05000000000000858619 ) ;
#3604 = VECTOR ( 'NONE', #3452, 1000.000000000000000 ) ;
#3605 = CARTESIAN_POINT ( 'NONE',  ( -1.350000000000000311, 1.149999999999999689, -1.149999999999999245 ) ) ;
#3606 = PRESENTATION_STYLE_ASSIGNMENT (( #708 ) ) ;
#3607 = EDGE_LOOP ( 'NONE', ( #994, #3338, #61, #1972, #1250, #835, #3939, #356 ) ) ;
#3608 = DIRECTION ( 'NONE',  ( 0.000000000000000000, -1.000000000000000000, 0.000000000000000000 ) ) ;
#3609 = DIRECTION ( 'NONE',  ( -0.000000000000000000, -1.000000000000000000, -0.000000000000000000 ) ) ;
#3610 = AXIS2_PLACEMENT_3D ( 'NONE', #353, #1260, #4189 ) ;
#3611 = FACE_OUTER_BOUND ( 'NONE', #623, .T. ) ;
#3612 = FACE_OUTER_BOUND ( 'NONE', #2093, .T. ) ;
#3613 = EDGE_LOOP ( 'NONE', ( #2767, #645, #2726, #2876 ) ) ;
#3614 = EDGE_CURVE ( 'NONE', #704, #1526, #3330, .T. ) ;
#3615 = VECTOR ( 'NONE', #14, 1000.000000000000000 ) ;
#3616 = LINE ( 'NONE', #368, #3254 ) ;
#3617 = DIRECTION ( 'NONE',  ( -0.000000000000000000, -1.000000000000000000, -0.000000000000000000 ) ) ;
#3618 = LINE ( 'NONE', #2871, #4713 ) ;
#3619 = ORIENTED_EDGE ( 'NONE', *, *, #1512, .T. ) ;
#3620 = APPLICATION_PROTOCOL_DEFINITION ( 'draft international standard', 'automotive_design', 1998, #1283 ) ;
#3621 = LINE ( 'NONE', #1809, #3079 ) ;
#3622 = EDGE_CURVE ( 'NONE', #4704, #458, #99, .T. ) ;
#3623 = ORIENTED_EDGE ( 'NONE', *, *, #1842, .F. ) ;
#3624 = CARTESIAN_POINT ( 'NONE',  ( -1.500000000000000000, 1.099999999999999867, -0.9999999999999997780 ) ) ;
#3625 = LINE ( 'NONE', #2208, #3438 ) ;
#3626 = UNCERTAINTY_MEASURE_WITH_UNIT (LENGTH_MEASURE( 1.000000000000000082E-05 ), #1957, 'distance_accuracy_value', 'NONE');
#3627 = ADVANCED_FACE ( 'NONE', ( #4435 ), #4463, .F. ) ;
#3628 = ORIENTED_EDGE ( 'NONE', *, *, #2204, .F. ) ;
#3629 = PLANE ( 'NONE',  #1149 ) ;
#3630 = VECTOR ( 'NONE', #1545, 1000.000000000000000 ) ;
#3631 = ORIENTED_EDGE ( 'NONE', *, *, #1285, .F. ) ;
#3632 = CARTESIAN_POINT ( 'NONE',  ( 0.6000000000000000888, 0.000000000000000000, 1.149999999999999689 ) ) ;
#3633 = ORIENTED_EDGE ( 'NONE', *, *, #1259, .F. ) ;
#3634 = DIRECTION ( 'NONE',  ( 0.000000000000000000, -0.000000000000000000, 1.000000000000000000 ) ) ;
#3635 = VECTOR ( 'NONE', #4386, 1000.000000000000000 ) ;
#3636 = EDGE_CURVE ( 'NONE', #3103, #2137, #3726, .T. ) ;
#3637 = ORIENTED_EDGE ( 'NONE', *, *, #515, .T. ) ;
#3638 = FACE_OUTER_BOUND ( 'NONE', #951, .T. ) ;
#3639 = CARTESIAN_POINT ( 'NONE',  ( -1.550000000000000266, 1.099999999999999867, 0.9999999999999995559 ) ) ;
#3640 = CYLINDRICAL_SURFACE ( 'NONE', #1167, 0.05000000000000858619 ) ;
#3641 = ORIENTED_EDGE ( 'NONE', *, *, #1529, .T. ) ;
#3642 = LINE ( 'NONE', #512, #1524 ) ;
#3643 = EDGE_CURVE ( 'NONE', #3209, #602, #1033, .T. ) ;
#3644 = EDGE_CURVE ( 'NONE', #2966, #1595, #2811, .T. ) ;
#3645 = CARTESIAN_POINT ( 'NONE',  ( 1.350000000000000089, 0.4999999999999998890, 1.249999999999999778 ) ) ;
#3646 = VECTOR ( 'NONE', #3617, 1000.000000000000000 ) ;
#3647 = EDGE_CURVE ( 'NONE', #236, #4290, #2422, .T. ) ;
#3648 = AXIS2_PLACEMENT_3D ( 'NONE', #2950, #1138, #1075 ) ;
#3649 = CARTESIAN_POINT ( 'NONE',  ( -1.500000000000000222, 1.149999999999999689, 0.9999999999999993339 ) ) ;
#3650 = CARTESIAN_POINT ( 'NONE',  ( 1.600000000000008749, 0.000000000000000000, -0.3250000000000000111 ) ) ;
#3651 = ORIENTED_EDGE ( 'NONE', *, *, #1620, .T. ) ;
#3652 = CARTESIAN_POINT ( 'NONE',  ( -1.004584529893781442, 1.199999999999999956, 0.6868262879948838773 ) ) ;
#3653 = PLANE ( 'NONE',  #3494 ) ;
#3654 = ORIENTED_EDGE ( 'NONE', *, *, #1682, .F. ) ;
#3655 = DIRECTION ( 'NONE',  ( -1.000000000000000000, 0.000000000000000000, -0.000000000000000000 ) ) ;
#3656 = ORIENTED_EDGE ( 'NONE', *, *, #4009, .T. ) ;
#3657 = CARTESIAN_POINT ( 'NONE',  ( 1.350000000000000311, 1.099999999999999867, -1.149999999999999911 ) ) ;
#3658 = DIRECTION ( 'NONE',  ( 0.000000000000000000, 1.000000000000000000, 0.000000000000000000 ) ) ;
#3659 = VERTEX_POINT ( 'NONE', #338 ) ;
#3660 = DIRECTION ( 'NONE',  ( -0.000000000000000000, -1.000000000000000000, -0.000000000000000000 ) ) ;
#3661 = CARTESIAN_POINT ( 'NONE',  ( -1.550000000000000488, 0.9999999999999997780, -0.9999999999999997780 ) ) ;
#3662 = CLOSED_SHELL ( 'NONE', ( #1165, #939, #1051, #2500, #1901, #143, #3457, #4060, #2768, #2191, #624 ) ) ;
#3663 = LINE ( 'NONE', #1860, #1317 ) ;
#3664 = ORIENTED_EDGE ( 'NONE', *, *, #1078, .T. ) ;
#3665 = DIRECTION ( 'NONE',  ( -0.000000000000000000, -1.000000000000000000, -0.000000000000000000 ) ) ;
#3666 = AXIS2_PLACEMENT_3D ( 'NONE', #869, #779, #1232 ) ;
#3667 = LINE ( 'NONE', #3602, #2805 ) ;
#3668 = ADVANCED_FACE ( 'NONE', ( #1718 ), #1796, .F. ) ;
#3669 = AXIS2_PLACEMENT_3D ( 'NONE', #656, #4568, #2733 ) ;
#3670 = CARTESIAN_POINT ( 'NONE',  ( -1.370871215252208009, 0.000000000000000000, -1.149999999999999689 ) ) ;
#3671 = VECTOR ( 'NONE', #2548, 1000.000000000000000 ) ;
#3672 = VERTEX_POINT ( 'NONE', #3723 ) ;
#3673 = DIRECTION ( 'NONE',  ( 0.000000000000000000, 1.000000000000000000, 0.000000000000000000 ) ) ;
#3674 = EDGE_CURVE ( 'NONE', #4033, #2190, #2960, .T. ) ;
#3675 = CARTESIAN_POINT ( 'NONE',  ( -1.549999999999991385, 0.9999999999999997780, 0.000000000000000000 ) ) ;
#3676 = VECTOR ( 'NONE', #424, 1000.000000000000000 ) ;
#3677 = EDGE_LOOP ( 'NONE', ( #2775, #3593, #3359, #337, #3129, #3456, #2727, #4063, #369 ) ) ;
#3678 = DIRECTION ( 'NONE',  ( 0.000000000000000000, 0.000000000000000000, -1.000000000000000000 ) ) ;
#3679 = CIRCLE ( 'NONE', #4384, 0.1524669288197409156 ) ;
#3680 = ADVANCED_FACE ( 'NONE', ( #4403 ), #3695, .F. ) ;
#3681 = CARTESIAN_POINT ( 'NONE',  ( -0.6000000000000009770, 0.4999999999999998890, -0.4999999999999997780 ) ) ;
#3682 = CARTESIAN_POINT ( 'NONE',  ( -1.600000000000008749, 0.000000000000000000, 0.5249999999999999112 ) ) ;
#3683 = LINE ( 'NONE', #445, #2051 ) ;
#3684 = PLANE ( 'NONE',  #275 ) ;
#3685 = ORIENTED_EDGE ( 'NONE', *, *, #1132, .T. ) ;
#3686 = LINE ( 'NONE', #448, #1749 ) ;
#3687 = ORIENTED_EDGE ( 'NONE', *, *, #253, .T. ) ;
#3688 = DIRECTION ( 'NONE',  ( 0.000000000000000000, 0.000000000000000000, -1.000000000000000000 ) ) ;
#3689 = VECTOR ( 'NONE', #3372, 1000.000000000000000 ) ;
#3690 = CARTESIAN_POINT ( 'NONE',  ( 1.600000000000000089, 0.4999999999999998890, 1.249999999999999778 ) ) ;
#3691 = LINE ( 'NONE', #1162, #2194 ) ;
#3692 = PLANE ( 'NONE',  #1084 ) ;
#3693 = ADVANCED_FACE ( 'NONE', ( #1919, #1119 ), #4043, .T. ) ;
#3694 = ORIENTED_EDGE ( 'NONE', *, *, #4217, .T. ) ;
#3695 = CYLINDRICAL_SURFACE ( 'NONE', #3413, 0.05000000000000858619 ) ;
#3696 = DIRECTION ( 'NONE',  ( 0.000000000000000000, -1.000000000000000000, 0.000000000000000000 ) ) ;
#3697 = ORIENTED_EDGE ( 'NONE', *, *, #1531, .F. ) ;
#3698 = ADVANCED_FACE ( 'NONE', ( #4430 ), #2982, .T. ) ;
#3699 = DIRECTION ( 'NONE',  ( 0.000000000000000000, 0.000000000000000000, 1.000000000000000000 ) ) ;
#3700 = VERTEX_POINT ( 'NONE', #194 ) ;
#3701 = DIRECTION ( 'NONE',  ( -0.000000000000000000, -1.000000000000000000, -0.000000000000000000 ) ) ;
#3702 = DIRECTION ( 'NONE',  ( 0.000000000000000000, -1.000000000000000000, 0.000000000000000000 ) ) ;
#3703 = EDGE_LOOP ( 'NONE', ( #929, #4473, #98, #3651 ) ) ;
#3704 = EDGE_CURVE ( 'NONE', #845, #2852, #3744, .T. ) ;
#3705 = DIRECTION ( 'NONE',  ( 1.668003342285391551E-16, 0.000000000000000000, -1.000000000000000000 ) ) ;
#3706 = CIRCLE ( 'NONE', #2033, 0.05000000000000858619 ) ;
#3707 = ORIENTED_EDGE ( 'NONE', *, *, #887, .F. ) ;
#3708 = CARTESIAN_POINT ( 'NONE',  ( 1.350000000000000311, 1.149999999999999689, -1.099999999999999867 ) ) ;
#3709 = VECTOR ( 'NONE', #1565, 1000.000000000000000 ) ;
#3710 = PLANE ( 'NONE',  #2521 ) ;
#3711 = VERTEX_POINT ( 'NONE', #3791 ) ;
#3712 = VECTOR ( 'NONE', #2398, 1000.000000000000000 ) ;
#3713 = DIRECTION ( 'NONE',  ( 0.000000000000000000, 0.000000000000000000, -1.000000000000000000 ) ) ;
#3714 = ORIENTED_EDGE ( 'NONE', *, *, #80, .F. ) ;
#3715 = DIRECTION ( 'NONE',  ( -0.000000000000000000, 1.000000000000000000, 0.000000000000000000 ) ) ;
#3716 = AXIS2_PLACEMENT_3D ( 'NONE', #1128, #2579, #1970 ) ;
#3717 = DIRECTION ( 'NONE',  ( 1.000000000000000000, -0.000000000000000000, -0.000000000000000000 ) ) ;
#3718 = DIRECTION ( 'NONE',  ( 0.000000000000000000, 1.000000000000000000, -0.000000000000000000 ) ) ;
#3719 = ORIENTED_EDGE ( 'NONE', *, *, #414, .T. ) ;
#3720 = ORIENTED_EDGE ( 'NONE', *, *, #2646, .T. ) ;
#3721 = MECHANICAL_DESIGN_GEOMETRIC_PRESENTATION_REPRESENTATION (  '', ( #471 ), #2642 ) ;
#3722 = VECTOR ( 'NONE', #3817, 1000.000000000000000 ) ;
#3723 = CARTESIAN_POINT ( 'NONE',  ( 1.600000000000000089, 0.000000000000000000, -0.9999999999999997780 ) ) ;
#3724 = DIRECTION ( 'NONE',  ( 0.000000000000000000, 0.000000000000000000, -1.000000000000000000 ) ) ;
#3725 = VERTEX_POINT ( 'NONE', #3029 ) ;
#3726 = LINE ( 'NONE', #4528, #2250 ) ;
#3727 = EDGE_CURVE ( 'NONE', #4479, #486, #2302, .T. ) ;
#3728 = EDGE_CURVE ( 'NONE', #1316, #3448, #4335, .T. ) ;
#3729 = ORIENTED_EDGE ( 'NONE', *, *, #1896, .F. ) ;
#3730 = DIRECTION ( 'NONE',  ( 0.000000000000000000, 0.000000000000000000, 1.000000000000000000 ) ) ;
#3731 = VERTEX_POINT ( 'NONE', #4211 ) ;
#3732 = DIRECTION ( 'NONE',  ( 0.000000000000000000, -1.000000000000000000, 0.000000000000000000 ) ) ;
#3733 = ORIENTED_EDGE ( 'NONE', *, *, #3636, .F. ) ;
#3734 = EDGE_CURVE ( 'NONE', #2616, #1434, #1258, .T. ) ;
#3735 = CARTESIAN_POINT ( 'NONE',  ( -1.600000000000000311, 0.4999999999999998890, -1.249999999999999778 ) ) ;
#3736 = ORIENTED_EDGE ( 'NONE', *, *, #4305, .F. ) ;
#3737 = EDGE_LOOP ( 'NONE', ( #4173, #1542, #36, #3773 ) ) ;
#3738 = VECTOR ( 'NONE', #444, 1000.000000000000000 ) ;
#3739 = EDGE_CURVE ( 'NONE', #3082, #2493, #936, .T. ) ;
#3740 = DIRECTION ( 'NONE',  ( 0.000000000000000000, 1.000000000000000000, 0.000000000000000000 ) ) ;
#3741 = ORIENTED_EDGE ( 'NONE', *, *, #2345, .T. ) ;
#3742 = EDGE_LOOP ( 'NONE', ( #3733, #927, #1953, #205 ) ) ;
#3743 = AXIS2_PLACEMENT_3D ( 'NONE', #357, #21, #4376 ) ;
#3744 = LINE ( 'NONE', #140, #3709 ) ;
#3745 = CARTESIAN_POINT ( 'NONE',  ( 1.500000000000000000, 1.750000000000001332, 1.020871215252207698 ) ) ;
#3746 = CARTESIAN_POINT ( 'NONE',  ( 0.6000000000000000888, 1.750000000000001332, 1.149999999999999689 ) ) ;
#3747 = AXIS2_PLACEMENT_3D ( 'NONE', #4583, #1270, #3168 ) ;
#3748 = ORIENTED_EDGE ( 'NONE', *, *, #3277, .T. ) ;
#3749 = DIRECTION ( 'NONE',  ( 0.000000000000000000, -1.000000000000000000, 0.000000000000000000 ) ) ;
#3750 = AXIS2_PLACEMENT_3D ( 'NONE', #1152, #3658, #2199 ) ;
#3751 = AXIS2_PLACEMENT_3D ( 'NONE', #529, #4096, #3730 ) ;
#3752 = FACE_OUTER_BOUND ( 'NONE', #1789, .T. ) ;
#3753 = CARTESIAN_POINT ( 'NONE',  ( 1.450000000000000400, 0.9999999999999997780, 0.9999999999999995559 ) ) ;
#3754 = EDGE_LOOP ( 'NONE', ( #899, #4318 ) ) ;
#3755 = EDGE_CURVE ( 'NONE', #343, #1992, #3105, .T. ) ;
#3756 = EDGE_CURVE ( 'NONE', #4159, #4011, #3087, .T. ) ;
#3757 = PRESENTATION_LAYER_ASSIGNMENT (  '', '', ( #504 ) ) ;
#3758 = VERTEX_POINT ( 'NONE', #3605 ) ;
#3759 = PLANE ( 'NONE',  #1502 ) ;
#3760 = CARTESIAN_POINT ( 'NONE',  ( -1.004584529893781442, 1.149999999999999911, 0.8392932168146247651 ) ) ;
#3761 = FILL_AREA_STYLE ('',( #1994 ) ) ;
#3762 = VERTEX_POINT ( 'NONE', #1735 ) ;
#3763 = CARTESIAN_POINT ( 'NONE',  ( -1.450000000000000178, 0.000000000000000000, -1.249999999999999778 ) ) ;
#3764 = CARTESIAN_POINT ( 'NONE',  ( -1.350000000000000311, 1.149999999999999689, 1.199999999999999734 ) ) ;
#3765 = EDGE_CURVE ( 'NONE', #4654, #3241, #4326, .T. ) ;
#3766 = VERTEX_POINT ( 'NONE', #3574 ) ;
#3767 = DIRECTION ( 'NONE',  ( 0.000000000000000000, 0.000000000000000000, 1.000000000000000000 ) ) ;
#3768 = EDGE_LOOP ( 'NONE', ( #2252, #1107, #490, #501 ) ) ;
#3769 = ADVANCED_FACE ( 'NONE', ( #3968 ), #3201, .T. ) ;
#3770 = CARTESIAN_POINT ( 'NONE',  ( -1.350000000000000311, 1.149999999999999911, -0.9999999999999997780 ) ) ;
#3771 = FACE_OUTER_BOUND ( 'NONE', #4176, .T. ) ;
#3772 = CARTESIAN_POINT ( 'NONE',  ( 1.500000000000000666, 1.149999999999999689, -1.000000000000000000 ) ) ;
#3773 = ORIENTED_EDGE ( 'NONE', *, *, #235, .T. ) ;
#3774 = PLANE ( 'NONE',  #3893 ) ;
#3775 = DIRECTION ( 'NONE',  ( 0.000000000000000000, 0.000000000000000000, -1.000000000000000000 ) ) ;
#3776 = VECTOR ( 'NONE', #3749, 1000.000000000000000 ) ;
#3777 = VERTEX_POINT ( 'NONE', #2837 ) ;
#3778 = ORIENTED_EDGE ( 'NONE', *, *, #3206, .T. ) ;
#3779 = CARTESIAN_POINT ( 'NONE',  ( -1.350000000000000311, 1.149999999999999911, 1.099999999999999645 ) ) ;
#3780 = LINE ( 'NONE', #4179, #1307 ) ;
#3781 = VERTEX_POINT ( 'NONE', #4307 ) ;
#3782 = CARTESIAN_POINT ( 'NONE',  ( -0.6000000000000009770, 0.000000000000000000, -0.4999999999999997780 ) ) ;
#3783 = EDGE_CURVE ( 'NONE', #1619, #1774, #2053, .T. ) ;
#3784 = ORIENTED_EDGE ( 'NONE', *, *, #4028, .F. ) ;
#3785 = EDGE_CURVE ( 'NONE', #231, #844, #2472, .T. ) ;
#3786 = AXIS2_PLACEMENT_3D ( 'NONE', #1805, #3265, #12 ) ;
#3787 = DIRECTION ( 'NONE',  ( 0.000000000000000000, 1.000000000000000000, 0.000000000000000000 ) ) ;
#3788 = EDGE_CURVE ( 'NONE', #4451, #4702, #4327, .T. ) ;
#3789 = CARTESIAN_POINT ( 'NONE',  ( 0.000000000000000000, 0.9999999999999997780, -1.249999999999999778 ) ) ;
#3790 = EDGE_LOOP ( 'NONE', ( #3558, #4003, #1553, #2995, #2126, #325, #4301, #948, #4469 ) ) ;
#3791 = CARTESIAN_POINT ( 'NONE',  ( 1.600000000000000089, 0.000000000000000000, 1.099999999999999867 ) ) ;
#3792 = CIRCLE ( 'NONE', #4188, 0.05000000000000858619 ) ;
#3793 = DIRECTION ( 'NONE',  ( 1.000000000000000000, 0.000000000000000000, 0.000000000000000000 ) ) ;
#3794 = ADVANCED_FACE ( 'NONE', ( #2884 ), #959, .F. ) ;
#3795 = CIRCLE ( 'NONE', #89, 0.1499999999999990785 ) ;
#3796 = EDGE_LOOP ( 'NONE', ( #3033, #2298, #1127, #4387 ) ) ;
#3797 = AXIS2_PLACEMENT_3D ( 'NONE', #3022, #2653, #4128 ) ;
#3798 = DIRECTION ( 'NONE',  ( -0.000000000000000000, -1.000000000000000000, 0.000000000000000000 ) ) ;
#3799 = DIRECTION ( 'NONE',  ( -0.000000000000000000, -1.000000000000000000, -0.000000000000000000 ) ) ;
#3800 = FACE_OUTER_BOUND ( 'NONE', #1068, .T. ) ;
#3801 = ORIENTED_EDGE ( 'NONE', *, *, #4260, .T. ) ;
#3802 = CYLINDRICAL_SURFACE ( 'NONE', #3233, 0.2500000000000000000 ) ;
#3803 = CARTESIAN_POINT ( 'NONE',  ( 1.600000000000000089, 0.9999999999999997780, -1.099999999999999867 ) ) ;
#3804 = ORIENTED_EDGE ( 'NONE', *, *, #1336, .F. ) ;
#3805 = FACE_OUTER_BOUND ( 'NONE', #4612, .T. ) ;
#3806 = PRESENTATION_STYLE_ASSIGNMENT (( #1629 ) ) ;
#3807 = ORIENTED_EDGE ( 'NONE', *, *, #1594, .T. ) ;
#3808 = CARTESIAN_POINT ( 'NONE',  ( -1.350000000000000311, 1.149999999999999689, 1.199999999999999734 ) ) ;
#3809 = VECTOR ( 'NONE', #3141, 1000.000000000000000 ) ;
#3810 = DIRECTION ( 'NONE',  ( 0.000000000000000000, 0.000000000000000000, 1.000000000000000000 ) ) ;
#3811 = VERTEX_POINT ( 'NONE', #3507 ) ;
#3812 = CARTESIAN_POINT ( 'NONE',  ( 1.350000000000000089, 1.750000000000001332, -1.249999999999999778 ) ) ;
#3813 = CARTESIAN_POINT ( 'NONE',  ( -1.600000000000000089, 1.750000000000001332, 1.249999999999999778 ) ) ;
#3814 = ORIENTED_EDGE ( 'NONE', *, *, #3524, .F. ) ;
#3815 = EDGE_CURVE ( 'NONE', #4456, #2082, #1689, .T. ) ;
#3816 = AXIS2_PLACEMENT_3D ( 'NONE', #1558, #1530, #470 ) ;
#3817 = DIRECTION ( 'NONE',  ( 1.000000000000000000, 0.000000000000000000, 0.000000000000000000 ) ) ;
#3818 = VECTOR ( 'NONE', #4218, 1000.000000000000000 ) ;
#3819 = ORIENTED_EDGE ( 'NONE', *, *, #3155, .F. ) ;
#3820 = VECTOR ( 'NONE', #132, 1000.000000000000000 ) ;
#3821 = EDGE_CURVE ( 'NONE', #1774, #1043, #71, .T. ) ;
#3822 = AXIS2_PLACEMENT_3D ( 'NONE', #981, #215, #1345 ) ;
#3823 = DIRECTION ( 'NONE',  ( -0.000000000000000000, -1.000000000000000000, -0.000000000000000000 ) ) ;
#3824 = LINE ( 'NONE', #877, #3950 ) ;
#3825 = DIRECTION ( 'NONE',  ( 1.000000000000000000, 0.000000000000000000, 0.000000000000000000 ) ) ;
#3826 = ORIENTED_EDGE ( 'NONE', *, *, #600, .F. ) ;
#3827 = LINE ( 'NONE', #4558, #735 ) ;
#3828 = CIRCLE ( 'NONE', #3052, 0.1499999999999999667 ) ;
#3829 = DIRECTION ( 'NONE',  ( 0.000000000000000000, 0.000000000000000000, -1.000000000000000000 ) ) ;
#3830 = EDGE_CURVE ( 'NONE', #3569, #4074, #740, .T. ) ;
#3831 = ORIENTED_EDGE ( 'NONE', *, *, #3815, .T. ) ;
#3832 = CARTESIAN_POINT ( 'NONE',  ( 1.600000000000000089, 0.9999999999999997780, 1.249999999999999778 ) ) ;
#3833 = ORIENTED_EDGE ( 'NONE', *, *, #4547, .T. ) ;
#3834 = AXIS2_PLACEMENT_3D ( 'NONE', #1748, #1647, #2380 ) ;
#3835 = ORIENTED_EDGE ( 'NONE', *, *, #1105, .F. ) ;
#3836 = PRESENTATION_LAYER_ASSIGNMENT (  '', '', ( #573 ) ) ;
#3837 = DIRECTION ( 'NONE',  ( 0.000000000000000000, 0.000000000000000000, 1.000000000000000000 ) ) ;
#3838 = CIRCLE ( 'NONE', #2301, 0.1000000000000000472 ) ;
#3839 = ORIENTED_EDGE ( 'NONE', *, *, #4359, .F. ) ;
#3840 = DIRECTION ( 'NONE',  ( -0.7071067811865479058, 0.000000000000000000, -0.7071067811865472397 ) ) ;
#3841 = PLANE ( 'NONE',  #3598 ) ;
#3842 = CYLINDRICAL_SURFACE ( 'NONE', #4298, 0.2500000000000000000 ) ;
#3843 = CARTESIAN_POINT ( 'NONE',  ( -1.600000000000000089, 0.9999999999999997780, 0.5750000000000083933 ) ) ;
#3844 = LINE ( 'NONE', #2099, #2869 ) ;
#3845 = ORIENTED_EDGE ( 'NONE', *, *, #1939, .F. ) ;
#3846 = EDGE_CURVE ( 'NONE', #229, #1569, #3618, .T. ) ;
#3847 = DIRECTION ( 'NONE',  ( -0.000000000000000000, -1.000000000000000000, -0.000000000000000000 ) ) ;
#3848 = CARTESIAN_POINT ( 'NONE',  ( -1.549999999999991385, 0.9999999999999997780, 0.000000000000000000 ) ) ;
#3849 = CARTESIAN_POINT ( 'NONE',  ( 1.350000000000000311, 1.099999999999999867, -1.000000000000000000 ) ) ;
#3850 = ADVANCED_FACE ( 'NONE', ( #2485 ), #4292, .T. ) ;
#3851 = ORIENTED_EDGE ( 'NONE', *, *, #1113, .T. ) ;
#3852 = ORIENTED_EDGE ( 'NONE', *, *, #4042, .T. ) ;
#3853 = FACE_OUTER_BOUND ( 'NONE', #3607, .T. ) ;
#3854 = EDGE_CURVE ( 'NONE', #2707, #3894, #830, .T. ) ;
#3855 = EDGE_LOOP ( 'NONE', ( #1927, #326, #1143, #139 ) ) ;
#3856 = LINE ( 'NONE', #586, #2083 ) ;
#3857 = VERTEX_POINT ( 'NONE', #4673 ) ;
#3858 = CARTESIAN_POINT ( 'NONE',  ( 1.350000000000000311, 0.9999999999999997780, -1.099999999999999867 ) ) ;
#3859 = DIRECTION ( 'NONE',  ( -0.000000000000000000, -1.000000000000000000, -0.000000000000000000 ) ) ;
#3860 = DIRECTION ( 'NONE',  ( 0.000000000000000000, 0.000000000000000000, 1.000000000000000000 ) ) ;
#3861 = FACE_OUTER_BOUND ( 'NONE', #3406, .T. ) ;
#3862 = CYLINDRICAL_SURFACE ( 'NONE', #3190, 0.1999999999999998723 ) ;
#3863 = DIRECTION ( 'NONE',  ( -0.000000000000000000, -1.000000000000000000, -0.000000000000000000 ) ) ;
#3864 = AXIS2_PLACEMENT_3D ( 'NONE', #2304, #872, #4551 ) ;
#3865 = DIRECTION ( 'NONE',  ( -1.000000000000000000, -0.000000000000000000, -0.000000000000000000 ) ) ;
#3866 = VERTEX_POINT ( 'NONE', #1782 ) ;
#3867 = DIRECTION ( 'NONE',  ( 1.000000000000000000, 0.000000000000000000, 0.000000000000000000 ) ) ;
#3868 = LINE ( 'NONE', #3235, #3484 ) ;
#3869 = VECTOR ( 'NONE', #1638, 1000.000000000000000 ) ;
#3870 = CIRCLE ( 'NONE', #2258, 0.04999999999999991257 ) ;
#3871 = CARTESIAN_POINT ( 'NONE',  ( -1.600000000000000311, 1.750000000000001332, -1.249999999999999778 ) ) ;
#3872 = ORIENTED_EDGE ( 'NONE', *, *, #94, .F. ) ;
#3873 = ADVANCED_FACE ( 'NONE', ( #3240 ), #4701, .T. ) ;
#3874 = ADVANCED_FACE ( 'NONE', ( #2512 ), #372, .T. ) ;
#3875 = CIRCLE ( 'NONE', #2643, 0.1499999999999990785 ) ;
#3876 = ORIENTED_EDGE ( 'NONE', *, *, #1566, .T. ) ;
#3877 = CARTESIAN_POINT ( 'NONE',  ( 1.600000000000008749, 0.000000000000000000, 0.3250000000000000111 ) ) ;
#3878 = DIRECTION ( 'NONE',  ( 0.000000000000000000, 1.000000000000000000, -0.000000000000000000 ) ) ;
#3879 = ORIENTED_EDGE ( 'NONE', *, *, #2016, .T. ) ;
#3880 = DIRECTION ( 'NONE',  ( 0.000000000000000000, -1.000000000000000000, 0.000000000000000000 ) ) ;
#3881 = ORIENTED_EDGE ( 'NONE', *, *, #320, .T. ) ;
#3882 = EDGE_CURVE ( 'NONE', #4582, #4168, #4409, .T. ) ;
#3883 = ORIENTED_EDGE ( 'NONE', *, *, #1815, .F. ) ;
#3884 = DIRECTION ( 'NONE',  ( -1.000000000000000000, 0.000000000000000000, 0.000000000000000000 ) ) ;
#3885 = CARTESIAN_POINT ( 'NONE',  ( 1.350000000000000311, 1.199999999999999956, -1.000000000000000000 ) ) ;
#3886 = PLANE ( 'NONE',  #244 ) ;
#3887 = DIRECTION ( 'NONE',  ( 0.000000000000000000, 0.000000000000000000, 1.000000000000000000 ) ) ;
#3888 = EDGE_CURVE ( 'NONE', #2976, #1504, #3603, .T. ) ;
#3889 = DIRECTION ( 'NONE',  ( 0.000000000000000000, 0.000000000000000000, -1.000000000000000000 ) ) ;
#3890 = VERTEX_POINT ( 'NONE', #3335 ) ;
#3891 =( NAMED_UNIT ( * ) SI_UNIT ( $, .STERADIAN. ) SOLID_ANGLE_UNIT ( ) );
#3892 = CARTESIAN_POINT ( 'NONE',  ( -1.600000000000000089, 0.000000000000000000, -0.000000000000000000 ) ) ;
#3893 = AXIS2_PLACEMENT_3D ( 'NONE', #247, #199, #2284 ) ;
#3894 = VERTEX_POINT ( 'NONE', #1130 ) ;
#3895 = CYLINDRICAL_SURFACE ( 'NONE', #816, 0.2500000000000000000 ) ;
#3896 = AXIS2_PLACEMENT_3D ( 'NONE', #3503, #630, #3527 ) ;
#3897 = ORIENTED_EDGE ( 'NONE', *, *, #1658, .T. ) ;
#3898 = ADVANCED_FACE ( 'NONE', ( #2243 ), #60, .T. ) ;
#3899 = CARTESIAN_POINT ( 'NONE',  ( 1.549999999999991385, 0.9999999999999997780, -0.5249999999999999112 ) ) ;
#3900 = EDGE_CURVE ( 'NONE', #3725, #696, #4050, .T. ) ;
#3901 = AXIS2_PLACEMENT_3D ( 'NONE', #1301, #162, #188 ) ;
#3902 = LINE ( 'NONE', #622, #3226 ) ;
#3903 = VERTEX_POINT ( 'NONE', #786 ) ;
#3904 = DIRECTION ( 'NONE',  ( -0.000000000000000000, -1.000000000000000000, -0.000000000000000000 ) ) ;
#3905 = AXIS2_PLACEMENT_3D ( 'NONE', #1533, #208, #2699 ) ;
#3906 = EDGE_LOOP ( 'NONE', ( #209, #497, #103, #1728, #2184, #1747 ) ) ;
#3907 = VERTEX_POINT ( 'NONE', #809 ) ;
#3908 = CARTESIAN_POINT ( 'NONE',  ( -1.004584529893781442, 1.149999999999999911, 0.6868262879948838773 ) ) ;
#3909 = CARTESIAN_POINT ( 'NONE',  ( 1.600000000000000089, 1.750000000000001332, 1.249999999999999778 ) ) ;
#3910 = FILL_AREA_STYLE_COLOUR ( '', #649 ) ;
#3911 = ADVANCED_FACE ( 'NONE', ( #2226 ), #3684, .F. ) ;
#3912 = MECHANICAL_DESIGN_GEOMETRIC_PRESENTATION_REPRESENTATION (  '', ( #1238 ), #3381 ) ;
#3913 = CIRCLE ( 'NONE', #4306, 0.2500000000000000000 ) ;
#3914 = EDGE_CURVE ( 'NONE', #3209, #3409, #4467, .T. ) ;
#3915 = VERTEX_POINT ( 'NONE', #2967 ) ;
#3916 = CARTESIAN_POINT ( 'NONE',  ( 1.500000000000000000, 0.4999999999999997780, 1.020871215252207698 ) ) ;
#3917 = CARTESIAN_POINT ( 'NONE',  ( -1.350000000000000311, 1.149999999999999689, 1.099999999999999645 ) ) ;
#3918 = ORIENTED_EDGE ( 'NONE', *, *, #3269, .T. ) ;
#3919 = DIRECTION ( 'NONE',  ( 0.000000000000000000, 0.000000000000000000, 1.000000000000000000 ) ) ;
#3920 = EDGE_LOOP ( 'NONE', ( #1171, #4283, #2408, #533 ) ) ;
#3921 = DIRECTION ( 'NONE',  ( 0.000000000000000000, -1.000000000000000000, 0.000000000000000000 ) ) ;
#3922 = DIRECTION ( 'NONE',  ( 1.000000000000000000, 0.000000000000000000, 0.000000000000000000 ) ) ;
#3923 = ORIENTED_EDGE ( 'NONE', *, *, #2239, .F. ) ;
#3924 = DIRECTION ( 'NONE',  ( 0.000000000000000000, -0.000000000000000000, 1.000000000000000000 ) ) ;
#3925 = ORIENTED_EDGE ( 'NONE', *, *, #725, .T. ) ;
#3926 = SURFACE_STYLE_USAGE ( .BOTH. , #3523 ) ;
#3927 = CARTESIAN_POINT ( 'NONE',  ( -1.004584529893781442, 1.149999999999999911, 0.5343593591751429894 ) ) ;
#3928 = DIRECTION ( 'NONE',  ( 0.000000000000000000, 0.000000000000000000, -1.000000000000000000 ) ) ;
#3929 = EDGE_LOOP ( 'NONE', ( #4288, #3393, #4667, #2213, #1180, #3261, #4438, #3436 ) ) ;
#3930 = CARTESIAN_POINT ( 'NONE',  ( 0.6000000000000000888, 0.4999999999999998890, -1.149999999999999689 ) ) ;
#3931 = CARTESIAN_POINT ( 'NONE',  ( -1.500000000000000000, 0.000000000000000000, -0.4999999999999997780 ) ) ;
#3932 = CARTESIAN_POINT ( 'NONE',  ( 1.550000000000000488, 1.099999999999999867, -1.000000000000000000 ) ) ;
#3933 = CARTESIAN_POINT ( 'NONE',  ( 1.450000000000000400, 1.149999999999999689, 0.9999999999999995559 ) ) ;
#3934 = VECTOR ( 'NONE', #697, 1000.000000000000000 ) ;
#3935 = EDGE_CURVE ( 'NONE', #3467, #2131, #84, .T. ) ;
#3936 = EDGE_CURVE ( 'NONE', #3758, #1838, #500, .T. ) ;
#3937 = DIRECTION ( 'NONE',  ( -1.000000000000000000, 0.000000000000000000, -0.000000000000000000 ) ) ;
#3938 = DIRECTION ( 'NONE',  ( 1.084202172485504804E-16, -0.000000000000000000, 1.000000000000000000 ) ) ;
#3939 = ORIENTED_EDGE ( 'NONE', *, *, #4260, .F. ) ;
#3940 =( NAMED_UNIT ( * ) SI_UNIT ( $, .STERADIAN. ) SOLID_ANGLE_UNIT ( ) );
#3941 = EDGE_CURVE ( 'NONE', #1540, #3777, #2601, .T. ) ;
#3942 = DIRECTION ( 'NONE',  ( 0.000000000000000000, 0.000000000000000000, 1.000000000000000000 ) ) ;
#3943 = DIRECTION ( 'NONE',  ( 0.000000000000000000, 0.000000000000000000, 1.000000000000000000 ) ) ;
#3944 = VECTOR ( 'NONE', #2, 1000.000000000000000 ) ;
#3945 = CIRCLE ( 'NONE', #159, 0.1499999999999999667 ) ;
#3946 = ORIENTED_EDGE ( 'NONE', *, *, #4005, .F. ) ;
#3947 = DIRECTION ( 'NONE',  ( 0.000000000000000000, 0.000000000000000000, 1.000000000000000000 ) ) ;
#3948 = CIRCLE ( 'NONE', #395, 0.2499999999999997780 ) ;
#3949 = EDGE_CURVE ( 'NONE', #1089, #904, #1176, .T. ) ;
#3950 = VECTOR ( 'NONE', #2307, 1000.000000000000000 ) ;
#3951 = ORIENTED_EDGE ( 'NONE', *, *, #80, .T. ) ;
#3952 = CARTESIAN_POINT ( 'NONE',  ( 1.500000000000000000, 0.4999999999999997780, -0.4999999999999997780 ) ) ;
#3953 = DIRECTION ( 'NONE',  ( 0.000000000000000000, 0.000000000000000000, -1.000000000000000000 ) ) ;
#3954 = CARTESIAN_POINT ( 'NONE',  ( -0.6000000000000000888, 1.750000000000001332, 1.149999999999999689 ) ) ;
#3955 = CARTESIAN_POINT ( 'NONE',  ( 1.350000000000000311, 1.149999999999999911, 0.9999999999999995559 ) ) ;
#3956 = ORIENTED_EDGE ( 'NONE', *, *, #4186, .F. ) ;
#3957 =( NAMED_UNIT ( * ) PLANE_ANGLE_UNIT ( ) SI_UNIT ( $, .RADIAN. ) );
#3958 = VERTEX_POINT ( 'NONE', #3355 ) ;
#3959 = VECTOR ( 'NONE', #755, 1000.000000000000000 ) ;
#3960 = VECTOR ( 'NONE', #1261, 1000.000000000000000 ) ;
#3961 = LINE ( 'NONE', #3595, #2368 ) ;
#3962 = DIRECTION ( 'NONE',  ( -0.000000000000000000, -1.000000000000000000, -0.000000000000000000 ) ) ;
#3963 = ORIENTED_EDGE ( 'NONE', *, *, #4217, .F. ) ;
#3964 = DIRECTION ( 'NONE',  ( 0.000000000000000000, 0.000000000000000000, -1.000000000000000000 ) ) ;
#3965 = DIRECTION ( 'NONE',  ( 0.000000000000000000, -0.000000000000000000, 1.000000000000000000 ) ) ;
#3966 = LINE ( 'NONE', #22, #4574 ) ;
#3967 = EDGE_LOOP ( 'NONE', ( #3951, #3430, #1266, #2940 ) ) ;
#3968 = FACE_OUTER_BOUND ( 'NONE', #3585, .T. ) ;
#3969 = SURFACE_STYLE_FILL_AREA ( #4399 ) ;
#3970 = MANIFOLD_SOLID_BREP ( 'Pad[4]', #3976 ) ;
#3971 = ADVANCED_FACE ( 'NONE', ( #364 ), #2622, .F. ) ;
#3972 = EDGE_CURVE ( 'NONE', #3368, #58, #1471, .T. ) ;
#3973 = VERTEX_POINT ( 'NONE', #1399 ) ;
#3974 = DIRECTION ( 'NONE',  ( 1.000000000000000000, 0.000000000000000000, -0.000000000000000000 ) ) ;
#3975 = DIRECTION ( 'NONE',  ( -0.000000000000000000, -1.000000000000000000, -0.000000000000000000 ) ) ;
#3976 = CLOSED_SHELL ( 'NONE', ( #727, #2561, #4444, #3874, #234, #2270, #3157, #1191, #4643, #340, #1424 ) ) ;
#3977 = EDGE_LOOP ( 'NONE', ( #1964, #700, #3351, #1298 ) ) ;
#3978 = EDGE_CURVE ( 'NONE', #1858, #229, #4044, .T. ) ;
#3979 = VECTOR ( 'NONE', #1668, 1000.000000000000000 ) ;
#3980 = ORIENTED_EDGE ( 'NONE', *, *, #4006, .F. ) ;
#3981 = DIRECTION ( 'NONE',  ( 0.000000000000000000, -1.000000000000000000, 0.000000000000000000 ) ) ;
#3982 = CARTESIAN_POINT ( 'NONE',  ( -1.600000000000008749, 0.9999999999999997780, 0.5249999999999999112 ) ) ;
#3983 = ORIENTED_EDGE ( 'NONE', *, *, #1282, .T. ) ;
#3984 = APPLICATION_PROTOCOL_DEFINITION ( 'draft international standard', 'automotive_design', 1998, #2901 ) ;
#3985 = AXIS2_PLACEMENT_3D ( 'NONE', #2181, #2833, #2856 ) ;
#3986 = EDGE_CURVE ( 'NONE', #385, #1316, #339, .T. ) ;
#3987 = CARTESIAN_POINT ( 'NONE',  ( 1.600000000000000089, 0.9999999999999997780, 0.000000000000000000 ) ) ;
#3988 = CARTESIAN_POINT ( 'NONE',  ( -1.600000000000000311, 0.4999999999999997780, -0.9999999999999997780 ) ) ;
#3989 = FACE_OUTER_BOUND ( 'NONE', #3492, .T. ) ;
#3990 = EDGE_LOOP ( 'NONE', ( #226, #4378, #953, #4339 ) ) ;
#3991 = CARTESIAN_POINT ( 'NONE',  ( -1.549999999999991385, 0.9999999999999997780, -0.3250000000000000111 ) ) ;
#3992 = AXIS2_PLACEMENT_3D ( 'NONE', #741, #1445, #409 ) ;
#3993 = DIRECTION ( 'NONE',  ( 0.000000000000000000, -1.000000000000000000, 0.000000000000000000 ) ) ;
#3994 = CARTESIAN_POINT ( 'NONE',  ( -1.500000000000000000, 0.000000000000000000, -1.020871215252207698 ) ) ;
#3995 = VECTOR ( 'NONE', #4391, 1000.000000000000000 ) ;
#3996 =( GEOMETRIC_REPRESENTATION_CONTEXT ( 3 ) GLOBAL_UNCERTAINTY_ASSIGNED_CONTEXT ( ( #2951 ) ) GLOBAL_UNIT_ASSIGNED_CONTEXT ( ( #4703, #2559, #2178 ) ) REPRESENTATION_CONTEXT ( 'NONE', 'WORKASPACE' ) );
#3997 = CARTESIAN_POINT ( 'NONE',  ( 1.600000000000000089, 0.000000000000000000, 1.249999999999999778 ) ) ;
#3998 = CARTESIAN_POINT ( 'NONE',  ( 1.350000000000000311, 1.149999999999999689, -1.000000000000000000 ) ) ;
#3999 = ORIENTED_EDGE ( 'NONE', *, *, #1646, .T. ) ;
#4000 = CIRCLE ( 'NONE', #3532, 0.1499999999999999667 ) ;
#4001 = CARTESIAN_POINT ( 'NONE',  ( -1.600000000000000089, 0.000000000000000000, 1.099999999999999867 ) ) ;
#4002 = LINE ( 'NONE', #2983, #4100 ) ;
#4003 = ORIENTED_EDGE ( 'NONE', *, *, #3914, .F. ) ;
#4004 = CARTESIAN_POINT ( 'NONE',  ( 1.350000000000000089, 0.4999999999999998890, -1.249999999999999778 ) ) ;
#4005 = EDGE_CURVE ( 'NONE', #2695, #2751, #4535, .T. ) ;
#4006 = EDGE_CURVE ( 'NONE', #3700, #432, #2527, .T. ) ;
#4007 = ORIENTED_EDGE ( 'NONE', *, *, #1343, .F. ) ;
#4008 = LINE ( 'NONE', #1459, #2118 ) ;
#4009 = EDGE_CURVE ( 'NONE', #1043, #1913, #3349, .T. ) ;
#4010 = CARTESIAN_POINT ( 'NONE',  ( -1.600000000000008749, 0.000000000000000000, 0.3249999999999998446 ) ) ;
#4011 = VERTEX_POINT ( 'NONE', #3324 ) ;
#4012 = DIRECTION ( 'NONE',  ( 0.000000000000000000, 0.000000000000000000, -1.000000000000000000 ) ) ;
#4013 = LINE ( 'NONE', #679, #945 ) ;
#4014 =( LENGTH_UNIT ( ) NAMED_UNIT ( * ) SI_UNIT ( .MILLI., .METRE. ) );
#4015 = EDGE_LOOP ( 'NONE', ( #511, #752, #732, #3697 ) ) ;
#4016 = ADVANCED_FACE ( 'NONE', ( #3771 ), #846, .T. ) ;
#4017 = DIRECTION ( 'NONE',  ( 0.000000000000000000, 0.000000000000000000, -1.000000000000000000 ) ) ;
#4018 = CARTESIAN_POINT ( 'NONE',  ( 0.6000000000000000888, 0.4999999999999997780, -1.149999999999999689 ) ) ;
#4019 = CYLINDRICAL_SURFACE ( 'NONE', #2525, 0.2500000000000002220 ) ;
#4020 = ORIENTED_EDGE ( 'NONE', *, *, #2337, .F. ) ;
#4021 = CARTESIAN_POINT ( 'NONE',  ( 1.600000000000000089, 0.9999999999999997780, -0.2749999999999914180 ) ) ;
#4022 = CARTESIAN_POINT ( 'NONE',  ( -1.600000000000000089, 0.4999999999999998890, 1.099999999999999867 ) ) ;
#4023 = ORIENTED_EDGE ( 'NONE', *, *, #2433, .F. ) ;
#4024 = FACE_OUTER_BOUND ( 'NONE', #2558, .T. ) ;
#4025 = ORIENTED_EDGE ( 'NONE', *, *, #2480, .F. ) ;
#4026 = PLANE ( 'NONE',  #4190 ) ;
#4027 = ORIENTED_EDGE ( 'NONE', *, *, #1170, .T. ) ;
#4028 = EDGE_CURVE ( 'NONE', #3017, #1166, #2613, .T. ) ;
#4029 = PRESENTATION_STYLE_ASSIGNMENT (( #2851 ) ) ;
#4030 = AXIS2_PLACEMENT_3D ( 'NONE', #3471, #2058, #1670 ) ;
#4031 = DIRECTION ( 'NONE',  ( 0.000000000000000000, 1.000000000000000000, 0.000000000000000000 ) ) ;
#4032 = DIRECTION ( 'NONE',  ( -1.000000000000000000, 0.000000000000000000, -0.000000000000000000 ) ) ;
#4033 = VERTEX_POINT ( 'NONE', #3395 ) ;
#4034 = CARTESIAN_POINT ( 'NONE',  ( -0.6000000000000009770, 0.000000000000000000, -0.4999999999999997780 ) ) ;
#4035 = CYLINDRICAL_SURFACE ( 'NONE', #782, 0.1000000000000000472 ) ;
#4036 = DIRECTION ( 'NONE',  ( 0.000000000000000000, 0.000000000000000000, 1.000000000000000000 ) ) ;
#4037 = ORIENTED_EDGE ( 'NONE', *, *, #1593, .F. ) ;
#4038 = VECTOR ( 'NONE', #1907, 1000.000000000000000 ) ;
#4039 = EDGE_CURVE ( 'NONE', #2504, #1044, #2635, .T. ) ;
#4040 = LINE ( 'NONE', #2522, #3517 ) ;
#4041 = EDGE_LOOP ( 'NONE', ( #3582, #306, #4505, #3403, #4397, #4586, #2795, #1281, #2361 ) ) ;
#4042 = EDGE_CURVE ( 'NONE', #888, #1634, #1776, .T. ) ;
#4043 = PLANE ( 'NONE',  #146 ) ;
#4044 = LINE ( 'NONE', #6, #2764 ) ;
#4045 = DIRECTION ( 'NONE',  ( -0.000000000000000000, 0.000000000000000000, -1.000000000000000000 ) ) ;
#4046 = AXIS2_PLACEMENT_3D ( 'NONE', #1411, #2874, #18 ) ;
#4047 = EDGE_LOOP ( 'NONE', ( #91, #1037, #520, #3021 ) ) ;
#4048 = FACE_OUTER_BOUND ( 'NONE', #3023, .T. ) ;
#4049 = ORIENTED_EDGE ( 'NONE', *, *, #1056, .F. ) ;
#4050 = LINE ( 'NONE', #3311, #2362 ) ;
#4051 = CIRCLE ( 'NONE', #1986, 0.1524669288197409156 ) ;
#4052 = ORIENTED_EDGE ( 'NONE', *, *, #1308, .F. ) ;
#4053 = ORIENTED_EDGE ( 'NONE', *, *, #1620, .F. ) ;
#4054 = CARTESIAN_POINT ( 'NONE',  ( 1.350000000000000089, 1.750000000000001332, 1.249999999999999778 ) ) ;
#4055 = DIRECTION ( 'NONE',  ( -0.000000000000000000, -0.000000000000000000, -1.000000000000000000 ) ) ;
#4056 = AXIS2_PLACEMENT_3D ( 'NONE', #2529, #3048, #3767 ) ;
#4057 =( LENGTH_UNIT ( ) NAMED_UNIT ( * ) SI_UNIT ( .MILLI., .METRE. ) );
#4058 = PRODUCT_DEFINITION_CONTEXT ( 'detailed design', #1283, 'design' ) ;
#4059 = AXIS2_PLACEMENT_3D ( 'NONE', #2996, #4470, #1179 ) ;
#4060 = ADVANCED_FACE ( 'NONE', ( #2278 ), #2659, .T. ) ;
#4061 = FACE_OUTER_BOUND ( 'NONE', #330, .T. ) ;
#4062 = VECTOR ( 'NONE', #3004, 1000.000000000000000 ) ;
#4063 = ORIENTED_EDGE ( 'NONE', *, *, #3535, .F. ) ;
#4064 = DIRECTION ( 'NONE',  ( -4.818676322157797375E-16, -0.000000000000000000, 1.000000000000000000 ) ) ;
#4065 = ADVANCED_FACE ( 'NONE', ( #1495 ), #4440, .T. ) ;
#4066 = PRESENTATION_LAYER_ASSIGNMENT (  '', '', ( #4534 ) ) ;
#4067 = MANIFOLD_SOLID_BREP ( 'Cap', #1598 ) ;
#4068 = ORIENTED_EDGE ( 'NONE', *, *, #2675, .T. ) ;
#4069 = DIRECTION ( 'NONE',  ( 2.502005013428087277E-15, -0.000000000000000000, -1.000000000000000000 ) ) ;
#4070 = CIRCLE ( 'NONE', #4153, 0.04999999999999991257 ) ;
#4071 = VERTEX_POINT ( 'NONE', #2760 ) ;
#4072 = LINE ( 'NONE', #2535, #910 ) ;
#4073 = CARTESIAN_POINT ( 'NONE',  ( 0.6000000000000001998, 1.750000000000001332, 0.4999999999999997780 ) ) ;
#4074 = VERTEX_POINT ( 'NONE', #3197 ) ;
#4075 = CARTESIAN_POINT ( 'NONE',  ( 1.600000000000000089, 0.9999999999999997780, -0.5750000000000083933 ) ) ;
#4076 = CARTESIAN_POINT ( 'NONE',  ( -0.6000000000000009770, 1.750000000000001332, -0.4999999999999997780 ) ) ;
#4077 = ORIENTED_EDGE ( 'NONE', *, *, #2956, .T. ) ;
#4078 = CARTESIAN_POINT ( 'NONE',  ( -1.350000000000000311, 0.9999999999999997780, -0.9999999999999997780 ) ) ;
#4079 = EDGE_LOOP ( 'NONE', ( #2596, #2648, #4052, #3219, #3833, #3633 ) ) ;
#4080 = CARTESIAN_POINT ( 'NONE',  ( 1.599999999999998312, 1.750000000000001332, -1.249999999999999778 ) ) ;
#4081 = PRESENTATION_STYLE_ASSIGNMENT (( #2961 ) ) ;
#4082 = ORIENTED_EDGE ( 'NONE', *, *, #436, .T. ) ;
#4083 = MANIFOLD_SOLID_BREP ( 'Pad[1]', #2817 ) ;
#4084 = ORIENTED_EDGE ( 'NONE', *, *, #3936, .F. ) ;
#4085 = ORIENTED_EDGE ( 'NONE', *, *, #2893, .F. ) ;
#4086 = EDGE_CURVE ( 'NONE', #3171, #3109, #1965, .T. ) ;
#4087 = EDGE_CURVE ( 'NONE', #1044, #65, #1940, .T. ) ;
#4088 = DIRECTION ( 'NONE',  ( -1.000000000000000000, 0.000000000000000000, 0.000000000000000000 ) ) ;
#4089 = CARTESIAN_POINT ( 'NONE',  ( 1.549999999999991385, 0.000000000000000000, 0.5249999999999999112 ) ) ;
#4090 = ORIENTED_EDGE ( 'NONE', *, *, #4645, .F. ) ;
#4091 = DIRECTION ( 'NONE',  ( -0.000000000000000000, 1.000000000000000000, 0.000000000000000000 ) ) ;
#4092 = EDGE_CURVE ( 'NONE', #4517, #3890, #2419, .T. ) ;
#4093 = EDGE_CURVE ( 'NONE', #3337, #442, #2681, .T. ) ;
#4094 = ORIENTED_EDGE ( 'NONE', *, *, #1244, .F. ) ;
#4095 = DIRECTION ( 'NONE',  ( 0.000000000000000000, 0.000000000000000000, 1.000000000000000000 ) ) ;
#4096 = DIRECTION ( 'NONE',  ( -1.000000000000000000, 0.000000000000000000, 0.000000000000000000 ) ) ;
#4097 = FILL_AREA_STYLE_COLOUR ( '', #2840 ) ;
#4098 = ORIENTED_EDGE ( 'NONE', *, *, #633, .T. ) ;
#4099 = ADVANCED_FACE ( 'NONE', ( #298 ), #2846, .F. ) ;
#4100 = VECTOR ( 'NONE', #1827, 1000.000000000000000 ) ;
#4101 = ORIENTED_EDGE ( 'NONE', *, *, #1754, .T. ) ;
#4102 = CARTESIAN_POINT ( 'NONE',  ( 1.600000000000000089, 0.000000000000000000, 1.249999999999999778 ) ) ;
#4103 = CARTESIAN_POINT ( 'NONE',  ( -1.600000000000000089, 0.000000000000000000, -1.099999999999999867 ) ) ;
#4104 = VERTEX_POINT ( 'NONE', #1932 ) ;
#4105 = ORIENTED_EDGE ( 'NONE', *, *, #3066, .F. ) ;
#4106 = CARTESIAN_POINT ( 'NONE',  ( -0.8000000000000000444, 0.000000000000000000, 0.4999999999999997780 ) ) ;
#4107 = ORIENTED_EDGE ( 'NONE', *, *, #660, .T. ) ;
#4108 = EDGE_LOOP ( 'NONE', ( #2386, #4649 ) ) ;
#4109 = AXIS2_PLACEMENT_3D ( 'NONE', #1429, #4432, #2593 ) ;
#4110 = DIRECTION ( 'NONE',  ( 0.000000000000000000, 0.000000000000000000, 1.000000000000000000 ) ) ;
#4111 = ADVANCED_FACE ( 'NONE', ( #4121 ), #151, .T. ) ;
#4112 = CARTESIAN_POINT ( 'NONE',  ( -1.600000000000000311, 0.000000000000000000, -1.249999999999999778 ) ) ;
#4113 = ORIENTED_EDGE ( 'NONE', *, *, #3394, .T. ) ;
#4114 = CARTESIAN_POINT ( 'NONE',  ( 0.6000000000000000888, 0.4999999999999998890, -1.149999999999999689 ) ) ;
#4115 = ORIENTED_EDGE ( 'NONE', *, *, #2888, .F. ) ;
#4116 = DIRECTION ( 'NONE',  ( 0.000000000000000000, 0.000000000000000000, -1.000000000000000000 ) ) ;
#4117 = EDGE_CURVE ( 'NONE', #845, #2854, #4149, .T. ) ;
#4118 = ORIENTED_EDGE ( 'NONE', *, *, #2324, .F. ) ;
#4119 = AXIS2_PLACEMENT_3D ( 'NONE', #178, #578, #1701 ) ;
#4120 = CARTESIAN_POINT ( 'NONE',  ( 1.550000000000000266, 0.9999999999999997780, 0.9999999999999995559 ) ) ;
#4121 = FACE_OUTER_BOUND ( 'NONE', #3990, .T. ) ;
#4122 = EDGE_LOOP ( 'NONE', ( #3306, #249, #979, #3038 ) ) ;
#4123 = LINE ( 'NONE', #252, #3034 ) ;
#4124 = CARTESIAN_POINT ( 'NONE',  ( -1.350000000000000089, 0.4999999999999998890, 1.249999999999999778 ) ) ;
#4125 = EDGE_CURVE ( 'NONE', #1268, #473, #2652, .T. ) ;
#4126 = VERTEX_POINT ( 'NONE', #3763 ) ;
#4127 = CIRCLE ( 'NONE', #193, 0.1499999999999999667 ) ;
#4128 = DIRECTION ( 'NONE',  ( 0.000000000000000000, 0.000000000000000000, 1.000000000000000000 ) ) ;
#4129 = ORIENTED_EDGE ( 'NONE', *, *, #1246, .T. ) ;
#4130 = CIRCLE ( 'NONE', #2067, 0.1000000000000000472 ) ;
#4131 = LINE ( 'NONE', #30, #3055 ) ;
#4132 = DIRECTION ( 'NONE',  ( 0.000000000000000000, 0.000000000000000000, -1.000000000000000000 ) ) ;
#4133 = CARTESIAN_POINT ( 'NONE',  ( 1.600000000000008749, 0.9999999999999997780, -0.5249999999999999112 ) ) ;
#4134 = ORIENTED_EDGE ( 'NONE', *, *, #4087, .F. ) ;
#4135 = VECTOR ( 'NONE', #3665, 1000.000000000000000 ) ;
#4136 = DIRECTION ( 'NONE',  ( -0.000000000000000000, -1.000000000000000000, -0.000000000000000000 ) ) ;
#4137 = DIRECTION ( 'NONE',  ( 0.000000000000000000, 0.000000000000000000, -1.000000000000000000 ) ) ;
#4138 = DIRECTION ( 'NONE',  ( 0.000000000000000000, 0.000000000000000000, -1.000000000000000000 ) ) ;
#4139 = VECTOR ( 'NONE', #1422, 1000.000000000000000 ) ;
#4140 = VECTOR ( 'NONE', #3131, 1000.000000000000000 ) ;
#4141 = ORIENTED_EDGE ( 'NONE', *, *, #2506, .F. ) ;
#4142 = VECTOR ( 'NONE', #1903, 1000.000000000000000 ) ;
#4143 = VECTOR ( 'NONE', #621, 1000.000000000000000 ) ;
#4144 = CARTESIAN_POINT ( 'NONE',  ( 1.350000000000000311, 1.149999999999999689, 0.9999999999999995559 ) ) ;
#4145 = LINE ( 'NONE', #1552, #1894 ) ;
#4146 = CARTESIAN_POINT ( 'NONE',  ( -1.600000000000000311, 0.4999999999999997780, -1.249999999999999778 ) ) ;
#4147 = ORIENTED_EDGE ( 'NONE', *, *, #1247, .T. ) ;
#4148 = ADVANCED_FACE ( 'NONE', ( #160 ), #4156, .F. ) ;
#4149 = CIRCLE ( 'NONE', #3073, 0.1524669288197409156 ) ;
#4150 = EDGE_CURVE ( 'NONE', #1941, #172, #3309, .T. ) ;
#4151 = ORIENTED_EDGE ( 'NONE', *, *, #4117, .T. ) ;
#4152 = CARTESIAN_POINT ( 'NONE',  ( 1.600000000000000089, 1.750000000000001332, 1.099999999999999867 ) ) ;
#4153 = AXIS2_PLACEMENT_3D ( 'NONE', #3268, #3194, #2828 ) ;
#4154 = PLANE ( 'NONE',  #3296 ) ;
#4155 = VERTEX_POINT ( 'NONE', #885 ) ;
#4156 = PLANE ( 'NONE',  #3156 ) ;
#4157 = CARTESIAN_POINT ( 'NONE',  ( -0.8000000000000000444, 0.4999999999999997780, 0.4999999999999997780 ) ) ;
#4158 = ADVANCED_FACE ( 'NONE', ( #3431 ), #186, .T. ) ;
#4159 = VERTEX_POINT ( 'NONE', #3564 ) ;
#4160 = CYLINDRICAL_SURFACE ( 'NONE', #3901, 0.1499999999999999667 ) ;
#4161 = MANIFOLD_SOLID_BREP ( 'Housing ', #2897 ) ;
#4162 = FACE_OUTER_BOUND ( 'NONE', #878, .T. ) ;
#4163 = DIRECTION ( 'NONE',  ( 0.000000000000000000, 0.000000000000000000, -1.000000000000000000 ) ) ;
#4164 = ORIENTED_EDGE ( 'NONE', *, *, #1064, .T. ) ;
#4165 = STYLED_ITEM ( 'NONE', ( #4081 ), #4067 ) ;
#4166 = DIRECTION ( 'NONE',  ( 0.000000000000000000, 0.000000000000000000, 1.000000000000000000 ) ) ;
#4167 = MANIFOLD_SOLID_BREP ( 'Pad[3]', #1920 ) ;
#4168 = VERTEX_POINT ( 'NONE', #1344 ) ;
#4169 = CARTESIAN_POINT ( 'NONE',  ( -1.450000000000000400, 0.9999999999999997780, 0.9999999999999995559 ) ) ;
#4170 = PLANE ( 'NONE',  #4422 ) ;
#4171 = CIRCLE ( 'NONE', #4632, 0.1499999999999999667 ) ;
#4172 = DIRECTION ( 'NONE',  ( 1.000000000000000000, 0.000000000000000000, 0.000000000000000000 ) ) ;
#4173 = ORIENTED_EDGE ( 'NONE', *, *, #1448, .T. ) ;
#4174 = DIRECTION ( 'NONE',  ( -0.000000000000000000, -1.000000000000000000, -0.000000000000000000 ) ) ;
#4175 = LINE ( 'NONE', #3803, #3809 ) ;
#4176 = EDGE_LOOP ( 'NONE', ( #881, #11, #1589, #1178 ) ) ;
#4177 = DIRECTION ( 'NONE',  ( -0.000000000000000000, -1.000000000000000000, -0.000000000000000000 ) ) ;
#4178 = EDGE_CURVE ( 'NONE', #3398, #510, #3217, .T. ) ;
#4179 = CARTESIAN_POINT ( 'NONE',  ( 1.550000000000000488, 1.149999999999999689, -1.000000000000000000 ) ) ;
#4180 = VERTEX_POINT ( 'NONE', #3858 ) ;
#4181 = DIRECTION ( 'NONE',  ( 0.000000000000000000, 0.000000000000000000, 1.000000000000000000 ) ) ;
#4182 = DIRECTION ( 'NONE',  ( -1.000000000000000000, -0.000000000000000000, 0.000000000000000000 ) ) ;
#4183 = CARTESIAN_POINT ( 'NONE',  ( -0.5999999999999998668, 0.4999999999999997780, 0.6999999999999997335 ) ) ;
#4184 = CARTESIAN_POINT ( 'NONE',  ( -0.6000000000000000888, 0.000000000000000000, -1.149999999999999689 ) ) ;
#4185 = VERTEX_POINT ( 'NONE', #2044 ) ;
#4186 = EDGE_CURVE ( 'NONE', #3519, #130, #2453, .T. ) ;
#4187 = DIRECTION ( 'NONE',  ( -0.000000000000000000, -1.000000000000000000, -0.000000000000000000 ) ) ;
#4188 = AXIS2_PLACEMENT_3D ( 'NONE', #3650, #49, #73 ) ;
#4189 = DIRECTION ( 'NONE',  ( 0.000000000000000000, 0.000000000000000000, 1.000000000000000000 ) ) ;
#4190 = AXIS2_PLACEMENT_3D ( 'NONE', #2557, #4411, #3634 ) ;
#4191 = CARTESIAN_POINT ( 'NONE',  ( -1.350000000000000311, 1.149999999999999911, 0.9999999999999995559 ) ) ;
#4192 = EDGE_CURVE ( 'NONE', #2363, #3562, #3961, .T. ) ;
#4193 = ORIENTED_EDGE ( 'NONE', *, *, #410, .T. ) ;
#4194 = CIRCLE ( 'NONE', #2498, 0.2500000000000000000 ) ;
#4195 = CARTESIAN_POINT ( 'NONE',  ( 1.500000000000000666, 1.099999999999999867, -1.000000000000000000 ) ) ;
#4196 = CARTESIAN_POINT ( 'NONE',  ( -1.450000000000000400, 0.9999999999999997780, -0.9999999999999997780 ) ) ;
#4197 = CARTESIAN_POINT ( 'NONE',  ( 1.600000000000000089, 1.750000000000001332, 1.099999999999999867 ) ) ;
#4198 = EDGE_LOOP ( 'NONE', ( #367, #3879, #891, #3851, #2887, #1094, #1340, #3498, #2673, #177 ) ) ;
#4199 = DIRECTION ( 'NONE',  ( 0.000000000000000000, 0.000000000000000000, -1.000000000000000000 ) ) ;
#4200 = DIRECTION ( 'NONE',  ( 1.000000000000000000, -0.000000000000000000, -0.000000000000000000 ) ) ;
#4201 = ORIENTED_EDGE ( 'NONE', *, *, #4457, .T. ) ;
#4202 = CARTESIAN_POINT ( 'NONE',  ( -0.5999999999999998668, 0.4999999999999998890, 0.6999999999999997335 ) ) ;
#4203 = CARTESIAN_POINT ( 'NONE',  ( -1.600000000000000089, 0.000000000000000000, 0.2749999999999912514 ) ) ;
#4204 = CARTESIAN_POINT ( 'NONE',  ( -1.450000000000000400, 1.149999999999999689, 0.9999999999999995559 ) ) ;
#4205 = ORIENTED_EDGE ( 'NONE', *, *, #2637, .T. ) ;
#4206 = DIRECTION ( 'NONE',  ( -1.000000000000000000, 0.000000000000000000, 1.606225440719265874E-16 ) ) ;
#4207 = VERTEX_POINT ( 'NONE', #3244 ) ;
#4208 = EDGE_CURVE ( 'NONE', #1504, #449, #1506, .T. ) ;
#4209 = EDGE_LOOP ( 'NONE', ( #3453, #4488, #920, #4299 ) ) ;
#4210 = CARTESIAN_POINT ( 'NONE',  ( -1.600000000000000089, 0.4999999999999998890, 1.249999999999999778 ) ) ;
#4211 = CARTESIAN_POINT ( 'NONE',  ( 1.400000000000000355, 1.199999999999999956, -1.000000000000000000 ) ) ;
#4212 = VECTOR ( 'NONE', #1374, 1000.000000000000000 ) ;
#4213 = EDGE_CURVE ( 'NONE', #719, #4309, #789, .T. ) ;
#4214 = DIRECTION ( 'NONE',  ( 0.000000000000000000, 0.000000000000000000, -1.000000000000000000 ) ) ;
#4215 = ORIENTED_EDGE ( 'NONE', *, *, #3066, .T. ) ;
#4216 = AXIS2_PLACEMENT_3D ( 'NONE', #4334, #3715, #2954 ) ;
#4217 = EDGE_CURVE ( 'NONE', #516, #229, #2603, .T. ) ;
#4218 = DIRECTION ( 'NONE',  ( -1.000000000000000000, 0.000000000000000000, 0.000000000000000000 ) ) ;
#4219 = CARTESIAN_POINT ( 'NONE',  ( -0.6000000000000000888, 0.000000000000000000, 1.149999999999999689 ) ) ;
#4220 = CYLINDRICAL_SURFACE ( 'NONE', #1423, 0.2500000000000002220 ) ;
#4221 = VERTEX_POINT ( 'NONE', #3639 ) ;
#4222 = DIRECTION ( 'NONE',  ( 0.000000000000000000, 0.000000000000000000, 1.000000000000000000 ) ) ;
#4223 = VERTEX_POINT ( 'NONE', #4075 ) ;
#4224 = ORIENTED_EDGE ( 'NONE', *, *, #2255, .F. ) ;
#4225 = AXIS2_PLACEMENT_3D ( 'NONE', #4348, #1133, #402 ) ;
#4226 = DIRECTION ( 'NONE',  ( 0.000000000000000000, 0.000000000000000000, -1.000000000000000000 ) ) ;
#4227 = EDGE_LOOP ( 'NONE', ( #1704, #4343, #426, #1461, #969, #3748, #4636, #1811, #2936 ) ) ;
#4228 = COLOUR_RGB ( '',0.7960784313725489669, 0.8235294117647058432, 0.9372549019607843146 ) ;
#4229 = FACE_OUTER_BOUND ( 'NONE', #4198, .T. ) ;
#4230 = CIRCLE ( 'NONE', #4616, 0.05000000000000858619 ) ;
#4231 = ORIENTED_EDGE ( 'NONE', *, *, #713, .F. ) ;
#4232 = FACE_OUTER_BOUND ( 'NONE', #3790, .T. ) ;
#4233 = CARTESIAN_POINT ( 'NONE',  ( 1.500000000000000222, 1.149999999999999689, 0.9999999999999995559 ) ) ;
#4234 = PLANE ( 'NONE',  #45 ) ;
#4235 = DIRECTION ( 'NONE',  ( 0.000000000000000000, -1.000000000000000000, 0.000000000000000000 ) ) ;
#4236 = DIRECTION ( 'NONE',  ( -0.000000000000000000, -1.000000000000000000, -0.000000000000000000 ) ) ;
#4237 = EDGE_CURVE ( 'NONE', #707, #562, #2228, .T. ) ;
#4238 = EDGE_CURVE ( 'NONE', #1207, #3731, #4685, .T. ) ;
#4239 = ORIENTED_EDGE ( 'NONE', *, *, #2640, .T. ) ;
#4240 = DIRECTION ( 'NONE',  ( 0.000000000000000000, 0.000000000000000000, -1.000000000000000000 ) ) ;
#4241 = LINE ( 'NONE', #1892, #1431 ) ;
#4242 = DIRECTION ( 'NONE',  ( 0.000000000000000000, -1.000000000000000000, 0.000000000000000000 ) ) ;
#4243 = EDGE_LOOP ( 'NONE', ( #781, #574, #281, #2028 ) ) ;
#4244 = EDGE_CURVE ( 'NONE', #486, #3781, #1859, .T. ) ;
#4245 = ORIENTED_EDGE ( 'NONE', *, *, #1548, .F. ) ;
#4246 = DIRECTION ( 'NONE',  ( 0.000000000000000000, 0.000000000000000000, -1.000000000000000000 ) ) ;
#4247 = EDGE_LOOP ( 'NONE', ( #4068, #4053, #1559, #350 ) ) ;
#4248 = DIRECTION ( 'NONE',  ( -1.000000000000000000, 0.000000000000000000, 0.000000000000000000 ) ) ;
#4249 = VERTEX_POINT ( 'NONE', #4395 ) ;
#4250 = EDGE_CURVE ( 'NONE', #1564, #1855, #1536, .T. ) ;
#4251 = ORIENTED_EDGE ( 'NONE', *, *, #2744, .F. ) ;
#4252 = CARTESIAN_POINT ( 'NONE',  ( -1.350000000000000089, 0.4999999999999997780, -1.249999999999999778 ) ) ;
#4253 = PLANE ( 'NONE',  #3822 ) ;
#4254 = CARTESIAN_POINT ( 'NONE',  ( -1.350000000000000089, 1.750000000000001332, -1.249999999999999778 ) ) ;
#4255 = CARTESIAN_POINT ( 'NONE',  ( 1.350000000000000311, 1.149999999999999689, -1.099999999999999867 ) ) ;
#4256 = CARTESIAN_POINT ( 'NONE',  ( 1.350000000000000311, 1.149999999999999689, 0.9999999999999995559 ) ) ;
#4257 = CIRCLE ( 'NONE', #233, 0.1499999999999999667 ) ;
#4258 = DIRECTION ( 'NONE',  ( -0.000000000000000000, 1.000000000000000000, -0.000000000000000000 ) ) ;
#4259 = EDGE_LOOP ( 'NONE', ( #2803, #2608, #2974, #3477 ) ) ;
#4260 = EDGE_CURVE ( 'NONE', #4309, #2022, #2152, .T. ) ;
#4261 = ADVANCED_FACE ( 'NONE', ( #2945 ), #1482, .F. ) ;
#4262 =( NAMED_UNIT ( * ) PLANE_ANGLE_UNIT ( ) SI_UNIT ( $, .RADIAN. ) );
#4263 = LINE ( 'NONE', #2842, #1601 ) ;
#4264 = CARTESIAN_POINT ( 'NONE',  ( -1.600000000000000089, 0.4999999999999997780, -1.099999999999999867 ) ) ;
#4265 = VECTOR ( 'NONE', #3058, 1000.000000000000000 ) ;
#4266 = ORIENTED_EDGE ( 'NONE', *, *, #4392, .F. ) ;
#4267 = LINE ( 'NONE', #4697, #1110 ) ;
#4268 = ORIENTED_EDGE ( 'NONE', *, *, #1561, .T. ) ;
#4269 = EDGE_CURVE ( 'NONE', #3092, #4249, #3827, .T. ) ;
#4270 = DIRECTION ( 'NONE',  ( -0.000000000000000000, -1.000000000000000000, -0.000000000000000000 ) ) ;
#4271 = FACE_OUTER_BOUND ( 'NONE', #4323, .T. ) ;
#4272 = ORIENTED_EDGE ( 'NONE', *, *, #915, .T. ) ;
#4273 = DIRECTION ( 'NONE',  ( 0.000000000000000000, 0.000000000000000000, -1.000000000000000000 ) ) ;
#4274 = AXIS2_PLACEMENT_3D ( 'NONE', #258, #3543, #2827 ) ;
#4275 = ORIENTED_EDGE ( 'NONE', *, *, #1984, .F. ) ;
#4276 = DIRECTION ( 'NONE',  ( 0.000000000000000000, 0.000000000000000000, 1.000000000000000000 ) ) ;
#4277 = VERTEX_POINT ( 'NONE', #4120 ) ;
#4278 = CARTESIAN_POINT ( 'NONE',  ( 1.370871215252208009, 1.750000000000001332, -1.149999999999999689 ) ) ;
#4279 = EDGE_CURVE ( 'NONE', #1268, #2363, #1245, .T. ) ;
#4280 = FACE_OUTER_BOUND ( 'NONE', #938, .T. ) ;
#4281 = LINE ( 'NONE', #3199, #1828 ) ;
#4282 = DIRECTION ( 'NONE',  ( -5.204170427929527662E-13, 0.000000000000000000, 1.000000000000000000 ) ) ;
#4283 = ORIENTED_EDGE ( 'NONE', *, *, #1247, .F. ) ;
#4284 = AXIS2_PLACEMENT_3D ( 'NONE', #2750, #996, #4246 ) ;
#4285 = CARTESIAN_POINT ( 'NONE',  ( 0.6000000000000001998, 0.000000000000000000, 0.4999999999999997780 ) ) ;
#4286 = DIRECTION ( 'NONE',  ( -0.000000000000000000, -1.000000000000000000, -0.000000000000000000 ) ) ;
#4287 = CIRCLE ( 'NONE', #3666, 0.04999999999999991257 ) ;
#4288 = ORIENTED_EDGE ( 'NONE', *, *, #3251, .F. ) ;
#4289 = LINE ( 'NONE', #1778, #3934 ) ;
#4290 = VERTEX_POINT ( 'NONE', #2331 ) ;
#4291 = DIRECTION ( 'NONE',  ( 0.000000000000000000, 0.000000000000000000, 1.000000000000000000 ) ) ;
#4292 = PLANE ( 'NONE',  #1118 ) ;
#4293 = AXIS2_PLACEMENT_3D ( 'NONE', #777, #311, #1738 ) ;
#4294 = DIRECTION ( 'NONE',  ( 1.000000000000000000, 0.000000000000000000, 0.000000000000000000 ) ) ;
#4295 = EDGE_LOOP ( 'NONE', ( #1672, #2627, #3148, #4193 ) ) ;
#4296 = ADVANCED_FACE ( 'NONE', ( #577 ), #3802, .F. ) ;
#4297 = EDGE_CURVE ( 'NONE', #585, #1954, #3473, .T. ) ;
#4298 = AXIS2_PLACEMENT_3D ( 'NONE', #3909, #592, #2025 ) ;
#4299 = ORIENTED_EDGE ( 'NONE', *, *, #3830, .T. ) ;
#4300 = EDGE_CURVE ( 'NONE', #231, #1268, #2766, .T. ) ;
#4301 = ORIENTED_EDGE ( 'NONE', *, *, #1967, .F. ) ;
#4302 = LINE ( 'NONE', #1417, #2218 ) ;
#4303 = MECHANICAL_DESIGN_GEOMETRIC_PRESENTATION_REPRESENTATION (  '', ( #4534 ), #4460 ) ;
#4304 = LINE ( 'NONE', #658, #2260 ) ;
#4305 = EDGE_CURVE ( 'NONE', #704, #1089, #2539, .T. ) ;
#4306 = AXIS2_PLACEMENT_3D ( 'NONE', #3246, #4707, #64 ) ;
#4307 = CARTESIAN_POINT ( 'NONE',  ( 1.450000000000000400, 0.9999999999999997780, -1.000000000000000000 ) ) ;
#4308 = CYLINDRICAL_SURFACE ( 'NONE', #1929, 0.04999999999999991257 ) ;
#4309 = VERTEX_POINT ( 'NONE', #1837 ) ;
#4310 = ADVANCED_FACE ( 'NONE', ( #731 ), #425, .F. ) ;
#4311 = DIRECTION ( 'NONE',  ( 0.000000000000000000, 0.000000000000000000, 1.000000000000000000 ) ) ;
#4312 = CARTESIAN_POINT ( 'NONE',  ( 1.600000000000000089, 0.9999999999999997780, 1.099999999999999867 ) ) ;
#4313 = ORIENTED_EDGE ( 'NONE', *, *, #62, .F. ) ;
#4314 = CARTESIAN_POINT ( 'NONE',  ( 1.600000000000000089, 0.4999999999999997780, 1.099999999999999867 ) ) ;
#4315 = ORIENTED_EDGE ( 'NONE', *, *, #2035, .F. ) ;
#4316 = ORIENTED_EDGE ( 'NONE', *, *, #1505, .T. ) ;
#4317 = DIRECTION ( 'NONE',  ( 0.000000000000000000, 1.000000000000000000, 0.000000000000000000 ) ) ;
#4318 = ORIENTED_EDGE ( 'NONE', *, *, #3191, .F. ) ;
#4319 = CARTESIAN_POINT ( 'NONE',  ( 1.350000000000000089, 0.4999999999999998890, -1.249999999999999778 ) ) ;
#4320 = VECTOR ( 'NONE', #659, 1000.000000000000000 ) ;
#4321 = PLANE ( 'NONE',  #361 ) ;
#4322 = EDGE_CURVE ( 'NONE', #602, #3711, #3663, .T. ) ;
#4323 = EDGE_LOOP ( 'NONE', ( #3925, #1630, #580, #1904 ) ) ;
#4324 = LINE ( 'NONE', #4034, #863 ) ;
#4325 = CARTESIAN_POINT ( 'NONE',  ( -1.004584529893781442, 1.149999999999999911, 0.5343593591751429894 ) ) ;
#4326 = CIRCLE ( 'NONE', #3551, 0.05000000000000858619 ) ;
#4327 = LINE ( 'NONE', #1792, #3944 ) ;
#4328 = CARTESIAN_POINT ( 'NONE',  ( 1.370871215252208009, 0.000000000000000000, -1.149999999999999689 ) ) ;
#4329 = EDGE_CURVE ( 'NONE', #804, #1147, #1810, .T. ) ;
#4330 = AXIS2_PLACEMENT_3D ( 'NONE', #1172, #4091, #2259 ) ;
#4331 = ORIENTED_EDGE ( 'NONE', *, *, #566, .F. ) ;
#4332 = VECTOR ( 'NONE', #3009, 1000.000000000000000 ) ;
#4333 = SURFACE_STYLE_FILL_AREA ( #1857 ) ;
#4334 = CARTESIAN_POINT ( 'NONE',  ( -1.600000000000000089, 0.4999999999999998890, 1.249999999999999778 ) ) ;
#4335 = CIRCLE ( 'NONE', #531, 0.1000000000000000472 ) ;
#4336 = PLANE ( 'NONE',  #1299 ) ;
#4337 = CARTESIAN_POINT ( 'NONE',  ( 1.350000000000000311, 0.9999999999999997780, -1.000000000000000000 ) ) ;
#4338 = ADVANCED_FACE ( 'NONE', ( #1093 ), #1439, .F. ) ;
#4339 = ORIENTED_EDGE ( 'NONE', *, *, #438, .F. ) ;
#4340 = DIRECTION ( 'NONE',  ( 0.000000000000000000, 0.000000000000000000, 1.000000000000000000 ) ) ;
#4341 = CIRCLE ( 'NONE', #2116, 0.2499999999999985012 ) ;
#4342 = VECTOR ( 'NONE', #2989, 1000.000000000000000 ) ;
#4343 = ORIENTED_EDGE ( 'NONE', *, *, #3281, .T. ) ;
#4344 = FACE_OUTER_BOUND ( 'NONE', #3737, .T. ) ;
#4345 = DIRECTION ( 'NONE',  ( 0.000000000000000000, 0.000000000000000000, -1.000000000000000000 ) ) ;
#4346 = ORIENTED_EDGE ( 'NONE', *, *, #2640, .F. ) ;
#4347 = AXIS2_PLACEMENT_3D ( 'NONE', #295, #3943, #2125 ) ;
#4348 = CARTESIAN_POINT ( 'NONE',  ( -1.600000000000008749, 0.000000000000000000, -0.5249999999999999112 ) ) ;
#4349 = CARTESIAN_POINT ( 'NONE',  ( -1.600000000000000089, 1.750000000000001332, 1.099999999999999867 ) ) ;
#4350 = ORIENTED_EDGE ( 'NONE', *, *, #1330, .F. ) ;
#4351 = DIRECTION ( 'NONE',  ( -0.000000000000000000, -1.000000000000000000, -0.000000000000000000 ) ) ;
#4352 = DIRECTION ( 'NONE',  ( -0.000000000000000000, -1.000000000000000000, -0.000000000000000000 ) ) ;
#4353 = UNCERTAINTY_MEASURE_WITH_UNIT (LENGTH_MEASURE( 1.000000000000000082E-05 ), #328, 'distance_accuracy_value', 'NONE');
#4354 = EDGE_CURVE ( 'NONE', #3569, #153, #3838, .T. ) ;
#4355 = DIRECTION ( 'NONE',  ( 0.000000000000000000, 0.000000000000000000, 1.000000000000000000 ) ) ;
#4356 = CARTESIAN_POINT ( 'NONE',  ( 0.000000000000000000, 0.000000000000000000, 0.000000000000000000 ) ) ;
#4357 = FACE_OUTER_BOUND ( 'NONE', #2668, .T. ) ;
#4358 = VERTEX_POINT ( 'NONE', #4373 ) ;
#4359 = EDGE_CURVE ( 'NONE', #4159, #3915, #2179, .T. ) ;
#4360 = DIRECTION ( 'NONE',  ( 0.000000000000000000, 1.000000000000000000, 0.000000000000000000 ) ) ;
#4361 = DIRECTION ( 'NONE',  ( 0.000000000000000000, 0.000000000000000000, 1.000000000000000000 ) ) ;
#4362 = DIRECTION ( 'NONE',  ( -0.000000000000000000, -1.000000000000000000, -0.000000000000000000 ) ) ;
#4363 = DIRECTION ( 'NONE',  ( 0.000000000000000000, 0.000000000000000000, -1.000000000000000000 ) ) ;
#4364 = ORIENTED_EDGE ( 'NONE', *, *, #3882, .F. ) ;
#4365 = DIRECTION ( 'NONE',  ( 0.000000000000000000, 0.000000000000000000, 1.000000000000000000 ) ) ;
#4366 = EDGE_CURVE ( 'NONE', #2308, #1100, #3913, .T. ) ;
#4367 = AXIS2_PLACEMENT_3D ( 'NONE', #897, #3445, #2008 ) ;
#4368 = ORIENTED_EDGE ( 'NONE', *, *, #2646, .F. ) ;
#4369 = CIRCLE ( 'NONE', #1764, 0.1524669288197409156 ) ;
#4370 = DIRECTION ( 'NONE',  ( 0.000000000000000000, 1.000000000000000000, -0.000000000000000000 ) ) ;
#4371 = EDGE_LOOP ( 'NONE', ( #2476, #604, #202, #3845 ) ) ;
#4372 = VECTOR ( 'NONE', #4656, 1000.000000000000000 ) ;
#4373 = CARTESIAN_POINT ( 'NONE',  ( 1.599999999999998312, 0.000000000000000000, -1.100000000000000755 ) ) ;
#4374 = ORIENTED_EDGE ( 'NONE', *, *, #992, .F. ) ;
#4375 = VECTOR ( 'NONE', #2703, 1000.000000000000000 ) ;
#4376 = DIRECTION ( 'NONE',  ( 0.000000000000000000, 0.000000000000000000, 1.000000000000000000 ) ) ;
#4377 = DIRECTION ( 'NONE',  ( 0.000000000000000000, -1.000000000000000000, 0.000000000000000000 ) ) ;
#4378 = ORIENTED_EDGE ( 'NONE', *, *, #1336, .T. ) ;
#4379 = VECTOR ( 'NONE', #3702, 1000.000000000000000 ) ;
#4380 = PLANE ( 'NONE',  #1306 ) ;
#4381 = ORIENTED_EDGE ( 'NONE', *, *, #907, .F. ) ;
#4382 = AXIS2_PLACEMENT_3D ( 'NONE', #2801, #2438, #2091 ) ;
#4383 = EDGE_CURVE ( 'NONE', #1851, #719, #4013, .T. ) ;
#4384 = AXIS2_PLACEMENT_3D ( 'NONE', #1341, #4562, #1272 ) ;
#4385 = CARTESIAN_POINT ( 'NONE',  ( 1.500000000000000000, 0.000000000000000000, 1.020871215252207698 ) ) ;
#4386 = DIRECTION ( 'NONE',  ( -0.000000000000000000, -1.000000000000000000, -0.000000000000000000 ) ) ;
#4387 = ORIENTED_EDGE ( 'NONE', *, *, #435, .F. ) ;
#4388 = DIRECTION ( 'NONE',  ( 0.000000000000000000, -1.000000000000000000, 0.000000000000000000 ) ) ;
#4389 = ORIENTED_EDGE ( 'NONE', *, *, #1897, .T. ) ;
#4390 = CARTESIAN_POINT ( 'NONE',  ( -1.600000000000000089, 0.9999999999999997780, 1.099999999999999867 ) ) ;
#4391 = DIRECTION ( 'NONE',  ( 0.000000000000000000, 0.000000000000000000, 1.000000000000000000 ) ) ;
#4392 = EDGE_CURVE ( 'NONE', #1409, #2175, #4417, .T. ) ;
#4393 = ORIENTED_EDGE ( 'NONE', *, *, #313, .F. ) ;
#4394 = CARTESIAN_POINT ( 'NONE',  ( 1.600000000000000089, 0.000000000000000000, -1.099999999999999867 ) ) ;
#4395 = CARTESIAN_POINT ( 'NONE',  ( -0.8000000000000000444, 0.000000000000000000, 0.4999999999999997780 ) ) ;
#4396 = DIRECTION ( 'NONE',  ( -0.000000000000000000, -1.000000000000000000, 0.000000000000000000 ) ) ;
#4397 = ORIENTED_EDGE ( 'NONE', *, *, #1106, .T. ) ;
#4398 = FACE_OUTER_BOUND ( 'NONE', #2077, .T. ) ;
#4399 = FILL_AREA_STYLE ('',( #3297 ) ) ;
#4400 = AXIS2_PLACEMENT_3D ( 'NONE', #2172, #1750, #2084 ) ;
#4401 = DIRECTION ( 'NONE',  ( 0.000000000000000000, 0.000000000000000000, -1.000000000000000000 ) ) ;
#4402 = ORIENTED_EDGE ( 'NONE', *, *, #1507, .F. ) ;
#4403 = FACE_OUTER_BOUND ( 'NONE', #817, .T. ) ;
#4404 = DIRECTION ( 'NONE',  ( -2.502005013428087277E-15, 0.000000000000000000, 1.000000000000000000 ) ) ;
#4405 = CARTESIAN_POINT ( 'NONE',  ( -1.450000000000000400, 1.149999999999999911, 0.9999999999999995559 ) ) ;
#4406 = DIRECTION ( 'NONE',  ( 0.000000000000000000, 0.000000000000000000, 1.000000000000000000 ) ) ;
#4407 = EDGE_LOOP ( 'NONE', ( #2246, #1291, #4094, #800 ) ) ;
#4408 = DIRECTION ( 'NONE',  ( 0.000000000000000000, 0.000000000000000000, 1.000000000000000000 ) ) ;
#4409 = CIRCLE ( 'NONE', #431, 0.05000000000000858619 ) ;
#4410 = ORIENTED_EDGE ( 'NONE', *, *, #3252, .T. ) ;
#4411 = DIRECTION ( 'NONE',  ( 0.000000000000000000, 1.000000000000000000, 0.000000000000000000 ) ) ;
#4412 = DIRECTION ( 'NONE',  ( 0.000000000000000000, -0.000000000000000000, -1.000000000000000000 ) ) ;
#4413 = EDGE_LOOP ( 'NONE', ( #2958, #2276, #976, #551 ) ) ;
#4414 = DIRECTION ( 'NONE',  ( 0.000000000000000000, 0.000000000000000000, 1.000000000000000000 ) ) ;
#4415 = AXIS2_PLACEMENT_3D ( 'NONE', #3998, #2168, #1563 ) ;
#4416 = ADVANCED_FACE ( 'NONE', ( #3989 ), #3640, .F. ) ;
#4417 = LINE ( 'NONE', #751, #3460 ) ;
#4418 = VERTEX_POINT ( 'NONE', #403 ) ;
#4419 = PLANE ( 'NONE',  #38 ) ;
#4420 = LINE ( 'NONE', #754, #2836 ) ;
#4421 = CYLINDRICAL_SURFACE ( 'NONE', #1736, 0.09999999999999982514 ) ;
#4422 = AXIS2_PLACEMENT_3D ( 'NONE', #898, #549, #220 ) ;
#4423 = VECTOR ( 'NONE', #1657, 1000.000000000000000 ) ;
#4424 = DIRECTION ( 'NONE',  ( -0.000000000000000000, -1.000000000000000000, -0.000000000000000000 ) ) ;
#4425 = EDGE_CURVE ( 'NONE', #1655, #1913, #2853, .T. ) ;
#4426 = VERTEX_POINT ( 'NONE', #355 ) ;
#4427 = CARTESIAN_POINT ( 'NONE',  ( 1.350000000000000089, 0.4999999999999997780, -1.249999999999999778 ) ) ;
#4428 = LINE ( 'NONE', #1396, #2254 ) ;
#4429 = ORIENTED_EDGE ( 'NONE', *, *, #3206, .F. ) ;
#4430 = FACE_OUTER_BOUND ( 'NONE', #4295, .T. ) ;
#4431 = PLANE ( 'NONE',  #1007 ) ;
#4432 = DIRECTION ( 'NONE',  ( 0.000000000000000000, -1.000000000000000000, 0.000000000000000000 ) ) ;
#4433 = VECTOR ( 'NONE', #1648, 1000.000000000000000 ) ;
#4434 = VERTEX_POINT ( 'NONE', #4681 ) ;
#4435 = FACE_OUTER_BOUND ( 'NONE', #1454, .T. ) ;
#4436 = EDGE_LOOP ( 'NONE', ( #3631, #1554, #1335, #4350 ) ) ;
#4437 = CARTESIAN_POINT ( 'NONE',  ( 0.5999999999999984235, 0.4999999999999998890, -0.4999999999999997780 ) ) ;
#4438 = ORIENTED_EDGE ( 'NONE', *, *, #3531, .T. ) ;
#4439 = CARTESIAN_POINT ( 'NONE',  ( 1.350000000000000311, 1.149999999999999689, -1.199999999999999956 ) ) ;
#4440 = TOROIDAL_SURFACE ( 'NONE', #1856, 0.1499999999999999944, 0.05000000000000000278 ) ;
#4441 = EDGE_LOOP ( 'NONE', ( #2928, #1671, #568, #4653 ) ) ;
#4442 = CARTESIAN_POINT ( 'NONE',  ( -1.450000000000000400, 1.149999999999999911, -0.9999999999999997780 ) ) ;
#4443 = CARTESIAN_POINT ( 'NONE',  ( -0.6000000000000009770, 0.4999999999999997780, -0.4999999999999997780 ) ) ;
#4444 = ADVANCED_FACE ( 'NONE', ( #2136 ), #4321, .T. ) ;
#4445 = LINE ( 'NONE', #4471, #3820 ) ;
#4446 = ADVANCED_FACE ( 'NONE', ( #1413 ), #2875, .T. ) ;
#4447 = AXIS2_PLACEMENT_3D ( 'NONE', #3681, #1192, #3284 ) ;
#4448 = CARTESIAN_POINT ( 'NONE',  ( 1.350000000000000311, 1.149999999999999689, -1.000000000000000000 ) ) ;
#4449 = ORIENTED_EDGE ( 'NONE', *, *, #4481, .T. ) ;
#4450 = EDGE_CURVE ( 'NONE', #3555, #4536, #4000, .T. ) ;
#4451 = VERTEX_POINT ( 'NONE', #3988 ) ;
#4452 = DIRECTION ( 'NONE',  ( 1.000000000000000000, -0.000000000000000000, -0.000000000000000000 ) ) ;
#4453 = CARTESIAN_POINT ( 'NONE',  ( 1.549999999999991385, 0.000000000000000000, 0.3250000000000000111 ) ) ;
#4454 = DIRECTION ( 'NONE',  ( -1.000000000000000000, 0.000000000000000000, -0.000000000000000000 ) ) ;
#4455 = EDGE_CURVE ( 'NONE', #2854, #2944, #1412, .T. ) ;
#4456 = VERTEX_POINT ( 'NONE', #2202 ) ;
#4457 = EDGE_CURVE ( 'NONE', #3536, #3171, #801, .T. ) ;
#4458 = CARTESIAN_POINT ( 'NONE',  ( 1.350000000000000311, 1.199999999999999956, 0.9999999999999995559 ) ) ;
#4459 = CARTESIAN_POINT ( 'NONE',  ( 1.350000000000000311, 1.099999999999999867, -1.199999999999999734 ) ) ;
#4460 =( GEOMETRIC_REPRESENTATION_CONTEXT ( 3 ) GLOBAL_UNCERTAINTY_ASSIGNED_CONTEXT ( ( #1467 ) ) GLOBAL_UNIT_ASSIGNED_CONTEXT ( ( #1410, #677, #952 ) ) REPRESENTATION_CONTEXT ( 'NONE', 'WORKASPACE' ) );
#4461 = EDGE_CURVE ( 'NONE', #2925, #3368, #3621, .T. ) ;
#4462 = ORIENTED_EDGE ( 'NONE', *, *, #489, .F. ) ;
#4463 = PLANE ( 'NONE',  #4330 ) ;
#4464 = AXIS2_PLACEMENT_3D ( 'NONE', #3288, #2562, #1386 ) ;
#4465 = EDGE_LOOP ( 'NONE', ( #422, #4561, #2253, #1350 ) ) ;
#4466 = FACE_OUTER_BOUND ( 'NONE', #4108, .T. ) ;
#4467 = LINE ( 'NONE', #102, #2987 ) ;
#4468 = EDGE_LOOP ( 'NONE', ( #1014, #2100, #1943, #2947 ) ) ;
#4469 = ORIENTED_EDGE ( 'NONE', *, *, #775, .F. ) ;
#4470 = DIRECTION ( 'NONE',  ( -0.000000000000000000, -1.000000000000000000, -0.000000000000000000 ) ) ;
#4471 = CARTESIAN_POINT ( 'NONE',  ( -1.500000000000000000, 0.4999999999999997780, -1.020871215252207698 ) ) ;
#4472 = DIRECTION ( 'NONE',  ( -1.000000000000000000, -0.000000000000000000, -0.000000000000000000 ) ) ;
#4473 = ORIENTED_EDGE ( 'NONE', *, *, #4178, .F. ) ;
#4474 = EDGE_CURVE ( 'NONE', #3166, #987, #4070, .T. ) ;
#4475 = ORIENTED_EDGE ( 'NONE', *, *, #2264, .T. ) ;
#4476 = LINE ( 'NONE', #1182, #1373 ) ;
#4477 = CARTESIAN_POINT ( 'NONE',  ( 1.600000000000000089, 0.000000000000000000, 0.9999999999999997780 ) ) ;
#4478 = ORIENTED_EDGE ( 'NONE', *, *, #972, .T. ) ;
#4479 = VERTEX_POINT ( 'NONE', #2898 ) ;
#4480 = AXIS2_PLACEMENT_3D ( 'NONE', #993, #3238, #3919 ) ;
#4481 = EDGE_CURVE ( 'NONE', #3166, #852, #678, .T. ) ;
#4482 = LINE ( 'NONE', #3466, #3960 ) ;
#4483 = ORIENTED_EDGE ( 'NONE', *, *, #3269, .F. ) ;
#4484 = FACE_OUTER_BOUND ( 'NONE', #3613, .T. ) ;
#4485 = ADVANCED_FACE ( 'NONE', ( #1385 ), #2491, .T. ) ;
#4486 = ORIENTED_EDGE ( 'NONE', *, *, #4591, .T. ) ;
#4487 = DIRECTION ( 'NONE',  ( 0.000000000000000000, -1.000000000000000000, 0.000000000000000000 ) ) ;
#4488 = ORIENTED_EDGE ( 'NONE', *, *, #3949, .T. ) ;
#4489 = AXIS2_PLACEMENT_3D ( 'NONE', #4524, #2689, #4166 ) ;
#4490 = ORIENTED_EDGE ( 'NONE', *, *, #2011, .T. ) ;
#4491 = DIRECTION ( 'NONE',  ( 0.000000000000000000, 0.000000000000000000, -1.000000000000000000 ) ) ;
#4492 = ORIENTED_EDGE ( 'NONE', *, *, #173, .T. ) ;
#4493 = VECTOR ( 'NONE', #943, 1000.000000000000000 ) ;
#4494 = CYLINDRICAL_SURFACE ( 'NONE', #1583, 0.2499999999999985012 ) ;
#4495 = ORIENTED_EDGE ( 'NONE', *, *, #1787, .F. ) ;
#4496 = CIRCLE ( 'NONE', #4030, 0.1524669288197409156 ) ;
#4497 = VECTOR ( 'NONE', #3317, 1000.000000000000000 ) ;
#4498 = ORIENTED_EDGE ( 'NONE', *, *, #2531, .F. ) ;
#4499 = CIRCLE ( 'NONE', #4489, 0.04999999999999991257 ) ;
#4500 = CARTESIAN_POINT ( 'NONE',  ( 1.450000000000000400, 1.149999999999999689, 0.9999999999999995559 ) ) ;
#4501 = CARTESIAN_POINT ( 'NONE',  ( 1.350000000000000311, 1.199999999999999956, 1.049999999999999822 ) ) ;
#4502 = DIRECTION ( 'NONE',  ( 0.000000000000000000, -0.000000000000000000, -1.000000000000000000 ) ) ;
#4503 = EDGE_CURVE ( 'NONE', #3958, #4692, #1544, .T. ) ;
#4504 = ADVANCED_FACE ( 'NONE', ( #4229 ), #2412, .F. ) ;
#4505 = ORIENTED_EDGE ( 'NONE', *, *, #1787, .T. ) ;
#4506 = DIRECTION ( 'NONE',  ( 0.000000000000000000, 1.000000000000000000, -0.000000000000000000 ) ) ;
#4507 = LINE ( 'NONE', #3424, #86 ) ;
#4508 = ORIENTED_EDGE ( 'NONE', *, *, #3088, .T. ) ;
#4509 = EDGE_LOOP ( 'NONE', ( #1426, #815, #3183, #2300 ) ) ;
#4510 = LINE ( 'NONE', #1158, #2070 ) ;
#4511 = FACE_OUTER_BOUND ( 'NONE', #3513, .T. ) ;
#4512 = FACE_OUTER_BOUND ( 'NONE', #4413, .T. ) ;
#4513 = ORIENTED_EDGE ( 'NONE', *, *, #1814, .F. ) ;
#4514 = CIRCLE ( 'NONE', #2599, 0.1499999999999999667 ) ;
#4515 = CARTESIAN_POINT ( 'NONE',  ( -1.600000000000000089, 0.4999999999999998890, 1.249999999999999778 ) ) ;
#4516 = DIRECTION ( 'NONE',  ( 0.000000000000000000, 0.000000000000000000, 1.000000000000000000 ) ) ;
#4517 = VERTEX_POINT ( 'NONE', #628 ) ;
#4518 = AXIS2_PLACEMENT_3D ( 'NONE', #2103, #2507, #3974 ) ;
#4519 = DIRECTION ( 'NONE',  ( 0.000000000000000000, 1.000000000000000000, 0.000000000000000000 ) ) ;
#4520 = DIRECTION ( 'NONE',  ( 0.000000000000000000, -0.000000000000000000, -1.000000000000000000 ) ) ;
#4521 = ORIENTED_EDGE ( 'NONE', *, *, #4564, .F. ) ;
#4522 = VECTOR ( 'NONE', #591, 1000.000000000000000 ) ;
#4523 = FILL_AREA_STYLE ('',( #3417 ) ) ;
#4524 = CARTESIAN_POINT ( 'NONE',  ( -1.350000000000000311, 1.099999999999999867, 1.149999999999999689 ) ) ;
#4525 = AXIS2_PLACEMENT_3D ( 'NONE', #3812, #559, #3462 ) ;
#4526 = VECTOR ( 'NONE', #1651, 1000.000000000000000 ) ;
#4527 = EDGE_LOOP ( 'NONE', ( #4275, #1626, #2373, #2230 ) ) ;
#4528 = CARTESIAN_POINT ( 'NONE',  ( 1.370871215252208009, 1.750000000000001332, 1.149999999999999911 ) ) ;
#4529 = EDGE_CURVE ( 'NONE', #1578, #4552, #2006, .T. ) ;
#4530 = LINE ( 'NONE', #4553, #3979 ) ;
#4531 = DIRECTION ( 'NONE',  ( -0.000000000000000000, -1.000000000000000000, -0.000000000000000000 ) ) ;
#4532 = LINE ( 'NONE', #617, #4493 ) ;
#4533 = ORIENTED_EDGE ( 'NONE', *, *, #4208, .F. ) ;
#4534 = STYLED_ITEM ( 'NONE', ( #257 ), #4167 ) ;
#4535 = CIRCLE ( 'NONE', #2456, 0.1999999999999998723 ) ;
#4536 = VERTEX_POINT ( 'NONE', #2021 ) ;
#4537 = CYLINDRICAL_SURFACE ( 'NONE', #1427, 0.1999999999999998723 ) ;
#4538 = EDGE_CURVE ( 'NONE', #3758, #481, #1023, .T. ) ;
#4539 = CARTESIAN_POINT ( 'NONE',  ( -0.6000000000000000888, 0.4999999999999998890, -1.149999999999999689 ) ) ;
#4540 = VECTOR ( 'NONE', #329, 1000.000000000000000 ) ;
#4541 = SURFACE_SIDE_STYLE ('',( #157 ) ) ;
#4542 = ORIENTED_EDGE ( 'NONE', *, *, #803, .T. ) ;
#4543 = LINE ( 'NONE', #1996, #654 ) ;
#4544 = DIRECTION ( 'NONE',  ( 1.000000000000000000, 0.000000000000000000, 1.501203008056852445E-15 ) ) ;
#4545 = EDGE_LOOP ( 'NONE', ( #3046, #848, #3685, #1861 ) ) ;
#4546 = LINE ( 'NONE', #2023, #2669 ) ;
#4547 = EDGE_CURVE ( 'NONE', #4104, #3555, #3459, .T. ) ;
#4548 = CARTESIAN_POINT ( 'NONE',  ( -0.5999999999999998668, 0.000000000000000000, 0.6999999999999997335 ) ) ;
#4549 = LINE ( 'NONE', #477, #690 ) ;
#4550 = EDGE_LOOP ( 'NONE', ( #723, #4215, #3741, #363 ) ) ;
#4551 = DIRECTION ( 'NONE',  ( 0.000000000000000000, 0.000000000000000000, -1.000000000000000000 ) ) ;
#4552 = VERTEX_POINT ( 'NONE', #1633 ) ;
#4553 = CARTESIAN_POINT ( 'NONE',  ( -1.600000000000000089, 0.4999999999999998890, -0.9999999999999997780 ) ) ;
#4554 = CARTESIAN_POINT ( 'NONE',  ( 1.599999999999998312, 0.4999999999999998890, -1.249999999999999778 ) ) ;
#4555 = LINE ( 'NONE', #1265, #3267 ) ;
#4556 = VERTEX_POINT ( 'NONE', #259 ) ;
#4557 = ADVANCED_FACE ( 'NONE', ( #3479 ), #1680, .T. ) ;
#4558 = CARTESIAN_POINT ( 'NONE',  ( -0.8000000000000000444, 0.000000000000000000, 0.4999999999999997780 ) ) ;
#4559 = ORIENTED_EDGE ( 'NONE', *, *, #1600, .F. ) ;
#4560 = DIRECTION ( 'NONE',  ( -0.000000000000000000, 1.000000000000000000, -0.000000000000000000 ) ) ;
#4561 = ORIENTED_EDGE ( 'NONE', *, *, #2938, .T. ) ;
#4562 = DIRECTION ( 'NONE',  ( 0.000000000000000000, 1.000000000000000000, 0.000000000000000000 ) ) ;
#4563 = VERTEX_POINT ( 'NONE', #2046 ) ;
#4564 = EDGE_CURVE ( 'NONE', #2175, #3332, #3128, .T. ) ;
#4565 = ORIENTED_EDGE ( 'NONE', *, *, #1050, .T. ) ;
#4566 = CARTESIAN_POINT ( 'NONE',  ( -0.5999999999999998668, 0.4999999999999998890, 0.6999999999999997335 ) ) ;
#4567 = VECTOR ( 'NONE', #2821, 1000.000000000000000 ) ;
#4568 = DIRECTION ( 'NONE',  ( 0.000000000000000000, 0.000000000000000000, 1.000000000000000000 ) ) ;
#4569 = AXIS2_PLACEMENT_3D ( 'NONE', #1349, #4690, #2786 ) ;
#4570 = ORIENTED_EDGE ( 'NONE', *, *, #3205, .F. ) ;
#4571 = VECTOR ( 'NONE', #263, 1000.000000000000000 ) ;
#4572 = CIRCLE ( 'NONE', #3716, 0.1999999999999998723 ) ;
#4573 = FACE_OUTER_BOUND ( 'NONE', #3742, .T. ) ;
#4574 = VECTOR ( 'NONE', #4352, 1000.000000000000000 ) ;
#4575 = ORIENTED_EDGE ( 'NONE', *, *, #2981, .T. ) ;
#4576 = AXIS2_PLACEMENT_3D ( 'NONE', #3108, #2005, #3793 ) ;
#4577 = LINE ( 'NONE', #3487, #2749 ) ;
#4578 = LINE ( 'NONE', #147, #488 ) ;
#4579 = DIRECTION ( 'NONE',  ( 0.000000000000000000, -1.000000000000000000, 0.000000000000000000 ) ) ;
#4580 = VERTEX_POINT ( 'NONE', #1659 ) ;
#4581 = CARTESIAN_POINT ( 'NONE',  ( -1.600000000000000089, 1.750000000000001332, -1.099999999999999867 ) ) ;
#4582 = VERTEX_POINT ( 'NONE', #606 ) ;
#4583 = CARTESIAN_POINT ( 'NONE',  ( -1.500000000000000444, 1.099999999999999867, -0.9999999999999997780 ) ) ;
#4584 = ORIENTED_EDGE ( 'NONE', *, *, #3978, .T. ) ;
#4585 = DIRECTION ( 'NONE',  ( 0.000000000000000000, -1.000000000000000000, 0.000000000000000000 ) ) ;
#4586 = ORIENTED_EDGE ( 'NONE', *, *, #689, .T. ) ;
#4587 = CARTESIAN_POINT ( 'NONE',  ( 1.600000000000000089, 0.4999999999999998890, 1.099999999999999867 ) ) ;
#4588 = DIRECTION ( 'NONE',  ( -1.000000000000000000, -0.000000000000000000, -0.000000000000000000 ) ) ;
#4589 = EDGE_CURVE ( 'NONE', #1926, #3562, #4230, .T. ) ;
#4590 = ORIENTED_EDGE ( 'NONE', *, *, #4192, .F. ) ;
#4591 = EDGE_CURVE ( 'NONE', #3086, #2830, #2087, .T. ) ;
#4592 = CARTESIAN_POINT ( 'NONE',  ( 1.350000000000000311, 1.099999999999999867, 1.149999999999999467 ) ) ;
#4593 = FACE_OUTER_BOUND ( 'NONE', #3214, .T. ) ;
#4594 = ADVANCED_FACE ( 'NONE', ( #950 ), #2335, .T. ) ;
#4595 = CARTESIAN_POINT ( 'NONE',  ( 1.450000000000000178, 0.9999999999999997780, 1.249999999999999778 ) ) ;
#4596 = VECTOR ( 'NONE', #76, 1000.000000000000000 ) ;
#4597 = EDGE_CURVE ( 'NONE', #4626, #3013, #3679, .T. ) ;
#4598 = AXIS2_PLACEMENT_3D ( 'NONE', #4684, #3993, #1047 ) ;
#4599 = VERTEX_POINT ( 'NONE', #3520 ) ;
#4600 = DIRECTION ( 'NONE',  ( -0.000000000000000000, -1.000000000000000000, -0.000000000000000000 ) ) ;
#4601 = DIRECTION ( 'NONE',  ( -1.000000000000000000, 0.000000000000000000, -0.000000000000000000 ) ) ;
#4602 = AXIS2_PLACEMENT_3D ( 'NONE', #280, #2359, #324 ) ;
#4603 = EDGE_CURVE ( 'NONE', #1089, #4074, #2779, .T. ) ;
#4604 = DIRECTION ( 'NONE',  ( 0.000000000000000000, 0.000000000000000000, 1.000000000000000000 ) ) ;
#4605 = ORIENTED_EDGE ( 'NONE', *, *, #3352, .F. ) ;
#4606 = AXIS2_PLACEMENT_3D ( 'NONE', #1753, #3953, #3586 ) ;
#4607 = CARTESIAN_POINT ( 'NONE',  ( -0.6000000000000000888, 0.4999999999999998890, -1.149999999999999689 ) ) ;
#4608 = AXIS2_PLACEMENT_3D ( 'NONE', #37, #4317, #3924 ) ;
#4609 = ORIENTED_EDGE ( 'NONE', *, *, #1392, .F. ) ;
#4610 = DIRECTION ( 'NONE',  ( 0.000000000000000000, 0.000000000000000000, -1.000000000000000000 ) ) ;
#4611 = DIRECTION ( 'NONE',  ( 1.000000000000000000, 0.000000000000000000, 0.000000000000000000 ) ) ;
#4612 = EDGE_LOOP ( 'NONE', ( #1357, #1990, #2085, #4462 ) ) ;
#4613 = VECTOR ( 'NONE', #3127, 1000.000000000000000 ) ;
#4614 = ORIENTED_EDGE ( 'NONE', *, *, #3936, .T. ) ;
#4615 =( NAMED_UNIT ( * ) SI_UNIT ( $, .STERADIAN. ) SOLID_ANGLE_UNIT ( ) );
#4616 = AXIS2_PLACEMENT_3D ( 'NONE', #3501, #1833, #3285 ) ;
#4617 = EDGE_LOOP ( 'NONE', ( #4118, #4708, #3059, #1998 ) ) ;
#4618 = PLANE ( 'NONE',  #4525 ) ;
#4619 = DIRECTION ( 'NONE',  ( 0.000000000000000000, 0.000000000000000000, 1.000000000000000000 ) ) ;
#4620 = DIRECTION ( 'NONE',  ( 0.000000000000000000, -1.000000000000000000, 0.000000000000000000 ) ) ;
#4621 =( LENGTH_UNIT ( ) NAMED_UNIT ( * ) SI_UNIT ( .MILLI., .METRE. ) );
#4622 = FACE_OUTER_BOUND ( 'NONE', #756, .T. ) ;
#4623 = EDGE_CURVE ( 'NONE', #1100, #1655, #975, .T. ) ;
#4624 = CARTESIAN_POINT ( 'NONE',  ( -1.500000000000000000, 1.750000000000001332, -0.4999999999999997780 ) ) ;
#4625 = FACE_OUTER_BOUND ( 'NONE', #1678, .T. ) ;
#4626 = VERTEX_POINT ( 'NONE', #2435 ) ;
#4627 = ADVANCED_FACE ( 'NONE', ( #1677 ), #2385, .T. ) ;
#4628 = FACE_OUTER_BOUND ( 'NONE', #464, .T. ) ;
#4629 = FACE_OUTER_BOUND ( 'NONE', #2271, .T. ) ;
#4630 = ORIENTED_EDGE ( 'NONE', *, *, #1814, .T. ) ;
#4631 = EDGE_CURVE ( 'NONE', #411, #1858, #3856, .T. ) ;
#4632 = AXIS2_PLACEMENT_3D ( 'NONE', #344, #2867, #4340 ) ;
#4633 = LINE ( 'NONE', #206, #2450 ) ;
#4634 = VERTEX_POINT ( 'NONE', #555 ) ;
#4635 = ORIENTED_EDGE ( 'NONE', *, *, #2370, .F. ) ;
#4636 = ORIENTED_EDGE ( 'NONE', *, *, #4006, .T. ) ;
#4637 = DIRECTION ( 'NONE',  ( -0.000000000000000000, 1.000000000000000000, -0.000000000000000000 ) ) ;
#4638 = DIRECTION ( 'NONE',  ( 1.000000000000000000, 0.000000000000000000, 0.000000000000000000 ) ) ;
#4639 = DIRECTION ( 'NONE',  ( 0.000000000000000000, 0.000000000000000000, 1.000000000000000000 ) ) ;
#4640 = DIRECTION ( 'NONE',  ( -0.000000000000000000, -1.000000000000000000, 0.000000000000000000 ) ) ;
#4641 = CARTESIAN_POINT ( 'NONE',  ( -1.500000000000000000, 0.4999999999999998890, 1.020871215252207698 ) ) ;
#4642 = ORIENTED_EDGE ( 'NONE', *, *, #3941, .T. ) ;
#4643 = ADVANCED_FACE ( 'NONE', ( #926 ), #3093, .F. ) ;
#4644 = FACE_OUTER_BOUND ( 'NONE', #274, .T. ) ;
#4645 = EDGE_CURVE ( 'NONE', #3890, #3659, #4543, .T. ) ;
#4646 = VECTOR ( 'NONE', #4531, 1000.000000000000000 ) ;
#4647 = ORIENTED_EDGE ( 'NONE', *, *, #3854, .T. ) ;
#4648 = LINE ( 'NONE', #3632, #2621 ) ;
#4649 = ORIENTED_EDGE ( 'NONE', *, *, #4597, .T. ) ;
#4650 = ADVANCED_FACE ( 'NONE', ( #3124 ), #1705, .F. ) ;
#4651 = DIRECTION ( 'NONE',  ( -0.000000000000000000, -1.000000000000000000, -0.000000000000000000 ) ) ;
#4652 = ORIENTED_EDGE ( 'NONE', *, *, #3035, .F. ) ;
#4653 = ORIENTED_EDGE ( 'NONE', *, *, #3449, .T. ) ;
#4654 = VERTEX_POINT ( 'NONE', #2019 ) ;
#4655 = DIRECTION ( 'NONE',  ( 0.000000000000000000, 0.000000000000000000, 1.000000000000000000 ) ) ;
#4656 = DIRECTION ( 'NONE',  ( -1.000000000000000000, -0.000000000000000000, -0.000000000000000000 ) ) ;
#4657 = CARTESIAN_POINT ( 'NONE',  ( 1.450000000000000178, 0.9999999999999997780, -1.249999999999999778 ) ) ;
#4658 = ADVANCED_FACE ( 'NONE', ( #3070 ), #1251, .F. ) ;
#4659 = DIRECTION ( 'NONE',  ( 1.000000000000000000, -0.000000000000000000, 0.000000000000000000 ) ) ;
#4660 = CARTESIAN_POINT ( 'NONE',  ( -1.350000000000000311, 1.149999999999999689, 1.099999999999999645 ) ) ;
#4661 = LINE ( 'NONE', #3649, #1997 ) ;
#4662 = CARTESIAN_POINT ( 'NONE',  ( -1.350000000000000311, 0.9999999999999997780, -1.099999999999999867 ) ) ;
#4663 = VERTEX_POINT ( 'NONE', #230 ) ;
#4664 = DIRECTION ( 'NONE',  ( 0.000000000000000000, 1.000000000000000000, 0.000000000000000000 ) ) ;
#4665 = CARTESIAN_POINT ( 'NONE',  ( -1.600000000000000089, 1.750000000000001332, 0.9999999999999997780 ) ) ;
#4666 = AXIS2_PLACEMENT_3D ( 'NONE', #4195, #2769, #3488 ) ;
#4667 = ORIENTED_EDGE ( 'NONE', *, *, #3830, .F. ) ;
#4668 = ADVANCED_FACE ( 'NONE', ( #1654 ), #3170, .F. ) ;
#4669 = DIRECTION ( 'NONE',  ( -0.000000000000000000, -1.000000000000000000, -0.000000000000000000 ) ) ;
#4670 = AXIS2_PLACEMENT_3D ( 'NONE', #2782, #286, #1325 ) ;
#4671 = ORIENTED_EDGE ( 'NONE', *, *, #2499, .T. ) ;
#4672 = CARTESIAN_POINT ( 'NONE',  ( 1.450000000000000178, 0.9999999999999997780, -1.249999999999999778 ) ) ;
#4673 = CARTESIAN_POINT ( 'NONE',  ( 1.549999999999991385, 0.000000000000000000, -0.3250000000000000111 ) ) ;
#4674 = AXIS2_PLACEMENT_3D ( 'NONE', #3997, #1766, #1819 ) ;
#4675 = FACE_OUTER_BOUND ( 'NONE', #3091, .T. ) ;
#4676 = ORIENTED_EDGE ( 'NONE', *, *, #836, .F. ) ;
#4677 = CARTESIAN_POINT ( 'NONE',  ( 1.350000000000000311, 0.9999999999999997780, -1.199999999999999956 ) ) ;
#4678 = COLOUR_RGB ( '',0.9686274509803921573, 0.8784313725490195957, 0.5999999999999999778 ) ;
#4679 = ORIENTED_EDGE ( 'NONE', *, *, #1480, .T. ) ;
#4680 = ADVANCED_FACE ( 'NONE', ( #3638 ), #2926, .T. ) ;
#4681 = CARTESIAN_POINT ( 'NONE',  ( 1.450000000000000400, 0.9999999999999997780, -1.000000000000000000 ) ) ;
#4682 = ORIENTED_EDGE ( 'NONE', *, *, #1507, .T. ) ;
#4683 = CARTESIAN_POINT ( 'NONE',  ( 1.500000000000000000, 0.4999999999999998890, -1.020871215252207698 ) ) ;
#4684 = CARTESIAN_POINT ( 'NONE',  ( -1.600000000000000089, 0.000000000000000000, 1.249999999999999778 ) ) ;
#4685 = CIRCLE ( 'NONE', #358, 0.04999999999999991257 ) ;
#4686 = DIRECTION ( 'NONE',  ( 0.000000000000000000, -1.000000000000000000, 0.000000000000000000 ) ) ;
#4687 = FACE_OUTER_BOUND ( 'NONE', #2333, .T. ) ;
#4688 = CARTESIAN_POINT ( 'NONE',  ( 1.500000000000000000, 0.4999999999999998890, 1.020871215252207698 ) ) ;
#4689 = DIRECTION ( 'NONE',  ( -1.000000000000000000, 0.000000000000000000, 0.000000000000000000 ) ) ;
#4690 = DIRECTION ( 'NONE',  ( -0.000000000000000000, -1.000000000000000000, 0.000000000000000000 ) ) ;
#4691 = AXIS2_PLACEMENT_3D ( 'NONE', #2798, #4585, #4226 ) ;
#4692 = VERTEX_POINT ( 'NONE', #4677 ) ;
#4693 =( LENGTH_UNIT ( ) NAMED_UNIT ( * ) SI_UNIT ( .MILLI., .METRE. ) );
#4694 = DIRECTION ( 'NONE',  ( -0.000000000000000000, -1.000000000000000000, -0.000000000000000000 ) ) ;
#4695 = PLANE ( 'NONE',  #695 ) ;
#4696 = ORIENTED_EDGE ( 'NONE', *, *, #1939, .T. ) ;
#4697 = CARTESIAN_POINT ( 'NONE',  ( 1.500000000000000000, 0.4999999999999997780, 1.020871215252207698 ) ) ;
#4698 = VERTEX_POINT ( 'NONE', #675 ) ;
#4699 = PRODUCT_DEFINITION ( 'UNKNOWN', '', #1532, #4058 ) ;
#4700 = EDGE_CURVE ( 'NONE', #4221, #4309, #1784, .T. ) ;
#4701 = CYLINDRICAL_SURFACE ( 'NONE', #1729, 0.1999999999999999833 ) ;
#4702 = VERTEX_POINT ( 'NONE', #400 ) ;
#4703 =( LENGTH_UNIT ( ) NAMED_UNIT ( * ) SI_UNIT ( .MILLI., .METRE. ) );
#4704 = VERTEX_POINT ( 'NONE', #351 ) ;
#4705 = SURFACE_STYLE_USAGE ( .BOTH. , #977 ) ;
#4706 = CIRCLE ( 'NONE', #4480, 0.1524669288197409156 ) ;
#4707 = DIRECTION ( 'NONE',  ( 0.000000000000000000, -1.000000000000000000, 0.000000000000000000 ) ) ;
#4708 = ORIENTED_EDGE ( 'NONE', *, *, #737, .F. ) ;
#4709 = DIRECTION ( 'NONE',  ( 0.000000000000000000, 0.000000000000000000, -1.000000000000000000 ) ) ;
#4710 = CARTESIAN_POINT ( 'NONE',  ( 1.600000000000000089, 1.750000000000001332, 1.249999999999999778 ) ) ;
#4711 = EDGE_CURVE ( 'NONE', #4358, #696, #729, .T. ) ;
#4712 = SURFACE_SIDE_STYLE ('',( #452 ) ) ;
#4713 = VECTOR ( 'NONE', #3922, 1000.000000000000000 ) ;
ENDSEC;
END-ISO-10303-21;
